player_id,player_display_name,position,position_group,season,week,season_type,game_id,team,opponent_team,def_tackles_solo,def_tackles_with_assist,def_tackle_assists,def_tackles_for_loss,def_tackles_for_loss_yards,def_fumbles_forced,def_sacks,def_sack_yards,def_qb_hits,def_interceptions,def_interception_yards,def_pass_defended,def_tds,def_fumbles,def_safeties
00-0026190,Calais Campbell,DE,DL,2026,1,REG,2026_01_BAL_IND,BAL,IND,0,0,2,0,0,0,0,0,0,0,0,0,0,0,0
00-0027969,Cameron Heyward,DE,DL,2026,1,REG,2026_01_ATL_PIT,PIT,ATL,2,0,1,0,0,0,0,0,0,0,0,3,0,0,0
00-0029606,Harrison Smith,FS,DB,2026,1,REG,2026_01_GB_MIN,MIN,GB,1,0,0,0,0,0,0,0,1,0,0,1,0,0,0
00-0029607,Demario Davis,OLB,LB,2026,1,REG,2026_01_NYJ_TEN,NYJ,TEN,4,0,4,0,0,0,0,0,0,0,0,1,0,0,0
00-0030294,Tony Jefferson,S,DB,2026,1,REG,2026_01_ARI_LAC,LAC,ARI,1,0,2,0,0,0,0,0,0,0,0,1,0,0,0
00-0031040,Khalil Mack,OLB,LB,2026,1,REG,2026_01_ARI_LAC,LAC,ARI,1,0,1,1,1,0,0,0,0,0,0,0,0,0,0
00-0031360,Kyle Van Noy,MLB,LB,2026,1,REG,2026_01_GB_MIN,MIN,GB,1,0,0,0,0,0,0,0,0,0,0,0,0,0,0
00-0031364,Jadeveon Clowney,DE,DL,2026,1,REG,2026_01_BUF_HOU,HOU,BUF,1,0,0,1,6,0,1,6,2,0,0,0,0,0,0
00-0031411,DeMarcus Lawrence,LB,LB,2026,1,REG,2026_01_NE_SEA,SEA,NE,1,0,2,0,0,0,0,0,1,0,0,0,0,0,0
00-0031565,Danielle Hunter,DE,DL,2026,1,REG,2026_01_BUF_HOU,HOU,BUF,0,0,0,0,0,0,0,0,0,0,0,1,0,0,0
00-0031576,Za'Darius Smith,DE,DL,2026,1,REG,2026_01_ATL_PIT,ATL,PIT,2,1,0,3,18,0,2,15,2,0,0,0,0,0,0
00-0031583,Grady Jarrett,DT,DL,2026,1,REG,2026_01_CHI_CAR,CHI,CAR,0,0,3,0,0,0,0,0,1,0,0,0,0,0,0
00-0031898,Alex Singleton,LB,LB,2026,1,REG,2026_01_DEN_KC,DEN,KC,5,0,10,0,0,0,0,0,0,0,0,0,0,0,0
00-0031933,Leonard Williams,DE,DL,2026,1,REG,2026_01_NE_SEA,SEA,NE,3,0,1,1,1,0,1,1,1,0,0,0,0,0,0
00-0031957,Rakeem Nunez-Roches,DT,DL,2026,1,REG,2026_01_TB_CIN,TB,CIN,0,0,1,0,0,0,0,0,0,0,0,0,0,0,0
00-0032146,Bud Dupree,OLB,LB,2026,1,REG,2026_01_ARI_LAC,LAC,ARI,1,0,1,0,0,0,0,0,0,0,0,0,0,0,0
00-0032164,Arik Armstead,DT,DL,2026,1,REG,2026_01_CLE_JAX,JAX,CLE,1,0,1,0,0,0,0,0,0,0,0,0,0,0,0
00-0032265,Mario Edwards,DT,DL,2026,1,REG,2026_01_BUF_HOU,HOU,BUF,0,0,1,0,0,0,0.5,2.5,1,0,0,0,0,0,0
00-0032378,DeForest Buckner,DT,DL,2026,1,REG,2026_01_BAL_IND,IND,BAL,0,0,2,0,0,0,0.5,2.5,1,0,0,0,0,0,0
00-0032387,Jarran Reed,DT,DL,2026,1,REG,2026_01_NE_SEA,SEA,NE,1,0,0,0,0,0,0,0,0,0,0,0,0,0,0
00-0032424,DJ Reader,DT,DL,2026,1,REG,2026_01_DAL_NYG,NYG,DAL,1,0,1,0,0,0,0,0,0,0,0,0,0,0,0
00-0032759,Sheldon Rankins,DT,DL,2026,1,REG,2026_01_BUF_HOU,HOU,BUF,0,0,3,0,0,0,0,0,0,0,0,1,0,0,0
00-0032762,Chris Jones,DE,DL,2026,1,REG,2026_01_DEN_KC,KC,DEN,0,0,1,0,0,0,0,0,0,0,0,0,0,0,0
00-0032889,A'Shawn Robinson,DT,DL,2026,1,REG,2026_01_TB_CIN,TB,CIN,3,0,2,0,0,0,0,0,1,0,0,0,0,0,0
00-0033038,Eric Murray,S,DB,2026,1,REG,2026_01_CLE_JAX,JAX,CLE,1,0,1,0,0,0,0,0,0,0,0,0,0,0,0
00-0033051,David Onyemata,DT,DL,2026,1,REG,2026_01_NYJ_TEN,NYJ,TEN,0,0,0,0,0,0,0,0,1,0,0,0,0,0,0
00-0033055,Jalen Ramsey,CB,DB,2026,1,REG,2026_01_ATL_PIT,PIT,ATL,3,0,1,0,0,1,0,0,0,0,0,1,0,0,0
00-0033093,Jonathan Bullard,DE,DL,2026,1,REG,2026_01_DAL_NYG,DAL,NYG,0,0,2,0,0,0,0.5,0,1,0,0,0,0,0,0
00-0033109,Javon Hargrave,NT,DL,2026,1,REG,2026_01_GB_MIN,GB,MIN,1,0,0,0,0,0,0,0,0,0,0,0,0,0,0
00-0033120,Kenny Clark,NT,DL,2026,1,REG,2026_01_DAL_NYG,DAL,NYG,2,0,0,0,0,0,0,0,0,0,0,0,0,0,0
00-0033131,Maliek Collins,DT,DL,2026,1,REG,2026_01_CLE_JAX,CLE,JAX,0,0,0,0,0,0,0,0,1,0,0,0,0,0,0
00-0033132,Kevin Byard,FS,DB,2026,1,REG,2026_01_NE_SEA,NE,SEA,2,0,3,0,0,0,0,0,0,0,0,0,0,0,0
00-0033281,Marlon Humphrey,CB,DB,2026,1,REG,2026_01_BAL_IND,BAL,IND,3,0,1,0,0,1,0,0,0,0,0,1,0,0,0
00-0033294,Chuck Clark,SAF,DB,2026,1,REG,2026_01_NO_DET,DET,NO,2,0,1,0,0,0,0,0,1,1,1,1,0,0,0
00-0033297,D.J. Jones,DT,DL,2026,1,REG,2026_01_DEN_KC,DEN,KC,0,0,1,0,0,0,0,0,0,0,0,0,0,0,0
00-0033336,Eric Wilson,LB,LB,2026,1,REG,2026_01_GB_MIN,MIN,GB,2,0,1,0,0,0,0,0,1,0,0,0,0,0,0
00-0033381,Adam Butler,DT,DL,2026,1,REG,2026_01_MIA_LV,LV,MIA,0,0,1,0,0,0,0,0,0,0,0,0,0,0,0
00-0033523,Jonathan Allen,DT,DL,2026,1,REG,2026_01_TB_CIN,CIN,TB,2,0,1,1,9,0,1,9,1,0,0,0,0,0,0
00-0033546,Dalvin Tomlinson,DE,DL,2026,1,REG,2026_01_ARI_LAC,LAC,ARI,0,0,4,0,0,0,0,0,0,0,0,0,0,0,0
00-0033551,Rasul Douglas,CB,DB,2026,1,REG,2026_01_WAS_PHI,WAS,PHI,1,0,0,0,0,0,0,0,0,0,0,1,0,0,0
00-0033860,Davon Godchaux,DT,DL,2026,1,REG,2026_01_NO_DET,NO,DET,2,0,2,1,6,0,0,0,0,0,0,0,0,0,0
00-0033877,Malik Hooker,FS,DB,2026,1,REG,2026_01_DAL_NYG,DAL,NYG,1,0,0,0,0,0,0,0,0,0,0,0,0,0,0
00-0033886,T.J. Watt,OLB,LB,2026,1,REG,2026_01_ATL_PIT,PIT,ATL,4,0,0,3,10,0,2,9,2,1,35,1,1,0,0
00-0033890,Budda Baker,S,DB,2026,1,REG,2026_01_ARI_LAC,ARI,LAC,4,0,1,0,0,0,0.5,4,1,0,0,0,0,0,0
00-0033914,Alex Anzalone,MLB,LB,2026,1,REG,2026_01_TB_CIN,TB,CIN,2,0,5,0,0,0,0,0,0,0,0,0,0,0,0
00-0033928,Jourdan Lewis,CB,DB,2026,1,REG,2026_01_CLE_JAX,JAX,CLE,1,0,2,0,0,0,0,0,0,0,0,0,0,0,0
00-0033935,Trey Hendrickson,LB,LB,2026,1,REG,2026_01_BAL_IND,BAL,IND,1,0,0,0,0,0,0,0,0,0,0,0,0,0,0
00-0033941,Rayshawn Jenkins,DB,DB,2026,1,REG,2026_01_ATL_PIT,PIT,ATL,1,0,1,0,0,0,0,0,0,0,0,0,0,0,0
00-0033945,Samson Ebukam,DE,DL,2026,1,REG,2026_01_ATL_PIT,ATL,PIT,0,0,1,0,0,0,0,0,2,0,0,0,0,0,0
00-0033952,Grover Stewart,DT,DL,2026,1,REG,2026_01_BAL_IND,IND,BAL,0,0,1,0,0,0,0.5,2.5,1,0,0,0,0,0,0
00-0033964,Al-Quadin Muhammad,LB,LB,2026,1,REG,2026_01_TB_CIN,TB,CIN,1,0,0,0,0,0,0,0,2,0,0,0,0,0,0
00-0034091,George Odum,DB,DB,2026,1,REG,2026_01_BUF_HOU,HOU,BUF,0,0,1,0,0,0,0,0,0,0,0,0,0,0,0
00-0034163,Jacob Martin,DE,DL,2026,1,REG,2026_01_NYJ_TEN,TEN,NYJ,0,0,0,0,0,0,0,0,1,0,0,0,0,0,0
00-0034248,Elijah Campbell,DB,DB,2026,1,REG,2026_01_DAL_NYG,NYG,DAL,0,0,0,0,0,0,0,0,0,0,0,0,0,0,0
00-0034275,Foley Fatukasi,DT,DL,2026,1,REG,2026_01_MIA_LV,LV,MIA,1,0,3,0,0,0,0.5,3.5,1,0,0,1,0,0,0
00-0034278,Tremon Smith,CB,DB,2026,1,REG,2026_01_BUF_HOU,HOU,BUF,1,0,0,0,0,0,0,0,0,0,0,0,0,0,0
00-0034285,Zach Sieler,DE,DL,2026,1,REG,2026_01_MIA_LV,MIA,LV,2,0,1,2,7,0,0,0,0,0,0,0,0,0,0
00-0034302,Frankie Luvu,LB,LB,2026,1,REG,2026_01_WAS_PHI,WAS,PHI,1,0,3,1,9,0,1,9,1,0,0,0,0,0,0
00-0034320,Kentavius Street,DE,DL,2026,1,REG,2026_01_CHI_CAR,CHI,CAR,1,0,1,1,2,0,1,2,1,0,0,0,0,0,0
00-0034333,Daron Payne,NT,DL,2026,1,REG,2026_01_WAS_PHI,WAS,PHI,1,0,0,0,0,0,0,0,0,0,0,0,0,0,0
00-0034350,Uchenna Nwosu,LB,LB,2026,1,REG,2026_01_NE_SEA,SEA,NE,4,0,1,1,3,0,0,0,0,0,0,1,0,0,0
00-0034356,Donte Jackson,CB,DB,2026,1,REG,2026_01_ARI_LAC,LAC,ARI,2,0,0,0,0,0,0,0,0,0,0,0,0,0,0
00-0034361,Justin Reid,S,DB,2026,1,REG,2026_01_NO_DET,NO,DET,5,0,3,1,3,0,0,0,0,0,0,0,0,0,0
00-0034376,Taron Johnson,CB,DB,2026,1,REG,2026_01_MIA_LV,LV,MIA,0,1,2,1,1,0,0,0,0,0,0,0,0,0,0
00-0034377,Avonte Maddox,FS,DB,2026,1,REG,2026_01_NO_DET,DET,NO,4,0,3,0,0,0,0,0,0,0,0,2,0,0,0
00-0034381,Josh Sweat,LB,LB,2026,1,REG,2026_01_ARI_LAC,ARI,LAC,0,1,1,1,1,0,0,0,0,0,0,0,0,0,0
00-0034384,D.J. Reed,CB,DB,2026,1,REG,2026_01_NO_DET,DET,NO,7,0,3,0,0,0,0,0,0,0,0,1,0,0,0
00-0034391,Siran Neal,DB,DB,2026,1,REG,2026_01_SF_LA,SF,LA,1,0,0,0,0,1,0,0,0,0,0,0,0,0,0
00-0034397,Tim Settle,DT,DL,2026,1,REG,2026_01_WAS_PHI,WAS,PHI,0,0,3,0,0,0,0,0,0,0,0,0,0,0,0
00-0034413,Foye Oluokun,LB,LB,2026,1,REG,2026_01_CLE_JAX,JAX,CLE,3,0,1,0,0,0,0,0,0,1,22,1,0,0,0
00-0034431,Zaire Franklin,OLB,LB,2026,1,REG,2026_01_GB_MIN,GB,MIN,2,0,2,0,0,0,0,0,1,0,0,0,0,0,0
00-0034446,Jalen Davis,CB,DB,2026,1,REG,2026_01_TB_CIN,CIN,TB,2,0,3,1,4,0,0,0,0,0,0,1,0,0,0
00-0034465,Jeremy Reaves,DB,DB,2026,1,REG,2026_01_WAS_PHI,WAS,PHI,3,0,2,0,0,0,0,0,0,0,0,0,0,0,0
00-0034473,Dennis Gardeck,LB,LB,2026,1,REG,2026_01_CLE_JAX,JAX,CLE,1,0,1,0,0,0,0,0,1,0,0,0,0,0,0
00-0034485,Jonathan Owens,SAF,DB,2026,1,REG,2026_01_BAL_IND,IND,BAL,1,0,0,0,0,0,0,0,0,0,0,0,0,0,0
00-0034573,Charvarius Ward,CB,DB,2026,1,REG,2026_01_BAL_IND,IND,BAL,2,0,0,0,0,0,0,0,0,0,0,0,0,0,0
00-0034639,Mike Ford,DB,DB,2026,1,REG,2026_01_ATL_PIT,ATL,PIT,2,0,0,0,0,0,0,0,1,0,0,0,0,0,0
00-0034657,Matt Dickerson,DT,DL,2026,1,REG,2026_01_CLE_JAX,JAX,CLE,0,0,1,0,0,0,0,0,1,0,0,0,0,0,0
00-0034673,Tremaine Edmunds,MLB,LB,2026,1,REG,2026_01_DAL_NYG,NYG,DAL,7,0,1,0,0,0,0,0,0,0,0,0,0,0,0
00-0034675,Jessie Bates,FS,DB,2026,1,REG,2026_01_ATL_PIT,ATL,PIT,3,0,3,0,0,0,0,0,0,0,0,0,0,0,0
00-0034720,Robert Spillane,LB,LB,2026,1,REG,2026_01_NE_SEA,NE,SEA,7,0,1,0,0,0,0,0,0,0,0,0,0,0,0
00-0034754,Oren Burks,ILB,LB,2026,1,REG,2026_01_TB_CIN,CIN,TB,0,0,1,0,0,0,0,0,0,0,0,0,0,0,0
00-0034760,Nathan Shepherd,DE,DL,2026,1,REG,2026_01_NO_DET,NO,DET,1,0,2,0,0,0,0,0,1,0,0,0,0,0,0
00-0034773,Vita Vea,DT,DL,2026,1,REG,2026_01_TB_CIN,TB,CIN,0,0,0,0,0,0,0,0,1,0,0,0,0,0,0
00-0034778,Carlton Davis III,CB,DB,2026,1,REG,2026_01_NE_SEA,NE,SEA,2,0,1,0,0,0,0,0,0,0,0,0,0,0,0
00-0034782,Harrison Phillips,DT,DL,2026,1,REG,2026_01_NYJ_TEN,NYJ,TEN,0,0,1,0,0,0,0,0,1,0,0,0,0,0,0
00-0034790,Derwin James,FS,DB,2026,1,REG,2026_01_ARI_LAC,LAC,ARI,7,0,3,0,0,0,0,0,0,0,0,1,0,0,0
00-0034800,B.J. Hill,DT,DL,2026,1,REG,2026_01_TB_CIN,CIN,TB,0,0,0,0,0,0,0,0,0,0,0,0,0,0,0
00-0034801,Josh Woods,LB,LB,2026,1,REG,2026_01_ATL_PIT,ATL,PIT,1,0,0,0,0,0,0,0,0,0,0,0,0,0,0
00-0034805,John Franklin-Myers,DE,DL,2026,1,REG,2026_01_NYJ_TEN,TEN,NYJ,1,0,2,0,0,0,0,0,0,0,0,0,0,0,0
00-0034807,Ogbo Okoronkwo,DE,DL,2026,1,REG,2026_01_SF_LA,SF,LA,0,0,0,0,0,0,0,0,1,0,0,0,0,0,0
00-0034810,Sebastian Joseph-Day,DT,DL,2026,1,REG,2026_01_ATL_PIT,PIT,ATL,1,0,1,0,0,0,0,0,0,0,0,0,0,0,0
00-0034815,Fred Warner,MLB,LB,2026,1,REG,2026_01_SF_LA,SF,LA,5,0,6,0,0,1,0,0,0,0,0,1,0,0,0
00-0034825,Arden Key,DE,DL,2026,1,REG,2026_01_BAL_IND,IND,BAL,3,0,2,0,0,1,0.5,7.5,1,0,0,0,0,0,0
00-0034832,Bradley Chubb,OLB,LB,2026,1,REG,2026_01_BUF_HOU,BUF,HOU,0,0,4,0,0,0,0,0,2,0,0,0,0,0,0
00-0034843,Mike Hughes,CB,DB,2026,1,REG,2026_01_ATL_PIT,ATL,PIT,2,1,0,0,0,0,0,0,0,0,0,2,0,0,0
00-0034856,Denzel Ward,CB,DB,2026,1,REG,2026_01_CLE_JAX,CLE,JAX,1,0,4,0,0,1,0,0,0,0,0,0,0,0,0
00-0034874,Roquan Smith,ILB,LB,2026,1,REG,2026_01_BAL_IND,BAL,IND,5,0,6,0,0,0,0,0,1,1,1,1,0,0,0
00-0034967,Rashan Gary,LB,LB,2026,1,REG,2026_01_DAL_NYG,DAL,NYG,1,0,1,0,0,0,0,0,1,0,0,0,0,0,0
00-0034973,Maxx Crosby,DE,DL,2026,1,REG,2026_01_MIA_LV,LV,MIA,1,0,1,1,4,0,1.5,8,3,0,0,0,0,0,0
00-0034974,Julian Love,SAF,DB,2026,1,REG,2026_01_NE_SEA,SEA,NE,4,0,2,2,3,0,0,0,0,1,0,1,0,0,0
00-0034982,Dre Greenlaw,LB,LB,2026,1,REG,2026_01_SF_LA,SF,LA,1,0,5,0,0,0,0,0,0,0,0,0,0,0,0
00-0034993,Marcus Epps,SAF,DB,2026,1,REG,2026_01_WAS_PHI,PHI,WAS,5,0,2,0,0,0,0,0,0,0,0,0,0,0,0
00-0035133,Keisean Nixon,DB,DB,2026,1,REG,2026_01_GB_MIN,GB,MIN,3,0,2,1,1,0,0.5,4,2,1,11,1,0,0,0
00-0035144,Mack Wilson,LB,LB,2026,1,REG,2026_01_ARI_LAC,ARI,LAC,2,0,4,0,0,0,0,0,0,0,0,1,0,0,0
00-0035166,Azeez Al-Shaair,LB,LB,2026,1,REG,2026_01_BUF_HOU,HOU,BUF,5,0,3,1,1,0,0,0,0,0,0,0,0,0,0
00-0035202,Del'Shawn Phillips,LB,LB,2026,1,REG,2026_01_ARI_LAC,LAC,ARI,3,0,3,0,0,0,0,0,1,0,0,0,0,0,0
00-0035227,P.J. Locke,DB,DB,2026,1,REG,2026_01_DAL_NYG,DAL,NYG,1,0,1,0,0,0,0,0,0,0,0,0,0,0,0
00-0035230,Ed Oliver,DT,DL,2026,1,REG,2026_01_BUF_HOU,BUF,HOU,2,0,3,1,2,0,0,0,1,0,0,0,0,0,0
00-0035236,Byron Murphy,CB,DB,2026,1,REG,2026_01_GB_MIN,MIN,GB,7,0,1,0,0,0,0,0,0,0,0,1,0,0,0
00-0035240,Jahlani Tavai,LB,LB,2026,1,REG,2026_01_CLE_JAX,JAX,CLE,2,0,1,0,0,0,0,0,0,0,0,0,0,0,0
00-0035248,Zach Allen,DE,DL,2026,1,REG,2026_01_DEN_KC,DEN,KC,3,0,2,2,12,0,2,12,3,0,0,0,0,0,0
00-0035253,C.J. Gardner-Johnson,SAF,DB,2026,1,REG,2026_01_BUF_HOU,BUF,HOU,6,0,2,0,0,0,0,0,0,0,0,0,0,0,0
00-0035254,Anthony Nelson,LB,LB,2026,1,REG,2026_01_TB_CIN,TB,CIN,1,0,1,0,0,0,0,0,0,0,0,0,0,0,0
00-0035262,Drue Tranquill,LB,LB,2026,1,REG,2026_01_DEN_KC,KC,DEN,2,0,5,0,0,0,0,0,0,0,0,0,0,0,0
00-0035272,Andrew Van Ginkel,OLB,LB,2026,1,REG,2026_01_GB_MIN,MIN,GB,2,0,1,1,5,1,1.5,12.5,2,0,0,0,0,0,0
00-0035276,Blake Cashman,LB,LB,2026,1,REG,2026_01_GB_MIN,MIN,GB,3,2,2,2,4,0,0.5,7.5,2,0,0,0,0,0,0
00-0035277,Mike Jackson,CB,DB,2026,1,REG,2026_01_CHI_CAR,CAR,CHI,2,0,0,0,0,0,0,0,0,0,0,0,0,0,0
00-0035279,Charles Omenihu,DE,DL,2026,1,REG,2026_01_WAS_PHI,WAS,PHI,0,0,0,0,0,0,0,0,0,0,0,1,0,0,0
00-0035286,Cole Holcomb,LB,LB,2026,1,REG,2026_01_ATL_PIT,PIT,ATL,0,0,1,0,0,0,0,0,0,0,0,0,0,0,0
00-0035316,Kaden Elliss,LB,LB,2026,1,REG,2026_01_NO_DET,NO,DET,3,0,6,0,0,0,0,0,3,0,0,1,0,0,0
00-0035357,Cam Lewis,CB,DB,2026,1,REG,2026_01_CHI_CAR,CHI,CAR,5,0,1,0,0,0,0,0,0,0,0,0,0,0,0
00-0035363,Joe Giles-Harris,LB,LB,2026,1,REG,2026_01_TB_CIN,CIN,TB,0,0,1,0,0,0,0,0,0,0,0,0,0,0,0
00-0035378,Andrew Wingard,SAF,DB,2026,1,REG,2026_01_ARI_LAC,ARI,LAC,3,0,1,2,7,1,0,0,0,1,0,1,0,0,0
00-0035386,T.J. Edwards,LB,LB,2026,1,REG,2026_01_CHI_CAR,CHI,CAR,0,0,1,0,0,0,0,0,0,0,0,0,0,0,0
00-0035402,Carl Granderson,DE,DL,2026,1,REG,2026_01_NO_DET,NO,DET,2,0,0,1,2,0,1,2,1,0,0,0,0,0,0
00-0035409,Shy Tuttle,DT,DL,2026,1,REG,2026_01_WAS_PHI,WAS,PHI,0,0,1,0,0,0,0,0,0,0,0,0,0,0,0
00-0035525,Devin Bush,LB,LB,2026,1,REG,2026_01_CHI_CAR,CHI,CAR,2,0,4,0,0,0,0,0,1,0,0,0,0,0,0
00-0035632,Amani Hooker,SAF,DB,2026,1,REG,2026_01_NYJ_TEN,TEN,NYJ,5,1,4,1,1,0,0,0,0,0,0,0,0,0,0
00-0035636,L.J. Collier,DE,DL,2026,1,REG,2026_01_ARI_LAC,ARI,LAC,0,0,1,0,0,0,0,0,0,0,0,0,0,0,0
00-0035637,Rock Ya-Sin,CB,DB,2026,1,REG,2026_01_NO_DET,DET,NO,7,0,0,0,0,0,0,0,0,0,0,0,0,0,0
00-0035642,Josh Hines-Allen,DE,DL,2026,1,REG,2026_01_CLE_JAX,JAX,CLE,2,0,3,1,1,1,1.5,5,2,0,0,0,0,0,0
00-0035643,Jeffery Simmons,DT,DL,2026,1,REG,2026_01_NYJ_TEN,TEN,NYJ,2,0,2,0,0,0,0,0,0,0,0,0,0,0,0
00-0035647,Montez Sweat,DE,DL,2026,1,REG,2026_01_CHI_CAR,CHI,CAR,1,0,1,1,6,0,1,6,1,0,0,0,0,0,0
00-0035667,Greg Gaines,DT,DL,2026,1,REG,2026_01_BUF_HOU,BUF,HOU,1,0,1,0,0,0,0,0,0,0,0,0,0,0,0
00-0035669,Nick Scott,SAF,DB,2026,1,REG,2026_01_CHI_CAR,CAR,CHI,5,0,2,0,0,0,0,0,0,0,0,0,0,0,0
00-0035672,Cody Barton,LB,LB,2026,1,REG,2026_01_NYJ_TEN,TEN,NYJ,1,0,2,0,0,0,0,0,0,0,0,0,0,0,0
00-0035674,Jerry Tillery,DT,DL,2026,1,REG,2026_01_BAL_IND,IND,BAL,1,0,2,0,0,0,0,0,0,0,0,0,0,0,0
00-0035678,Dre'Mont Jones,DE,DL,2026,1,REG,2026_01_NE_SEA,NE,SEA,1,0,1,1,5,0,1,5,4,0,0,0,0,0,0
00-0035680,Quincy Williams,LB,LB,2026,1,REG,2026_01_CLE_JAX,CLE,JAX,3,0,1,0,0,0,0,0,0,0,0,0,0,0,0
00-0035683,Dexter Lawrence,DT,DL,2026,1,REG,2026_01_TB_CIN,CIN,TB,0,0,0,0,0,0,0,0,1,0,0,0,0,0,0
00-0035687,Bobby Okereke,ILB,LB,2026,1,REG,2026_01_CHI_CAR,CAR,CHI,3,0,3,1,1,1,0,0,0,0,0,0,0,0,0
00-0035692,Clelin Ferrell,DE,DL,2026,1,REG,2026_01_MIA_LV,MIA,LV,0,0,1,0,0,0,0,0,0,0,0,0,0,0,0
00-0035699,Jamel Dean,CB,DB,2026,1,REG,2026_01_ATL_PIT,PIT,ATL,3,0,2,0,0,1,0,0,0,0,0,0,0,0,0
00-0035705,Jalen Thompson,DB,DB,2026,1,REG,2026_01_DAL_NYG,DAL,NYG,3,0,6,0,0,0,0,0,0,0,0,0,0,0,0
00-0035707,Devin White,LB,LB,2026,1,REG,2026_01_NO_DET,DET,NO,1,0,2,0,0,0,0,0,0,0,0,0,0,0,0
00-0035713,Brian Burns,LB,LB,2026,1,REG,2026_01_DAL_NYG,NYG,DAL,2,0,0,0,0,0,0,0,0,0,0,0,0,0,0
00-0035717,Nick Bosa,DE,DL,2026,1,REG,2026_01_SF_LA,SF,LA,3,0,1,2,2,0,0,0,1,0,0,0,0,0,0
00-0035718,Quinnen Williams,DT,DL,2026,1,REG,2026_01_DAL_NYG,DAL,NYG,1,0,1,0,0,1,0,0,1,0,0,0,0,0,0
00-0035763,Malcolm Roach,DT,DL,2026,1,REG,2026_01_DEN_KC,DEN,KC,2,0,0,0,0,0,0,0,0,0,0,1,0,0,0
00-0035795,James Pierre,CB,DB,2026,1,REG,2026_01_GB_MIN,MIN,GB,4,0,0,0,0,0,0,0,0,1,28,2,0,0,0
00-0035933,Michael Hoecht,LB,LB,2026,1,REG,2026_01_BUF_HOU,BUF,HOU,1,0,4,0,0,0,0,0,0,0,0,0,0,0,0
00-0036037,Sam Franklin Jr.,SAF,DB,2026,1,REG,2026_01_BUF_HOU,BUF,HOU,0,0,0,0,0,0,0,0,0,0,0,0,0,0,0
00-0036081,Broderick Washington,DT,DL,2026,1,REG,2026_01_BAL_IND,BAL,IND,1,0,0,0,0,0,0,0,0,0,0,1,0,0,0
00-0036124,Khalil Dorsey,CB,DB,2026,1,REG,2026_01_NO_DET,DET,NO,1,0,1,0,0,0,0,0,0,0,0,0,0,0,0
00-0036157,Kristian Welch,LB,LB,2026,1,REG,2026_01_GB_MIN,GB,MIN,1,0,0,0,0,0,0,0,0,0,0,0,0,0,0
00-0036159,Joshua Uche,LB,LB,2026,1,REG,2026_01_MIA_LV,MIA,LV,1,0,3,0,0,0,0,0,0,0,0,0,0,0,0
00-0036181,Teair Tart,DT,DL,2026,1,REG,2026_01_ARI_LAC,LAC,ARI,1,0,1,0,0,0,0,0,0,0,0,0,0,0,0
00-0036192,A.J. Epenesa,LB,LB,2026,1,REG,2026_01_WAS_PHI,PHI,WAS,1,0,1,0,0,0,0,0,0,0,0,0,0,0,0
00-0036193,Anfernee Jennings,LB,LB,2026,1,REG,2026_01_NO_DET,NO,DET,0,0,1,0,0,0,0,0,0,0,0,0,0,0,0
00-0036204,LaCale London,DE,DL,2026,1,REG,2026_01_ATL_PIT,ATL,PIT,1,0,2,0,0,0,0,0,0,0,0,0,0,0,0
00-0036220,Derrick Brown,DT,DL,2026,1,REG,2026_01_CHI_CAR,CAR,CHI,3,0,0,0,0,0,0,0,1,0,0,0,0,0,0
00-0036221,Brandon Jones,SAF,DB,2026,1,REG,2026_01_DEN_KC,DEN,KC,1,0,4,0,0,0,0,0,0,1,24,1,0,0,0
00-0036222,Isaiah Rodgers,CB,DB,2026,1,REG,2026_01_GB_MIN,MIN,GB,3,0,0,0,0,0,0,0,0,0,0,0,0,0,0
00-0036231,Kyle Dugger,SAF,DB,2026,1,REG,2026_01_TB_CIN,CIN,TB,0,0,0,0,0,0,0,0,0,0,0,0,0,0,0
00-0036253,Julian Blackmon,SAF,DB,2026,1,REG,2026_01_NO_DET,NO,DET,2,0,4,0,0,0,0,0,0,0,0,0,0,0,0
00-0036260,Javon Kinlaw,DT,DL,2026,1,REG,2026_01_WAS_PHI,WAS,PHI,1,0,1,1,2,0,0,0,0,0,0,0,0,0,0
00-0036262,DaVon Hamilton,DT,DL,2026,1,REG,2026_01_CLE_JAX,JAX,CLE,0,0,2,0,0,0,0,0,1,0,0,0,0,0,0
00-0036266,Jordan Elliott,DT,DL,2026,1,REG,2026_01_NYJ_TEN,TEN,NYJ,0,0,2,0,0,0,0,0,0,0,0,0,0,0,0
00-0036280,Malik Harrison,LB,LB,2026,1,REG,2026_01_DAL_NYG,NYG,DAL,2,0,0,0,0,0,0,0,0,0,0,0,0,0,0
00-0036281,C.J. Henderson,CB,DB,2026,1,REG,2026_01_ATL_PIT,ATL,PIT,1,0,0,0,0,0,0,0,0,0,0,1,0,0,0
00-0036282,Grant Delpit,SAF,DB,2026,1,REG,2026_01_CLE_JAX,CLE,JAX,1,0,2,0,0,0,0,0,0,0,0,1,0,0,0
00-0036285,A.J. Terrell,CB,DB,2026,1,REG,2026_01_ATL_PIT,ATL,PIT,2,0,3,0,0,0,0,0,0,0,0,1,0,0,0
00-0036286,K'Lavon Chaisson,LB,LB,2026,1,REG,2026_01_WAS_PHI,WAS,PHI,0,0,0,0,0,0,0,0,2,0,0,0,0,0,0
00-0036292,Jaylon Johnson,CB,DB,2026,1,REG,2026_01_CHI_CAR,CHI,CAR,1,0,2,0,0,1,0,0,0,0,0,0,0,0,0
00-0036293,Jeremy Chinn,SAF,DB,2026,1,REG,2026_01_MIA_LV,LV,MIA,4,0,1,0,0,1,0,0,0,0,0,0,0,0,0
00-0036298,Akeem Davis-Gaither,LB,LB,2026,1,REG,2026_01_BAL_IND,IND,BAL,5,0,3,0,0,0,0,0,0,0,0,0,0,0,0
00-0036302,Jaylinn Hawkins,SAF,DB,2026,1,REG,2026_01_BAL_IND,BAL,IND,1,0,1,0,0,0,0,0,0,0,0,0,0,0,0
00-0036305,Trevis Gipson,LB,LB,2026,1,REG,2026_01_CHI_CAR,CAR,CHI,2,0,0,1,2,0,0,0,0,0,0,0,0,0,0
00-0036321,Chase Young,DE,DL,2026,1,REG,2026_01_NO_DET,NO,DET,0,0,0,0,0,0,0,0,1,0,0,1,0,0,0
00-0036323,Patrick Queen,LB,LB,2026,1,REG,2026_01_ATL_PIT,PIT,ATL,2,0,5,0,0,0,0,0,0,0,0,0,0,0,0
00-0036329,Ashtyn Davis,SAF,DB,2026,1,REG,2026_01_SF_LA,SF,LA,0,0,2,0,0,0,0,0,0,0,0,0,0,0,0
00-0036333,Alex Highsmith,LB,LB,2026,1,REG,2026_01_ATL_PIT,PIT,ATL,2,0,1,2,16,0,2,16,2,0,0,0,0,0,0
00-0036335,D.J. Wonnum,DE,DL,2026,1,REG,2026_01_NO_DET,DET,NO,1,0,2,0,0,0,0,0,0,0,0,1,0,0,0
00-0036337,James Lynch,DT,DL,2026,1,REG,2026_01_CHI_CAR,CHI,CAR,2,0,1,0,0,0,0,0,0,0,0,0,0,0,0
00-0036338,Troy Dye,LB,LB,2026,1,REG,2026_01_ARI_LAC,LAC,ARI,3,0,2,0,0,0,0.5,0,1,0,0,0,0,0,0
00-0036341,Khalid Kareem,DE,DL,2026,1,REG,2026_01_SF_LA,SF,LA,1,0,1,0,0,0,0,0,0,0,0,0,0,0,0
00-0036348,Josh Metellus,SAF,DB,2026,1,REG,2026_01_GB_MIN,MIN,GB,3,0,1,0,0,0,0,0,0,0,0,0,0,0,0
00-0036349,Kam Curl,SAF,DB,2026,1,REG,2026_01_SF_LA,LA,SF,1,0,2,0,0,0,0,0,0,0,0,0,0,0,0
00-0036356,Isaiah Simmons,SAF,DB,2026,1,REG,2026_01_CHI_CAR,CAR,CHI,0,0,0,0,0,0,0,0,0,0,0,0,0,0,0
00-0036362,Willie Gay Jr.,LB,LB,2026,1,REG,2026_01_MIA_LV,MIA,LV,0,0,1,0,0,0,0,0,0,0,0,0,0,0,0
00-0036366,Neville Gallimore,DT,DL,2026,1,REG,2026_01_CHI_CAR,CHI,CAR,0,0,1,0,0,0,0,0,0,0,0,0,0,0,0
00-0036374,L'Jarius Sneed,CB,DB,2026,1,REG,2026_01_DEN_KC,KC,DEN,7,0,1,0,0,0,0,0,0,0,0,0,0,0,0
00-0036375,Amik Robertson,CB,DB,2026,1,REG,2026_01_WAS_PHI,WAS,PHI,3,0,3,0,0,0,0,0,0,0,0,0,0,0,0
00-0036380,Alohi Gilman,SAF,DB,2026,1,REG,2026_01_DEN_KC,KC,DEN,2,0,1,0,0,0,0,0,0,0,0,0,0,0,0
00-0036388,Xavier McKinney,SAF,DB,2026,1,REG,2026_01_GB_MIN,GB,MIN,3,0,0,0,0,0,0,0,0,0,0,0,0,0,0
00-0036409,Jordyn Brooks,LB,LB,2026,1,REG,2026_01_MIA_LV,MIA,LV,6,0,3,0,0,0,0,0,1,0,0,0,0,0,0
00-0036411,Antoine Winfield Jr.,SAF,DB,2026,1,REG,2026_01_TB_CIN,TB,CIN,7,0,2,0,0,0,0,0,0,0,0,0,0,0,0
00-0036416,Kristian Fulton,CB,DB,2026,1,REG,2026_01_DEN_KC,KC,DEN,1,0,0,0,0,0,0,0,0,0,0,0,0,0,0
00-0036418,Zack Baun,LB,LB,2026,1,REG,2026_01_WAS_PHI,PHI,WAS,7,0,5,1,7,0,0,0,0,0,0,2,0,0,0
00-0036428,Justin Strnad,LB,LB,2026,1,REG,2026_01_DEN_KC,DEN,KC,1,0,2,0,0,0,0,0,0,0,0,0,0,0,0
00-0036479,Kwity Paye,DE,DL,2026,1,REG,2026_01_MIA_LV,LV,MIA,2,1,3,2,8,0,2,13.5,4,0,0,0,0,0,0
00-0036480,Dayo Odeyingbo,DE,DL,2026,1,REG,2026_01_CHI_CAR,CHI,CAR,1,0,0,0,0,0,0,0,0,0,0,0,0,0,0
00-0036500,Jamien Sherwood,LB,LB,2026,1,REG,2026_01_NYJ_TEN,NYJ,TEN,2,0,2,0,0,0,0,0,0,0,0,0,0,0,0
00-0036501,Michael Carter II,CB,DB,2026,1,REG,2026_01_WAS_PHI,PHI,WAS,1,0,0,0,0,0,0,0,0,0,0,0,0,0,0
00-0036563,Deommodore Lenoir,CB,DB,2026,1,REG,2026_01_SF_LA,SF,LA,3,0,3,0,0,0,0,0,0,0,0,0,0,0,0
00-0036564,Talanoa Hufanga,SAF,DB,2026,1,REG,2026_01_DEN_KC,DEN,KC,2,0,4,0,0,0,0,0,0,0,0,0,0,0,0
00-0036568,Roy Lopez,DT,DL,2026,1,REG,2026_01_ARI_LAC,ARI,LAC,2,0,2,0,0,0,0,0,0,0,0,0,0,0,0
00-0036587,Ar'Darius Washington,SAF,DB,2026,1,REG,2026_01_DAL_NYG,NYG,DAL,0,0,1,0,0,0,0,0,0,0,0,0,0,0,0
00-0036617,Asante Samuel Jr.,CB,DB,2026,1,REG,2026_01_ATL_PIT,PIT,ATL,1,0,0,0,0,0,0,0,0,0,0,0,0,0,0
00-0036621,Nick Bolton,LB,LB,2026,1,REG,2026_01_DEN_KC,KC,DEN,2,0,2,0,0,0,0,0,0,0,0,1,0,0,0
00-0036624,Alim McNeill,DT,DL,2026,1,REG,2026_01_NO_DET,DET,NO,1,0,0,1,2,0,1,2,1,0,0,0,0,0,0
00-0036625,Benjamin St-Juste,CB,DB,2026,1,REG,2026_01_GB_MIN,GB,MIN,1,0,0,0,0,0,0,0,0,0,0,0,0,0,0
00-0036629,Camryn Bynum,SAF,DB,2026,1,REG,2026_01_BAL_IND,IND,BAL,7,0,0,0,0,0,0,0,0,0,0,0,0,0,0
00-0036642,Tedarrell Slaton,DT,DL,2026,1,REG,2026_01_TB_CIN,CIN,TB,1,0,0,0,0,0,0,0,0,0,0,0,0,0,0
00-0036648,Nick Niemann,LB,LB,2026,1,REG,2026_01_GB_MIN,GB,MIN,0,0,1,0,0,0,0,0,0,0,0,0,0,0,0
00-0036658,Isaiah McDuffie,LB,LB,2026,1,REG,2026_01_GB_MIN,GB,MIN,1,0,1,0,0,0,0,0,0,0,0,0,0,0,0
00-0036677,Zayne Anderson,SAF,DB,2026,1,REG,2026_01_MIA_LV,MIA,LV,3,0,2,1,2,0,0,0,0,0,0,1,0,0,0
00-0036682,Malik Herring,DE,DL,2026,1,REG,2026_01_MIA_LV,MIA,LV,1,0,0,1,3,0,0,0,0,0,0,0,0,0,0
00-0036683,Devon Key,SAF,DB,2026,1,REG,2026_01_DEN_KC,DEN,KC,0,0,1,0,0,0,0,0,0,0,0,0,0,0,0
00-0036813,Christian Elliss,LB,LB,2026,1,REG,2026_01_NE_SEA,NE,SEA,3,0,1,0,0,0,0,0,0,0,0,0,0,0,0
00-0036844,Garret Wallow,LB,LB,2026,1,REG,2026_01_SF_LA,SF,LA,2,0,0,0,0,0,0,0,0,0,0,0,0,0,0
00-0036867,Chris Rumph II,LB,LB,2026,1,REG,2026_01_NO_DET,NO,DET,0,0,1,0,0,0,0,0,0,0,0,0,0,0,0
00-0036874,Pat Surtain II,CB,DB,2026,1,REG,2026_01_DEN_KC,DEN,KC,1,0,2,0,0,0,0,0,0,0,0,0,0,0,0
00-0036883,Tommy Togiai,DT,DL,2026,1,REG,2026_01_BUF_HOU,HOU,BUF,1,0,1,0,0,0,0,0,0,0,0,0,0,0,0
00-0036888,Damar Hamlin,SAF,DB,2026,1,REG,2026_01_BUF_HOU,BUF,HOU,0,0,2,0,0,0,0,0,0,0,0,0,0,0,0
00-0036901,Eric Stokes,CB,DB,2026,1,REG,2026_01_MIA_LV,LV,MIA,2,0,0,0,0,0,0,0,0,0,0,0,0,0,0
00-0036903,Bobby Brown III,DT,DL,2026,1,REG,2026_01_CHI_CAR,CAR,CHI,0,0,2,0,0,0,0,0,0,0,0,0,0,0,0
00-0036909,Khyiris Tonga,DT,DL,2026,1,REG,2026_01_DEN_KC,KC,DEN,0,0,1,0,0,0,0,0,0,0,0,0,0,0,0
00-0036914,Greg Rousseau,LB,LB,2026,1,REG,2026_01_BUF_HOU,BUF,HOU,4,0,0,2,8,2,2,8,5,0,0,1,0,0,0
00-0036916,Milton Williams,DT,DL,2026,1,REG,2026_01_NE_SEA,NE,SEA,2,0,1,0,0,0,0,0,0,0,0,0,0,0,0
00-0036922,Patrick Johnson,DE,DL,2026,1,REG,2026_01_MIA_LV,LV,MIA,1,0,0,0,0,0,0,0,0,0,0,0,0,0,0
00-0036927,Pete Werner,LB,LB,2026,1,REG,2026_01_NO_DET,NO,DET,3,0,4,1,3,0,0,0,0,0,0,1,0,0,0
00-0036933,Zaven Collins,LB,LB,2026,1,REG,2026_01_ARI_LAC,ARI,LAC,3,0,0,0,0,0,0,0,0,0,0,0,0,0,0
00-0036934,Jaelan Phillips,LB,LB,2026,1,REG,2026_01_CHI_CAR,CAR,CHI,2,0,1,1,6,0,1,6,1,0,0,0,0,0,0
00-0036937,Paulson Adebo,CB,DB,2026,1,REG,2026_01_DAL_NYG,NYG,DAL,3,0,0,0,0,0,0,0,0,0,0,0,0,0,0
00-0036940,Odafe Oweh,LB,LB,2026,1,REG,2026_01_WAS_PHI,WAS,PHI,2,0,1,2,7,0,1,6,1,0,0,0,0,0,0
00-0036941,Andre Cisco,SAF,DB,2026,1,REG,2026_01_NYJ_TEN,NYJ,TEN,6,0,0,0,0,0,0,0,0,0,0,0,0,0,0
00-0036942,Osa Odighizuwa,DT,DL,2026,1,REG,2026_01_SF_LA,SF,LA,1,0,1,0,0,0,0,0,4,0,0,0,0,0,0
00-0036944,Jaycee Horn,CB,DB,2026,1,REG,2026_01_CHI_CAR,CAR,CHI,2,0,1,0,0,0,0,0,0,0,0,0,0,0,0
00-0036962,Tre'von Moehrig,SAF,DB,2026,1,REG,2026_01_CHI_CAR,CAR,CHI,0,0,3,0,0,0,0,0,0,0,0,0,0,0,0
00-0036964,Derrick Barnes,LB,LB,2026,1,REG,2026_01_NO_DET,DET,NO,3,0,3,1,6,0,1,6,1,1,3,2,0,0,0
00-0036974,Tyson Campbell,CB,DB,2026,1,REG,2026_01_CLE_JAX,CLE,JAX,3,0,4,0,0,0,0,0,0,0,0,0,0,0,0
00-0036981,Christian Barmore,DT,DL,2026,1,REG,2026_01_NE_SEA,NE,SEA,1,0,0,0,0,0,0,0,1,0,0,0,0,0,0
00-0036982,Chauncey Golston,DE,DL,2026,1,REG,2026_01_DAL_NYG,NYG,DAL,2,0,2,0,0,0,0,0,0,0,0,0,0,0,0
00-0036986,Nahshon Wright,CB,DB,2026,1,REG,2026_01_NYJ_TEN,NYJ,TEN,1,0,0,0,0,0,0,0,0,0,0,0,0,0,0
00-0036989,Malcolm Koonce,DE,DL,2026,1,REG,2026_01_MIA_LV,LV,MIA,0,0,1,0,0,0,0,0,0,0,0,0,0,0,0
00-0036990,Divine Deablo,LB,LB,2026,1,REG,2026_01_ATL_PIT,ATL,PIT,3,0,4,1,2,0,0,0,0,0,0,0,0,0,0
00-0036992,Elijah Molden,CB,DB,2026,1,REG,2026_01_ARI_LAC,LAC,ARI,3,0,2,0,0,0,0,0,0,0,0,0,0,0,0
00-0036994,Ernest Jones,LB,LB,2026,1,REG,2026_01_NE_SEA,SEA,NE,8,0,5,0,0,0,0,0,0,0,0,0,0,0,0
00-0036996,Greg Newsome II,CB,DB,2026,1,REG,2026_01_DAL_NYG,NYG,DAL,2,0,1,0,0,0,0,0,0,0,0,0,0,0,0
00-0036998,Jevon Holland,SAF,DB,2026,1,REG,2026_01_DAL_NYG,NYG,DAL,2,0,0,0,0,0,0,0,0,1,0,1,0,0,0
00-0037003,Chazz Surratt,LB,LB,2026,1,REG,2026_01_NE_SEA,SEA,NE,1,0,1,0,0,0,0,0,0,0,0,0,0,0,0
00-0037034,Dee Alford,CB,DB,2026,1,REG,2026_01_BUF_HOU,BUF,HOU,0,0,2,0,0,0,0,0,0,0,0,0,0,0,0
00-0037073,Jordan Davis,DT,DL,2026,1,REG,2026_01_WAS_PHI,PHI,WAS,3,0,5,0,0,0,0,0,0,0,0,0,0,0,0
00-0037074,Quay Walker,LB,LB,2026,1,REG,2026_01_MIA_LV,LV,MIA,2,0,4,0,0,0,0,0,0,0,0,0,0,0,0
00-0037075,Devonte Wyatt,DT,DL,2026,1,REG,2026_01_GB_MIN,GB,MIN,3,0,0,0,0,0,0,0,0,0,0,0,0,0,0
00-0037079,Riq Woolen,CB,DB,2026,1,REG,2026_01_WAS_PHI,PHI,WAS,1,0,0,0,0,0,0,0,0,0,0,0,0,0,0
00-0037082,Dominique Robinson,DE,DL,2026,1,REG,2026_01_BUF_HOU,HOU,BUF,0,0,1,0,0,0,0,0,0,0,0,0,0,0,0
00-0037083,Kingsley Enagbare,LB,LB,2026,1,REG,2026_01_NYJ_TEN,NYJ,TEN,1,0,1,1,1,0,1,1,1,0,0,0,0,0,0
00-0037094,Jonathan Ford,DT,DL,2026,1,REG,2026_01_GB_MIN,GB,MIN,3,0,1,0,0,0,0.5,4,1,0,0,0,0,0,0
00-0037096,Elijah Hicks,SAF,DB,2026,1,REG,2026_01_CHI_CAR,CHI,CAR,0,0,1,0,0,0,0,0,0,0,0,0,0,0,0
00-0037129,Josh Blackwell,CB,DB,2026,1,REG,2026_01_CHI_CAR,CHI,CAR,1,0,0,0,0,0,0,0,0,0,0,0,0,0,0
00-0037130,Reed Blankenship,SAF,DB,2026,1,REG,2026_01_BUF_HOU,HOU,BUF,4,0,3,0,0,0,0,0,0,0,0,0,0,0,0
00-0037137,Josh Jobe,CB,DB,2026,1,REG,2026_01_NE_SEA,SEA,NE,5,0,1,1,2,0,0,0,0,1,0,1,0,0,0
00-0037155,Tony Adams,SAF,DB,2026,1,REG,2026_01_NYJ_TEN,TEN,NYJ,1,0,1,0,0,0,0,0,0,0,0,0,0,0,0
00-0037179,Jeremiah Moon,LB,LB,2026,1,REG,2026_01_CHI_CAR,CAR,CHI,2,0,1,0,0,0,0,0,0,0,0,0,0,0,0
00-0037190,Sauce Gardner,CB,DB,2026,1,REG,2026_01_BAL_IND,IND,BAL,1,0,0,0,0,0,0,0,0,0,0,0,0,0,0
00-0037191,Trent McDuffie,CB,DB,2026,1,REG,2026_01_SF_LA,LA,SF,4,0,0,1,1,0,0,0,0,0,0,2,0,0,0
00-0037192,George Karlaftis,DE,DL,2026,1,REG,2026_01_DEN_KC,KC,DEN,1,0,2,0,0,0,0,0,3,0,0,0,0,0,0
00-0037193,Bryan Cook,SAF,DB,2026,1,REG,2026_01_TB_CIN,CIN,TB,4,0,2,0,0,1,0,0,0,0,0,0,0,0,0
00-0037195,Jaylen Watson,CB,DB,2026,1,REG,2026_01_SF_LA,LA,SF,2,0,2,0,0,0,0,0,0,0,0,0,0,0,0
00-0037208,Jack Cochrane,LB,LB,2026,1,REG,2026_01_DEN_KC,KC,DEN,0,0,1,0,0,0,0,0,0,0,0,0,0,0,0
00-0037235,Travon Walker,DE,DL,2026,1,REG,2026_01_CLE_JAX,JAX,CLE,1,0,1,1,1,0,1.5,5,1,0,0,1,0,0,0
00-0037236,Aidan Hutchinson,DE,DL,2026,1,REG,2026_01_NO_DET,DET,NO,4,0,1,2,18,0,2,18,4,0,0,0,0,0,0
00-0037237,Derek Stingley Jr.,CB,DB,2026,1,REG,2026_01_BUF_HOU,HOU,BUF,4,0,0,0,0,1,0,0,0,0,0,0,0,0,0
00-0037244,Devin Lloyd,LB,LB,2026,1,REG,2026_01_CHI_CAR,CAR,CHI,8,1,4,0,0,0,0,0,0,0,0,0,0,0,0
00-0037246,Jalen Pitre,SAF,DB,2026,1,REG,2026_01_BUF_HOU,HOU,BUF,4,0,2,0,0,0,0,0,0,0,0,1,0,0,0
00-0037249,Nik Bonitto,LB,LB,2026,1,REG,2026_01_DEN_KC,DEN,KC,1,0,1,0,0,0,0,0,0,0,0,0,0,0,0
00-0037250,Martin Emerson,CB,DB,2026,1,REG,2026_01_NO_DET,NO,DET,1,0,1,0,0,0,0,0,0,0,0,0,0,0,0
00-0037253,Marcus Jones,CB,DB,2026,1,REG,2026_01_NE_SEA,NE,SEA,3,0,1,0,0,0,0,0,0,0,0,0,0,0,0
00-0037254,Terrel Bernard,LB,LB,2026,1,REG,2026_01_BUF_HOU,BUF,HOU,5,1,6,1,2,0,0,0,0,0,0,0,0,0,0
00-0037262,Thomas Booker,DT,DL,2026,1,REG,2026_01_MIA_LV,LV,MIA,1,0,2,1,1,0,0,0,1,0,0,0,0,0,0
00-0037268,Zyon McCollum,CB,DB,2026,1,REG,2026_01_TB_CIN,TB,CIN,8,0,1,1,1,0,0,0,0,0,0,2,0,0,0
00-0037270,Otito Ogbonnia,DT,DL,2026,1,REG,2026_01_DAL_NYG,DAL,NYG,2,0,2,0,0,0,0,0,0,0,0,0,0,0,0
00-0037271,D'Marco Jackson,LB,LB,2026,1,REG,2026_01_CHI_CAR,CHI,CAR,0,0,2,0,0,0,0,0,0,0,0,0,0,0,0
00-0037275,DaRon Bland,CB,DB,2026,1,REG,2026_01_DAL_NYG,DAL,NYG,3,0,5,0,0,0,0,0,0,0,0,0,0,0,0
00-0037288,Christian Benford,CB,DB,2026,1,REG,2026_01_BUF_HOU,BUF,HOU,3,0,2,0,0,0,0,0,0,0,0,0,0,0,0
00-0037289,Malcolm Rodriguez,LB,LB,2026,1,REG,2026_01_NO_DET,DET,NO,2,0,2,0,0,0,0,0,1,0,0,0,0,0,0
00-0037301,Theo Jackson,DB,DB,2026,1,REG,2026_01_GB_MIN,MIN,GB,2,0,0,0,0,0,0,0,0,0,0,0,0,0,0
00-0037310,James Houston,LB,LB,2026,1,REG,2026_01_DAL_NYG,DAL,NYG,0,0,1,0,0,0,0,0,0,0,0,0,0,0,0
00-0037313,Montaric Brown,CB,DB,2026,1,REG,2026_01_CLE_JAX,JAX,CLE,3,0,2,1,3,0,0,0,0,0,0,0,0,0,0
00-0037323,Rodney Thomas,SAF,DB,2026,1,REG,2026_01_NE_SEA,SEA,NE,3,0,1,0,0,0,0,0,0,0,0,1,0,0,0
00-0037384,Ja'Quan McMillian,CB,DB,2026,1,REG,2026_01_DEN_KC,DEN,KC,1,0,0,0,0,0,0,0,0,0,0,1,0,0,0
00-0037457,Jake Hansen,LB,LB,2026,1,REG,2026_01_BUF_HOU,HOU,BUF,0,0,2,0,0,0,0,0,0,0,0,0,0,0,0
00-0037512,Isaiah Pola-Mao,SAF,DB,2026,1,REG,2026_01_MIA_LV,LV,MIA,0,0,1,0,0,0,0,0,0,0,0,0,0,0,0
00-0037526,Marcelino McCrary-Ball,LB,LB,2026,1,REG,2026_01_NYJ_TEN,NYJ,TEN,1,0,0,0,0,1,0,0,0,0,0,0,0,0,0
00-0037527,Segun Olubi,LB,LB,2026,1,REG,2026_01_MIA_LV,LV,MIA,0,0,3,0,0,0,0,0,0,0,0,0,0,0,0
00-0037561,Markquese Bell,SAF,DB,2026,1,REG,2026_01_DAL_NYG,DAL,NYG,1,0,0,0,0,0,0,0,0,0,0,0,0,0,0
00-0037587,Nate Landman,LB,LB,2026,1,REG,2026_01_SF_LA,LA,SF,5,0,3,0,0,0,0,0,1,0,0,1,0,0,0
00-0037596,Jack Gibbens,LB,LB,2026,1,REG,2026_01_ARI_LAC,ARI,LAC,5,0,2,0,0,0,0.5,4,1,0,0,0,0,0,0
00-0037611,Kayvon Thibodeaux,LB,LB,2026,1,REG,2026_01_DAL_NYG,NYG,DAL,1,0,1,0,0,0,0,0,1,0,0,0,0,0,0
00-0037615,Nakobe Dean,LB,LB,2026,1,REG,2026_01_MIA_LV,LV,MIA,4,1,1,2,11,1,1,10,1,0,0,0,0,0,0
00-0037616,Nick Cross,SAF,DB,2026,1,REG,2026_01_WAS_PHI,WAS,PHI,5,0,3,2,8,0,0,0,0,0,0,0,0,0,0
00-0037663,Jermaine Johnson II,DE,DL,2026,1,REG,2026_01_NYJ_TEN,TEN,NYJ,1,0,1,0,0,0,0,0,0,0,0,0,0,0,0
00-0037665,Sam Williams,DE,DL,2026,1,REG,2026_01_CLE_JAX,CLE,JAX,1,0,3,0,0,0,0,0,0,0,0,0,0,0,0
00-0037743,Daxton Hill,DB,DB,2026,1,REG,2026_01_TB_CIN,CIN,TB,7,0,0,0,0,0,0,0,0,0,0,0,0,0,0
00-0037752,Tycen Anderson,SAF,DB,2026,1,REG,2026_01_DEN_KC,DEN,KC,0,0,1,0,0,0,0,0,0,0,0,0,0,0,0
00-0037756,Travis Jones,DT,DL,2026,1,REG,2026_01_BAL_IND,BAL,IND,3,0,1,2,3,0,0,0,0,0,0,0,0,0,0
00-0037758,Cordale Flott,CB,DB,2026,1,REG,2026_01_NYJ_TEN,TEN,NYJ,3,0,0,0,0,0,0,0,0,0,0,0,0,0,0
00-0037799,Dondrea Tillman,LB,LB,2026,1,REG,2026_01_DEN_KC,DEN,KC,4,1,1,1,2,0,0,0,0,0,0,0,0,0,0
00-0037815,Cameron Thomas,DE,DL,2026,1,REG,2026_01_ATL_PIT,ATL,PIT,0,0,1,0,0,1,0,0,1,0,0,0,0,0,0
00-0037819,Leo Chenal,LB,LB,2026,1,REG,2026_01_WAS_PHI,WAS,PHI,1,0,2,0,0,0,0,0,0,0,0,0,0,0,0
00-0037839,Cobie Durant,CB,DB,2026,1,REG,2026_01_DAL_NYG,DAL,NYG,1,0,1,0,0,1,0,0,0,0,0,1,0,0,0
00-0037841,Quentin Lake,SAF,DB,2026,1,REG,2026_01_SF_LA,LA,SF,7,0,3,0,0,0,0,0,0,1,0,3,0,0,0
00-0037843,Daniel Hardy,DE,DL,2026,1,REG,2026_01_CHI_CAR,CHI,CAR,0,0,1,0,0,0,0,0,0,0,0,0,0,0,0
00-0038038,Kyle Hamilton,SAF,DB,2026,1,REG,2026_01_BAL_IND,BAL,IND,3,0,2,0,0,0,0,0,1,0,0,0,0,0,0
00-0038039,Jack Jones,CB,DB,2026,1,REG,2026_01_SF_LA,SF,LA,0,0,0,0,0,0,0,0,0,0,0,2,0,0,0
00-0038106,Eyioma Uwazurike,DT,DL,2026,1,REG,2026_01_DEN_KC,DEN,KC,1,0,2,0,0,0,0,0,0,0,0,0,0,0,0
00-0038116,Arnold Ebiketie,LB,LB,2026,1,REG,2026_01_WAS_PHI,PHI,WAS,1,0,0,0,0,0,0,0,0,0,0,0,0,0,0
00-0038121,Alontae Taylor,CB,DB,2026,1,REG,2026_01_NYJ_TEN,TEN,NYJ,3,0,3,0,0,0,0,0,0,0,0,0,0,0,0
00-0038123,Dane Belton,SAF,DB,2026,1,REG,2026_01_NYJ_TEN,NYJ,TEN,1,0,1,0,0,0,0,0,0,0,0,0,0,0,0
00-0038125,Roger McCreary,CB,DB,2026,1,REG,2026_01_NO_DET,DET,NO,4,0,0,1,6,1,1,6,1,0,0,0,0,0,0
00-0038133,Boye Mafe,DE,DL,2026,1,REG,2026_01_TB_CIN,CIN,TB,1,0,0,1,3,1,1,3,1,0,0,0,0,0,0
00-0038135,Jaquan Brisker,SAF,DB,2026,1,REG,2026_01_ATL_PIT,PIT,ATL,4,0,2,0,0,0,0,0,0,1,10,1,0,0,0
00-0038386,Jalen Carter,DT,DL,2026,1,REG,2026_01_WAS_PHI,PHI,WAS,1,0,2,0,0,1,0,0,0,0,0,0,0,0,0
00-0038387,Colby Wooden,DE,DL,2026,1,REG,2026_01_NO_DET,NO,DET,1,0,1,0,0,0,0,0,0,0,0,0,0,0,0
00-0038398,Karl Brooks,DT,DL,2026,1,REG,2026_01_GB_MIN,GB,MIN,0,0,2,0,0,0,0,0,0,0,0,0,0,0,0
00-0038399,Zaire Barnes,LB,LB,2026,1,REG,2026_01_DAL_NYG,NYG,DAL,1,0,0,0,0,0,0,0,0,0,0,0,0,0,0
00-0038412,Moro Ojomo,DT,DL,2026,1,REG,2026_01_WAS_PHI,PHI,WAS,2,0,1,0,0,0,0,0,0,0,0,0,0,0,0
00-0038463,Brenton Cox Jr.,DE,DL,2026,1,REG,2026_01_GB_MIN,GB,MIN,4,0,0,0,0,0,0,0,0,0,0,0,0,0,0
00-0038493,Claudin Cherelus,LB,LB,2026,1,REG,2026_01_CHI_CAR,CAR,CHI,0,0,1,0,0,0,0,0,0,0,0,0,0,0,0
00-0038504,Trenton Simpson,LB,LB,2026,1,REG,2026_01_BAL_IND,BAL,IND,2,1,1,2,4,0,0,0,0,0,0,0,0,0,0
00-0038505,Tavius Robinson,LB,LB,2026,1,REG,2026_01_BAL_IND,BAL,IND,1,0,2,1,8,0,1,8,4,0,0,0,0,0,0
00-0038541,Tyree Wilson,DE,DL,2026,1,REG,2026_01_NO_DET,NO,DET,0,0,2,0,0,0,0,0,0,0,0,0,0,0,0
00-0038546,Myles Murphy,DE,DL,2026,1,REG,2026_01_TB_CIN,CIN,TB,1,0,1,0,0,1,0.5,3.5,1,0,0,0,0,0,0
00-0038549,DJ Turner II,CB,DB,2026,1,REG,2026_01_TB_CIN,CIN,TB,3,0,1,0,0,0,0,0,0,0,0,0,0,0,0
00-0038552,Riley Moss,CB,DB,2026,1,REG,2026_01_DEN_KC,DEN,KC,3,1,2,0,0,0,0,0,0,0,0,1,0,0,0
00-0038553,Daiyan Henley,LB,LB,2026,1,REG,2026_01_ARI_LAC,LAC,ARI,2,0,6,0,0,0,0.5,0,1,0,0,0,0,0,0
00-0038554,Ji'Ayir Brown,SAF,DB,2026,1,REG,2026_01_SF_LA,SF,LA,2,0,2,0,0,0,0,0,0,0,0,0,0,0,0
00-0038556,DeMarvion Overshown,LB,LB,2026,1,REG,2026_01_DAL_NYG,DAL,NYG,1,0,6,0,0,0,0,0,0,0,0,0,0,0,0
00-0038557,Dorian Williams,LB,LB,2026,1,REG,2026_01_BUF_HOU,BUF,HOU,3,1,5,1,2,0,0,0,0,0,0,0,0,0,0
00-0038560,Jordan Battle,SAF,DB,2026,1,REG,2026_01_TB_CIN,CIN,TB,6,0,3,0,0,0,0,0,0,0,0,0,0,0,0
00-0038570,Ventrell Miller,LB,LB,2026,1,REG,2026_01_CLE_JAX,JAX,CLE,7,0,3,2,5,1,1,4,1,0,0,0,0,0,0
00-0038574,Isaiah McGuire,DE,DL,2026,1,REG,2026_01_CLE_JAX,CLE,JAX,0,0,2,0,0,0,0,0,0,0,0,0,0,0,0
00-0038577,Nick Herbig,LB,LB,2026,1,REG,2026_01_ATL_PIT,PIT,ATL,1,0,1,0,0,0,0,0,1,0,0,0,0,0,0
00-0038588,Jordan Howden,SAF,DB,2026,1,REG,2026_01_NO_DET,NO,DET,1,0,1,0,0,0,0,0,0,0,0,0,0,0,0
00-0038596,Antonio Johnson,SAF,DB,2026,1,REG,2026_01_CLE_JAX,JAX,CLE,3,0,1,0,0,0,0,0,0,0,0,0,0,0,0
00-0038599,Henry To'oTo'o,LB,LB,2026,1,REG,2026_01_BUF_HOU,HOU,BUF,1,0,1,0,0,0,0,0,0,0,0,0,0,0,0
00-0038603,Rob Beal Jr.,DE,DL,2026,1,REG,2026_01_MIA_LV,MIA,LV,1,0,0,0,0,0,0,0,0,0,0,0,0,0,0
00-0038605,JL Skinner,SAF,DB,2026,1,REG,2026_01_DEN_KC,DEN,KC,0,0,1,0,0,0,0,0,0,0,0,0,0,0,0
00-0038623,Dante Stills,DT,DL,2026,1,REG,2026_01_ARI_LAC,ARI,LAC,1,0,0,1,10,0,1,10,1,0,0,1,0,0,0
00-0038625,Dee Winters,LB,LB,2026,1,REG,2026_01_DAL_NYG,DAL,NYG,4,0,0,1,1,0,0,0,0,0,0,0,0,0,0
00-0038628,DeMarcco Hellams,SAF,DB,2026,1,REG,2026_01_ATL_PIT,ATL,PIT,1,0,0,0,0,0,0,0,0,0,0,0,0,0,0
00-0038653,Cory Durden,DT,DL,2026,1,REG,2026_01_NE_SEA,NE,SEA,0,0,2,0,0,0,0,0,0,0,0,0,0,0,0
00-0038660,Trevor Nowaske,LB,LB,2026,1,REG,2026_01_NO_DET,DET,NO,0,0,1,0,0,0,0,0,0,0,0,0,0,0,0
00-0038711,Mohamoud Diabate,LB,LB,2026,1,REG,2026_01_NYJ_TEN,TEN,NYJ,0,0,1,0,0,0,0,0,0,0,0,0,0,0,0
00-0038715,Ronnie Hickman Jr.,SAF,DB,2026,1,REG,2026_01_CLE_JAX,CLE,JAX,3,0,5,0,0,0,0,0,0,0,0,0,0,0,0
00-0038764,Patrick O'Connell,LB,LB,2026,1,REG,2026_01_NE_SEA,SEA,NE,0,0,1,0,0,0,0,0,0,0,0,0,0,0,0
00-0038778,Jalen Redmond,DL,DL,2026,1,REG,2026_01_GB_MIN,MIN,GB,3,0,1,0,0,0,0,0,0,0,0,0,0,0,0
00-0038782,Eku Leota,LB,LB,2026,1,REG,2026_01_ARI_LAC,ARI,LAC,0,0,0,0,0,0,0,0,1,0,0,0,0,0,0
00-0038791,Thomas Incoom,LB,LB,2026,1,REG,2026_01_CHI_CAR,CAR,CHI,1,0,1,0,0,0,0,0,0,0,0,0,0,0,0
00-0038807,Ivan Pace Jr.,LB,LB,2026,1,REG,2026_01_GB_MIN,MIN,GB,3,0,0,1,2,0,0,0,0,0,0,0,0,0,0
00-0038922,Drake Thomas,LB,LB,2026,1,REG,2026_01_NE_SEA,SEA,NE,3,0,6,1,2,0,1,2,1,0,0,0,0,0,0
00-0038940,Tyler Lacy,DE,DL,2026,1,REG,2026_01_NO_DET,DET,NO,0,0,1,0,0,0,0,0,0,0,0,0,0,0,0
00-0038978,Byron Young,DT,DL,2026,1,REG,2026_01_WAS_PHI,PHI,WAS,0,0,1,0,0,0,0,0,0,0,0,0,0,0,0
00-0038984,Kei'Trel Clark,CB,DB,2026,1,REG,2026_01_ARI_LAC,ARI,LAC,0,0,0,0,0,0,0,0,0,0,0,1,0,0,0
00-0039000,Deonte Banks,CB,DB,2026,1,REG,2026_01_DAL_NYG,NYG,DAL,4,0,0,0,0,0,0,0,0,0,0,2,0,0,0
00-0039002,Sydney Brown,SAF,DB,2026,1,REG,2026_01_ATL_PIT,ATL,PIT,4,0,3,0,0,0,0,0,0,0,0,0,0,0,0
00-0039006,Felix Anudike-Uzomah,DE,DL,2026,1,REG,2026_01_DEN_KC,KC,DEN,1,0,0,1,1,1,1,1,0,0,0,0,0,0,0
00-0039013,Nolan Smith,LB,LB,2026,1,REG,2026_01_WAS_PHI,PHI,WAS,1,0,1,0,0,0,0,0,0,0,0,0,0,0,0
00-0039018,Jack Campbell,LB,LB,2026,1,REG,2026_01_NO_DET,DET,NO,5,0,2,1,1,0,0,0,0,0,0,0,0,0,0
00-0039031,Adetomiwa Adebawore,DT,DL,2026,1,REG,2026_01_BAL_IND,IND,BAL,1,0,3,0,0,0,0,0,0,0,0,0,0,0,0
00-0039047,Derick Hall,LB,LB,2026,1,REG,2026_01_NE_SEA,SEA,NE,1,0,1,1,7,0,1,7,1,0,0,0,0,0,0
00-0039049,SirVocea Dennis,LB,LB,2026,1,REG,2026_01_TB_CIN,TB,CIN,1,0,0,0,0,0,0,0,0,0,0,0,0,0,0
00-0039061,Desjuan Johnson,LB,LB,2026,1,REG,2026_01_SF_LA,LA,SF,0,0,1,0,0,0,0,0,0,0,0,0,0,0,0
00-0039063,Calijah Kancey,DT,DL,2026,1,REG,2026_01_TB_CIN,TB,CIN,0,0,0,0,0,0,0,0,1,0,0,0,0,0,0
00-0039068,Yaya Diaby,LB,LB,2026,1,REG,2026_01_TB_CIN,TB,CIN,1,0,0,1,4,0,0,0,0,0,0,0,0,0,0
00-0039070,Gervon Dexter Sr.,DT,DL,2026,1,REG,2026_01_ATL_PIT,ATL,PIT,1,0,2,0,0,0,0,0,0,0,0,0,0,0,0
00-0039071,Tyrique Stevenson,CB,DB,2026,1,REG,2026_01_CHI_CAR,CHI,CAR,6,0,3,0,0,0,0,0,0,0,0,0,0,0,0
00-0039108,Will Anderson Jr.,DE,DL,2026,1,REG,2026_01_BUF_HOU,HOU,BUF,1,0,2,0,0,0,0.5,2.5,1,0,0,0,0,0,0
00-0039110,Keeanu Benton,DT,DL,2026,1,REG,2026_01_ATL_PIT,PIT,ATL,2,0,1,0,0,0,0,0,0,0,0,0,0,0,0
00-0039111,Tuli Tuipulotu,LB,LB,2026,1,REG,2026_01_ARI_LAC,LAC,ARI,3,0,2,0,0,0,0,0,2,0,0,1,0,0,0
00-0039112,Lukas Van Ness,LB,LB,2026,1,REG,2026_01_GB_MIN,GB,MIN,4,0,0,1,5,0,1,5,1,0,0,0,0,0,0
00-0039137,Byron Young,LB,LB,2026,1,REG,2026_01_SF_LA,LA,SF,0,0,1,0,0,0,0,0,0,0,0,0,0,0,0
00-0039138,Kobie Turner,DE,DL,2026,1,REG,2026_01_SF_LA,LA,SF,2,0,5,0,0,0,0,0,0,0,0,0,0,0,0
00-0039142,Will McDonald IV,DE,DL,2026,1,REG,2026_01_NYJ_TEN,NYJ,TEN,1,0,0,1,11,0,1,11,1,0,0,0,0,0,0
00-0039147,Christian Gonzalez,CB,DB,2026,1,REG,2026_01_NE_SEA,NE,SEA,2,0,0,0,0,0,0,0,0,0,0,2,0,0,0
00-0039148,Keion White,DE,DL,2026,1,REG,2026_01_SF_LA,SF,LA,0,0,0,0,0,0,0,0,0,0,0,0,0,0,0
00-0039149,Quan Martin,SAF,DB,2026,1,REG,2026_01_WAS_PHI,WAS,PHI,3,0,0,1,3,0,0,0,0,0,0,0,0,0,0
00-0039156,Julius Brents,CB,DB,2026,1,REG,2026_01_MIA_LV,MIA,LV,3,0,1,1,8,0,0,0,0,0,0,0,0,0,0
00-0039169,Devon Witherspoon,CB,DB,2026,1,REG,2026_01_NE_SEA,SEA,NE,0,0,5,0,0,0,0,0,1,0,0,0,0,0,0
00-0039176,Basil Okoye,DT,DL,2026,1,REG,2026_01_DAL_NYG,NYG,DAL,0,0,1,0,0,0,0,0,0,0,0,0,0,0,0
00-0039232,Nate Wiggins,CB,DB,2026,1,REG,2026_01_BAL_IND,BAL,IND,3,0,1,0,0,0,0,0,0,0,0,1,0,0,0
00-0039234,T.J. Tampa,CB,DB,2026,1,REG,2026_01_BAL_IND,BAL,IND,0,0,1,0,0,0,0,0,0,0,0,0,0,0,0
00-0039284,Braiden McGregor,DE,DL,2026,1,REG,2026_01_NYJ_TEN,NYJ,TEN,0,0,3,0,0,0,0,0,0,0,0,0,0,0,0
00-0039309,Byron Murphy II,DT,DL,2026,1,REG,2026_01_NE_SEA,SEA,NE,2,0,0,1,4,0,0,0,0,0,0,0,0,0,0
00-0039313,Swayze Bozeman,LB,LB,2026,1,REG,2026_01_TB_CIN,CIN,TB,1,0,1,0,0,0,0,0,0,0,0,0,0,0,0
00-0039340,Laiatu Latu,DE,DL,2026,1,REG,2026_01_BAL_IND,IND,BAL,4,0,2,0,0,0,0.5,7.5,0,0,0,0,0,0,0
00-0039343,Kamari Lassiter,CB,DB,2026,1,REG,2026_01_BUF_HOU,HOU,BUF,1,0,2,1,2,0,0,0,0,0,0,1,0,0,0
00-0039345,Renardo Green,CB,DB,2026,1,REG,2026_01_SF_LA,SF,LA,2,0,1,0,0,0,0,0,0,1,0,1,0,0,0
00-0039357,Decamerion Richardson,CB,DB,2026,1,REG,2026_01_NO_DET,NO,DET,0,0,1,0,0,0,0,0,0,0,0,0,0,0,0
00-0039360,Malik Mustapha,SAF,DB,2026,1,REG,2026_01_SF_LA,SF,LA,2,0,1,0,0,0,0,0,0,0,0,0,0,0,0
00-0039366,Tarheeb Still,CB,DB,2026,1,REG,2026_01_ARI_LAC,LAC,ARI,1,0,2,0,0,0,0,0,0,0,0,0,0,0,0
00-0039368,Jordan Magee,LB,LB,2026,1,REG,2026_01_WAS_PHI,WAS,PHI,1,0,1,0,0,0,0,0,0,0,0,0,0,0,0
00-0039369,Cam Hart,CB,DB,2026,1,REG,2026_01_ARI_LAC,LAC,ARI,5,0,1,0,0,0,0,0,0,0,0,1,0,0,0
00-0039371,Kris Abrams-Draine,CB,DB,2026,1,REG,2026_01_DEN_KC,DEN,KC,0,0,0,0,0,0,0,0,0,0,0,0,0,0,0
00-0039372,Jarvis Brownlee Jr.,DB,DB,2026,1,REG,2026_01_NYJ_TEN,NYJ,TEN,3,0,1,0,0,0,0,0,0,0,0,0,0,0,0
00-0039380,Chau Smith-Wade,CB,DB,2026,1,REG,2026_01_CHI_CAR,CAR,CHI,0,0,1,0,0,0,0,0,0,0,0,0,0,0,0
00-0039406,Nathaniel Watson,LB,LB,2026,1,REG,2026_01_CLE_JAX,CLE,JAX,0,0,0,0,0,0,0,0,0,0,0,0,0,0,0
00-0039412,Javontae Jean-Baptiste,LB,LB,2026,1,REG,2026_01_WAS_PHI,WAS,PHI,0,0,1,0,0,0,0,0,0,0,0,0,0,0,0
00-0039417,Myles Harden,CB,DB,2026,1,REG,2026_01_CLE_JAX,CLE,JAX,1,0,1,0,0,0,0,0,0,0,0,0,0,0,0
00-0039421,Levi Drake Rodriguez,DL,DL,2026,1,REG,2026_01_GB_MIN,MIN,GB,2,0,1,1,10,0,1,10,2,0,0,0,0,0,0
00-0039423,Jonah Laulu,DT,DL,2026,1,REG,2026_01_MIA_LV,LV,MIA,0,0,0,0,0,0,0,0,1,0,0,0,0,0,0
00-0039430,James Williams,LB,LB,2026,1,REG,2026_01_NYJ_TEN,TEN,NYJ,0,0,1,0,0,0,0,0,0,0,0,0,0,0,0
00-0039433,Marcus Harris,DT,DL,2026,1,REG,2026_01_DEN_KC,KC,DEN,0,0,1,0,0,0,0,0,0,0,0,0,0,0,0
00-0039460,Carl Jones,LB,LB,2026,1,REG,2026_01_BAL_IND,BAL,IND,2,0,0,0,0,0,0,0,0,0,0,0,0,0,0
00-0039622,Isaiah Stalbird,LB,LB,2026,1,REG,2026_01_NO_DET,NO,DET,2,0,1,0,0,0,0,0,0,0,0,0,0,0,0
00-0039660,Thomas Harper,SAF,DB,2026,1,REG,2026_01_NO_DET,DET,NO,3,0,0,0,0,0,0,0,0,0,0,1,0,0,0
00-0039681,Tyler Owens,DB,DB,2026,1,REG,2026_01_WAS_PHI,WAS,PHI,2,0,0,0,0,0,0,0,0,0,0,0,0,0,0
00-0039692,Dell Pettus,SAF,DB,2026,1,REG,2026_01_NE_SEA,NE,SEA,2,0,0,0,0,0,0,0,0,0,0,0,0,0,0
00-0039733,Ruke Orhorhoro,DT,DL,2026,1,REG,2026_01_CLE_JAX,JAX,CLE,0,0,1,0,0,0,0,0,0,0,0,0,0,0,0
00-0039734,Braden Fiske,DE,DL,2026,1,REG,2026_01_SF_LA,LA,SF,1,0,1,0,0,0,0,0,0,0,0,0,0,0,0
00-0039740,Jalyx Hunt,LB,LB,2026,1,REG,2026_01_WAS_PHI,PHI,WAS,1,0,2,0,0,0,0,0,0,0,0,0,0,0,0
00-0039741,Payton Wilson,LB,LB,2026,1,REG,2026_01_ATL_PIT,PIT,ATL,5,0,8,2,8,0,0,0,0,0,0,0,0,0,0
00-0039749,Tyler Davis,DE,DL,2026,1,REG,2026_01_SF_LA,LA,SF,2,0,5,0,0,0,0,0,0,0,0,0,0,0,0
00-0039752,Cedric Johnson,DE,DL,2026,1,REG,2026_01_TB_CIN,CIN,TB,0,0,1,0,0,0,0,0,0,0,0,0,0,0,0
00-0039763,Joe Andreessen,LB,LB,2026,1,REG,2026_01_BUF_HOU,BUF,HOU,1,0,2,0,0,0,0,0,0,0,0,0,0,0,0
00-0039770,Charles Woods,CB,DB,2026,1,REG,2026_01_NE_SEA,NE,SEA,1,0,0,0,0,0,0,0,0,0,0,0,0,0,0
00-0039774,Omar Speights,LB,LB,2026,1,REG,2026_01_SF_LA,LA,SF,0,0,2,0,0,0,0,0,0,0,0,1,0,0,0
00-0039776,Jaylen McCollough,SAF,DB,2026,1,REG,2026_01_SF_LA,LA,SF,3,0,3,0,0,0,0,0,0,0,0,0,0,0,0
00-0039789,Qwan'tez Stiggers,DB,DB,2026,1,REG,2026_01_NYJ_TEN,NYJ,TEN,0,0,0,0,0,0,0,0,0,0,0,0,0,0,0
00-0039795,Nehemiah Pritchett,CB,DB,2026,1,REG,2026_01_NE_SEA,SEA,NE,5,0,1,0,0,0,0,0,0,1,30,2,0,0,0
00-0039807,Max Melton,CB,DB,2026,1,REG,2026_01_ARI_LAC,ARI,LAC,0,0,1,0,0,0,0,0,0,0,0,2,0,0,0
00-0039809,Jonah Elliss,LB,LB,2026,1,REG,2026_01_DEN_KC,DEN,KC,0,0,1,0,0,0,0,0,1,0,0,0,0,0,0
00-0039813,Evan Williams,SAF,DB,2026,1,REG,2026_01_GB_MIN,GB,MIN,6,0,1,0,0,0,0,0,0,0,0,0,0,0,0
00-0039821,Andru Phillips,DB,DB,2026,1,REG,2026_01_DAL_NYG,NYG,DAL,2,0,0,0,0,0,0,0,0,0,0,0,0,0,0
00-0039825,Jaden Hicks,SAF,DB,2026,1,REG,2026_01_DEN_KC,KC,DEN,2,0,2,0,0,0,0,0,0,0,0,0,0,0,0
00-0039826,Jeremiah Trotter Jr.,LB,LB,2026,1,REG,2026_01_WAS_PHI,PHI,WAS,2,0,0,0,0,0,0,0,0,0,0,0,0,0,0
00-0039831,Kamal Hadden,CB,DB,2026,1,REG,2026_01_GB_MIN,GB,MIN,1,0,0,0,0,0,0,0,0,0,0,0,0,0,0
00-0039834,Kamren Kinchens,SAF,DB,2026,1,REG,2026_01_SF_LA,LA,SF,3,0,6,0,0,0,0,0,0,0,0,0,0,0,0
00-0039835,Justin Eboigbe,DT,DL,2026,1,REG,2026_01_ARI_LAC,LAC,ARI,1,0,2,0,0,0,0,0,0,0,0,0,0,0,0
00-0039837,Bralen Trice,LB,LB,2026,1,REG,2026_01_ATL_PIT,ATL,PIT,1,0,0,0,0,0,0,0,0,0,0,0,0,0,0
00-0039838,Calen Bullock,SAF,DB,2026,1,REG,2026_01_BUF_HOU,HOU,BUF,5,0,1,0,0,0,0,0,0,0,0,1,0,0,0
00-0039840,Austin Booker,DE,DL,2026,1,REG,2026_01_CHI_CAR,CHI,CAR,1,0,1,0,0,0,0,0,0,0,0,0,0,0,0
00-0039841,Cooper DeJean,CB,DB,2026,1,REG,2026_01_WAS_PHI,PHI,WAS,4,0,4,0,0,0,0,0,1,0,0,0,0,0,0
00-0039846,Tykee Smith,SAF,DB,2026,1,REG,2026_01_TB_CIN,TB,CIN,3,0,1,0,0,0,0,0,0,0,0,1,0,0,0
00-0039850,Edgerrin Cooper,LB,LB,2026,1,REG,2026_01_GB_MIN,GB,MIN,5,1,1,2,10,0,1,6,1,0,0,0,0,0,0
00-0039852,Jared Verse,DE,DL,2026,1,REG,2026_01_CLE_JAX,CLE,JAX,3,0,1,1,1,0,0,0,0,0,0,0,0,0,0
00-0039854,Darius Robinson,DL,DL,2026,1,REG,2026_01_ARI_LAC,ARI,LAC,0,0,1,0,0,0,0,0,0,0,0,0,0,0,0
00-0039859,Brandon Dorlus,DE,DL,2026,1,REG,2026_01_ATL_PIT,ATL,PIT,3,0,0,0,0,0,0,0,0,0,0,0,0,0,0
00-0039860,Kool-Aid McKinstry,CB,DB,2026,1,REG,2026_01_NO_DET,NO,DET,4,0,3,0,0,0,0,0,0,0,0,1,0,0,0
00-0039861,Tyler Nubin,SAF,DB,2026,1,REG,2026_01_DAL_NYG,NYG,DAL,3,0,0,0,0,0,0,0,0,0,0,0,0,0,0
00-0039867,Javon Bullard,SAF,DB,2026,1,REG,2026_01_GB_MIN,GB,MIN,1,0,0,0,0,0,0,0,0,0,0,0,0,0,0
00-0039872,Cole Bishop,SAF,DB,2026,1,REG,2026_01_BUF_HOU,BUF,HOU,2,0,5,0,0,0,0,0,0,0,0,0,0,0,0
00-0039873,DeWayne Carter,DT,DL,2026,1,REG,2026_01_BUF_HOU,BUF,HOU,1,0,1,1,2,0,0,0,0,0,0,0,0,0,0
00-0039879,Javon Solomon,LB,LB,2026,1,REG,2026_01_BUF_HOU,BUF,HOU,1,0,2,0,0,0,0,0,0,0,0,0,0,0,0
00-0039886,T'Vondre Sweat,DT,DL,2026,1,REG,2026_01_NYJ_TEN,NYJ,TEN,0,0,1,0,0,0,0,0,0,0,0,0,0,0,0
00-0039888,Quinyon Mitchell,CB,DB,2026,1,REG,2026_01_WAS_PHI,PHI,WAS,2,0,0,0,0,0,0,0,0,0,0,0,0,0,0
00-0039889,Maason Smith,DT,DL,2026,1,REG,2026_01_ATL_PIT,ATL,PIT,0,0,0,0,0,0,0,0,0,0,0,1,0,0,0
00-0039898,Mike Sainristil,CB,DB,2026,1,REG,2026_01_WAS_PHI,WAS,PHI,4,0,1,1,1,0,0,0,0,0,0,0,0,0,0
00-0039908,Kris Jenkins,DT,DL,2026,1,REG,2026_01_TB_CIN,CIN,TB,1,0,0,1,4,0,1,4,1,0,0,0,0,0,0
00-0039911,Chop Robinson,LB,LB,2026,1,REG,2026_01_MIA_LV,MIA,LV,0,0,1,0,0,0,0,0,0,0,0,0,0,0,0
00-0039924,Dallas Turner,LB,LB,2026,1,REG,2026_01_GB_MIN,MIN,GB,2,0,0,0,0,1,1,4,7,0,0,0,0,0,0
00-0040008,Shavon Revel Jr.,CB,DB,2026,1,REG,2026_01_DAL_NYG,DAL,NYG,1,0,0,0,0,0,0,0,0,0,0,0,0,0,0
00-0040010,Barryn Sorrell,DE,DL,2026,1,REG,2026_01_GB_MIN,GB,MIN,3,0,0,0,0,0,0,0,0,0,0,0,0,0,0
00-0040013,Smael Mondon Jr.,LB,LB,2026,1,REG,2026_01_WAS_PHI,PHI,WAS,0,0,2,0,0,0,0,0,0,0,0,0,0,0,0
00-0040020,Micah Robinson,CB,DB,2026,1,REG,2026_01_NYJ_TEN,TEN,NYJ,1,0,1,0,0,0,0,0,0,0,0,0,0,0,0
00-0040041,Nazir Stackhouse,DT,DL,2026,1,REG,2026_01_NYJ_TEN,TEN,NYJ,1,0,0,0,0,0,0,0,0,0,0,0,0,0,0
00-0040045,Alijah Clark,DB,DB,2026,1,REG,2026_01_DAL_NYG,DAL,NYG,1,0,0,0,0,0,0,0,0,0,0,0,0,0,0
00-0040056,Jared Ivey,LB,LB,2026,1,REG,2026_01_ATL_PIT,ATL,PIT,0,0,2,0,0,0,0,0,0,0,0,0,0,0,0
00-0040061,Connor O'Toole,LB,LB,2026,1,REG,2026_01_NE_SEA,SEA,NE,0,0,1,0,0,0,0,0,0,0,0,0,0,0,0
00-0040072,Jeffrey Bassa,LB,LB,2026,1,REG,2026_01_DEN_KC,KC,DEN,0,0,1,0,0,0,0,0,0,0,0,0,0,0,0
00-0040076,Aeneas Peebles,DT,DL,2026,1,REG,2026_01_BAL_IND,BAL,IND,0,0,0,0,0,0,0,0,1,0,0,0,0,0,0
00-0040089,Kevin Knowles,DB,DB,2026,1,REG,2026_01_TB_CIN,TB,CIN,2,0,0,0,0,0,0,0,0,0,0,0,0,0,0
00-0040100,Jay Higgins,LB,LB,2026,1,REG,2026_01_BAL_IND,BAL,IND,0,0,1,0,0,0,0,0,0,0,0,0,0,0,0
00-0040118,Cooper McDonald,LB,LB,2026,1,REG,2026_01_DEN_KC,KC,DEN,0,0,1,0,0,0,0,0,0,0,0,0,0,0,0
00-0040132,Landon Jackson,DE,DL,2026,1,REG,2026_01_BUF_HOU,BUF,HOU,1,0,0,0,0,0,0,0,0,0,0,0,0,0,0
00-0040133,Azareye'h Thomas,CB,DB,2026,1,REG,2026_01_NYJ_TEN,NYJ,TEN,4,0,1,1,1,0,0,0,0,0,0,0,0,0,0
00-0040136,Princely Umanmielen,LB,LB,2026,1,REG,2026_01_CHI_CAR,CAR,CHI,2,0,1,1,2,0,1,2,1,0,0,0,0,0,0
00-0040137,Jordan Burch,LB,LB,2026,1,REG,2026_01_ARI_LAC,ARI,LAC,3,0,0,1,4,0,1,4,1,0,0,0,0,0,0
00-0040139,Justin Walley,CB,DB,2026,1,REG,2026_01_BAL_IND,IND,BAL,5,0,1,0,0,0,0,0,0,0,0,0,0,0,0
00-0040141,Kevin Winston Jr.,SAF,DB,2026,1,REG,2026_01_NYJ_TEN,TEN,NYJ,4,0,6,0,0,0,0,0,0,0,0,0,0,0,0
00-0040143,Jacob Parrish,CB,DB,2026,1,REG,2026_01_TB_CIN,TB,CIN,2,0,0,0,0,0,0,0,0,0,0,1,0,0,0
00-0040144,Jamaree Caldwell,DT,DL,2026,1,REG,2026_01_ARI_LAC,LAC,ARI,3,0,2,0,0,0,0,0,1,0,0,0,0,0,0
00-0040145,Caleb Ransaw,SAF,DB,2026,1,REG,2026_01_CLE_JAX,JAX,CLE,5,0,1,0,0,0,0,0,0,0,0,0,0,0,0
00-0040148,Xavier Watts,SAF,DB,2026,1,REG,2026_01_ATL_PIT,ATL,PIT,2,0,2,0,0,0,0,0,0,0,0,0,0,0,0
00-0040149,Jaylin Smith,CB,DB,2026,1,REG,2026_01_BUF_HOU,HOU,BUF,1,0,0,0,0,0,0,0,0,0,0,0,0,0,0
00-0040152,Upton Stout,CB,DB,2026,1,REG,2026_01_SF_LA,SF,LA,2,0,0,0,0,0,0,0,1,0,0,0,0,0,0
00-0040155,Danny Stutsman,LB,LB,2026,1,REG,2026_01_NO_DET,NO,DET,3,0,3,0,0,0,0,0,0,0,0,0,0,0,0
00-0040157,Barrett Carter,LB,LB,2026,1,REG,2026_01_TB_CIN,CIN,TB,5,0,3,1,4,1,0.5,3.5,1,0,0,0,0,0,0
00-0040158,David Walker,LB,LB,2026,1,REG,2026_01_TB_CIN,TB,CIN,1,0,0,0,0,0,0,0,0,0,0,0,0,0,0
00-0040159,Lathan Ransom,SAF,DB,2026,1,REG,2026_01_CHI_CAR,CAR,CHI,2,0,1,0,0,0,0,0,0,0,0,0,0,0,0
00-0040160,Jack Sawyer,LB,LB,2026,1,REG,2026_01_ATL_PIT,PIT,ATL,1,0,3,0,0,0,0,0,0,0,0,0,0,0,0
00-0040165,Malachi Moore,SAF,DB,2026,1,REG,2026_01_NYJ_TEN,NYJ,TEN,1,0,0,0,0,0,0,0,0,0,0,0,0,0,0
00-0040166,Quincy Riley,CB,DB,2026,1,REG,2026_01_NO_DET,NO,DET,2,0,1,0,0,0,0,0,0,0,0,1,0,0,0
00-0040168,Que Robinson,LB,LB,2026,1,REG,2026_01_DEN_KC,DEN,KC,1,0,3,0,0,0,0,0,1,0,0,0,0,0,0
00-0040169,Tonka Hemingway,DT,DL,2026,1,REG,2026_01_MIA_LV,LV,MIA,1,0,3,0,0,0,0,0,0,0,0,1,0,0,0
00-0040173,Tyrion Ingram-Dawkins,DT,DL,2026,1,REG,2026_01_GB_MIN,MIN,GB,0,1,1,1,1,0,0,0,0,0,0,0,0,0,0
00-0040175,Jordan Phillips,DT,DL,2026,1,REG,2026_01_MIA_LV,MIA,LV,0,0,4,0,0,0,0,0,1,0,0,0,0,0,0
00-0040178,Jason Marshall Jr.,CB,DB,2026,1,REG,2026_01_MIA_LV,MIA,LV,2,0,2,1,1,0,0,0,0,0,0,0,0,0,0
00-0040182,Dante Trader Jr.,SAF,DB,2026,1,REG,2026_01_MIA_LV,MIA,LV,1,0,2,0,0,0,0,0,0,1,14,1,0,0,0
00-0040183,Elijah Roberts,DE,DL,2026,1,REG,2026_01_TB_CIN,TB,CIN,0,0,0,0,0,0,0,0,0,0,0,0,0,0,0
00-0040185,Marques Sigle,SAF,DB,2026,1,REG,2026_01_SF_LA,SF,LA,4,0,5,0,0,0,0,0,0,0,0,0,0,0,0
00-0040188,Yahya Black,DE,DL,2026,1,REG,2026_01_ATL_PIT,PIT,ATL,0,0,0,0,0,0,0,0,0,0,0,0,0,0,0
00-0040192,Jordan Hancock,CB,DB,2026,1,REG,2026_01_BUF_HOU,BUF,HOU,0,0,1,0,0,0,0,0,0,0,0,0,0,0,0
00-0040195,Denzel Burke,CB,DB,2026,1,REG,2026_01_ARI_LAC,ARI,LAC,4,0,0,0,0,0,0,0,0,0,0,0,0,0,0
00-0040201,Marcus Harris,CB,DB,2026,1,REG,2026_01_NYJ_TEN,TEN,NYJ,5,0,2,0,0,0,0,0,0,0,0,0,0,0,0
00-0040207,Tim Smith,DT,DL,2026,1,REG,2026_01_BAL_IND,IND,BAL,1,0,1,0,0,0,0,0,0,0,0,0,0,0,0
00-0040216,Kain Medrano,LB,LB,2026,1,REG,2026_01_WAS_PHI,WAS,PHI,1,0,0,0,0,0,0,0,0,0,0,0,0,0,0
00-0040230,Kitan Crawford,SAF,DB,2026,1,REG,2026_01_ARI_LAC,ARI,LAC,2,0,1,0,0,0,0,0,0,0,0,0,0,0,0
00-0040231,Carson Bruener,LB,LB,2026,1,REG,2026_01_ATL_PIT,PIT,ATL,1,0,1,0,0,0,0,0,0,0,0,0,0,0,0
00-0040248,Zeek Biggers,DT,DL,2026,1,REG,2026_01_MIA_LV,MIA,LV,1,0,1,0,0,0,0,0,0,0,0,0,0,0,0
00-0040255,Adin Huntington,DE,DL,2026,1,REG,2026_01_CLE_JAX,CLE,JAX,0,0,2,0,0,0,0,0,0,0,0,0,0,0,0
00-0040261,Easton Mascarenas-Arnold,LB,LB,2026,1,REG,2026_01_CLE_JAX,CLE,JAX,0,0,3,0,0,0,0,0,0,0,0,0,0,0,0
00-0040263,Donovan McMillon,SAF,DB,2026,1,REG,2026_01_CLE_JAX,CLE,JAX,0,0,2,0,0,0,0,0,0,0,0,0,0,0,0
00-0040326,Branson Combs,LB,LB,2026,1,REG,2026_01_CLE_JAX,JAX,CLE,3,0,1,1,6,0,1,6,1,0,0,0,0,0,0
00-0040342,Danny Striggow,DE,DL,2026,1,REG,2026_01_CLE_JAX,JAX,CLE,1,0,1,0,0,0,0,0,0,0,0,0,0,0,0
00-0040449,Karene Reid,LB,LB,2026,1,REG,2026_01_DEN_KC,DEN,KC,0,0,1,0,0,0,0,0,0,0,0,0,0,0,0
00-0040458,TeRah Edwards,DT,DL,2026,1,REG,2026_01_CHI_CAR,CAR,CHI,1,0,1,0,0,0,0,0,0,0,0,0,0,0,0
00-0040574,Elijah Ponder,LB,LB,2026,1,REG,2026_01_NE_SEA,NE,SEA,0,0,2,0,0,0,0,0,0,0,0,0,0,0,0
00-0040579,Carson Schwesinger,LB,LB,2026,1,REG,2026_01_CLE_JAX,CLE,JAX,2,1,7,1,1,0,0,0,1,0,0,0,0,0,0
00-0040580,Josaiah Stewart,LB,LB,2026,1,REG,2026_01_SF_LA,LA,SF,2,0,4,0,0,0,0,0,1,0,0,0,0,0,0
00-0040585,Ty Hamilton,DT,DL,2026,1,REG,2026_01_SF_LA,LA,SF,0,0,1,0,0,0,0,0,0,0,0,0,0,0,0
00-0040613,Shaun Dolac,LB,LB,2026,1,REG,2026_01_SF_LA,LA,SF,3,0,3,0,0,0,0,0,0,0,0,0,0,0,0
00-0040634,Jordan Turner,LB,LB,2026,1,REG,2026_01_DEN_KC,DEN,KC,1,0,0,0,0,0,0,0,0,0,0,0,0,0,0
00-0040636,Keyon Martin,CB,DB,2026,1,REG,2026_01_BAL_IND,BAL,IND,2,0,0,0,0,0,0,0,0,0,0,0,0,0,0
00-0040640,Ashton Gillotte,DE,DL,2026,1,REG,2026_01_DEN_KC,KC,DEN,0,0,1,0,0,0,0,0,0,0,0,0,0,0,0
00-0040641,Darien Porter,CB,DB,2026,1,REG,2026_01_MIA_LV,LV,MIA,0,0,2,0,0,0,0,0,0,0,0,2,0,0,0
00-0040642,Vernon Broughton,DT,DL,2026,1,REG,2026_01_NO_DET,NO,DET,1,0,2,0,0,1,0,0,2,0,0,0,0,0,0
00-0040643,Jonas Sanker,SAF,DB,2026,1,REG,2026_01_NO_DET,NO,DET,7,0,3,1,1,0,0,0,0,0,0,0,0,0,0
00-0040647,Rylie Mills,DT,DL,2026,1,REG,2026_01_NE_SEA,SEA,NE,2,0,0,1,1,0,0,0,0,0,0,0,0,0,0
00-0040670,Nohl Williams,CB,DB,2026,1,REG,2026_01_DEN_KC,KC,DEN,2,0,1,1,3,0,1,3,1,0,0,1,0,0,0
00-0040672,Tyleik Williams,DT,DL,2026,1,REG,2026_01_NO_DET,DET,NO,1,0,2,0,0,0,0,0,0,0,0,0,0,0,0
00-0040677,Abdul Carter,LB,LB,2026,1,REG,2026_01_DAL_NYG,NYG,DAL,0,0,3,0,0,0,0,0,1,0,0,0,0,0,0
00-0040678,Derrick Harmon,DT,DL,2026,1,REG,2026_01_ATL_PIT,PIT,ATL,1,0,2,0,0,0,0,0,0,0,0,0,0,0,0
00-0040685,Mason Graham,DT,DL,2026,1,REG,2026_01_CLE_JAX,CLE,JAX,2,1,2,2,15,0,1,11,1,0,0,0,0,0,0
00-0040688,Malaki Starks,SAF,DB,2026,1,REG,2026_01_BAL_IND,BAL,IND,2,0,5,1,9,0,1,9,2,0,0,0,0,0,0
00-0040706,Walter Nolen,DT,DL,2026,1,REG,2026_01_ARI_LAC,ARI,LAC,0,0,1,0,0,0,0,0,0,0,0,0,0,0,0
00-0040708,Jihaad Campbell,LB,LB,2026,1,REG,2026_01_WAS_PHI,PHI,WAS,5,0,4,1,1,0,1,1,1,0,0,0,0,0,0
00-0040709,Maxwell Hairston,CB,DB,2026,1,REG,2026_01_BUF_HOU,BUF,HOU,2,0,1,0,0,0,0,0,0,0,0,0,0,0,0
00-0040710,Deone Walker,DT,DL,2026,1,REG,2026_01_BUF_HOU,BUF,HOU,3,0,3,2,11,0,1,9,1,0,0,0,0,0,0
00-0040711,C.J. West,DT,DL,2026,1,REG,2026_01_SF_LA,SF,LA,1,0,1,0,0,0,0,0,1,0,0,0,0,0,0
00-0040716,Craig Woodson,SAF,DB,2026,1,REG,2026_01_NE_SEA,NE,SEA,5,0,0,0,0,0,0,0,0,0,0,0,0,0,0
00-0040718,Travis Hunter,CB,DB,2026,1,REG,2026_01_CLE_JAX,JAX,CLE,1,0,0,0,0,0,0,0,0,0,0,0,0,0,0
00-0040720,Jahdae Barron,CB,DB,2026,1,REG,2026_01_DEN_KC,DEN,KC,4,0,0,0,0,0,0,0,0,0,0,0,0,0,0
00-0040725,Donovan Ezeiruaku,LB,LB,2026,1,REG,2026_01_DAL_NYG,DAL,NYG,4,0,6,1,1,1,0.5,0,2,0,0,0,0,0,0
00-0040738,Demetrius Knight Jr.,LB,LB,2026,1,REG,2026_01_TB_CIN,CIN,TB,5,0,2,0,0,0,0,0,0,0,0,0,0,0,0
00-0040744,Jaylahn Tuimoloau,DE,DL,2026,1,REG,2026_01_BAL_IND,IND,BAL,1,0,0,0,0,0,0,0,1,0,0,0,0,0,0
00-0040747,Benjamin Morrison,CB,DB,2026,1,REG,2026_01_TB_CIN,TB,CIN,4,0,0,1,4,0,0,0,0,0,0,1,0,0,0
00-0040749,Andrew Mukuba,SAF,DB,2026,1,REG,2026_01_WAS_PHI,PHI,WAS,1,0,0,0,0,0,0,0,0,0,0,0,0,0,0
00-0040751,Will Johnson,CB,DB,2026,1,REG,2026_01_ARI_LAC,ARI,LAC,2,0,2,0,0,0,0,0,0,0,0,0,0,0,0
00-0040752,Oluwafemi Oladejo,DE,DL,2026,1,REG,2026_01_NYJ_TEN,TEN,NYJ,1,0,2,1,8,0,0,0,0,0,0,0,0,0,0
00-0040865,Caleb Downs,SAF,DB,2026,1,REG,2026_01_DAL_NYG,DAL,NYG,4,0,4,0,0,1,1,1,1,0,0,0,0,0,0
00-0040868,Treydan Stukes,SAF,DB,2026,1,REG,2026_01_MIA_LV,LV,MIA,4,0,2,0,0,0,0,0,0,1,0,1,0,0,0
00-0040869,Chris McClellan,DT,DL,2026,1,REG,2026_01_GB_MIN,GB,MIN,0,0,1,0,0,0,0,0,0,0,0,0,0,0,0
00-0040872,Jaishawn Barham,LB,LB,2026,1,REG,2026_01_DAL_NYG,DAL,NYG,3,0,3,1,7,0,0,0,0,0,0,0,0,0,0
00-0040877,Dani Dennis-Sutton,LB,LB,2026,1,REG,2026_01_GB_MIN,GB,MIN,0,0,1,0,0,0,0,0,0,0,0,0,0,0,0
00-0040880,LT Overton,DT,DL,2026,1,REG,2026_01_DAL_NYG,DAL,NYG,0,0,1,0,0,0,0,0,0,0,0,1,0,0,0
00-0040889,Hezekiah Masses,CB,DB,2026,1,REG,2026_01_MIA_LV,LV,MIA,0,0,0,0,0,0,0,0,0,0,0,1,0,0,0
00-0040957,Xavier Nwankpa,SAF,DB,2026,1,REG,2026_01_DEN_KC,KC,DEN,1,0,1,0,0,0,0,0,0,0,0,0,0,0,0
00-0040978,Ethan Burke,LB,LB,2026,1,REG,2026_01_BAL_IND,BAL,IND,0,0,0,0,0,0,0,0,0,0,0,0,0,0,0
00-0041026,David Bailey,LB,LB,2026,1,REG,2026_01_NYJ_TEN,NYJ,TEN,4,0,0,1,1,0,1,1,1,0,0,0,0,0,0
00-0041028,Sonny Styles,LB,LB,2026,1,REG,2026_01_WAS_PHI,WAS,PHI,3,0,1,2,9,0,1,6,1,0,0,0,0,0,0
00-0041031,Rueben Bain Jr.,LB,LB,2026,1,REG,2026_01_TB_CIN,TB,CIN,1,0,0,0,0,0,0,0,0,0,0,0,0,0,0
00-0041036,TJ Parker,LB,LB,2026,1,REG,2026_01_BUF_HOU,BUF,HOU,0,0,2,0,0,0,0,0,0,0,0,0,0,0,0
00-0041043,A.J. Haulcy,SAF,DB,2026,1,REG,2026_01_BAL_IND,IND,BAL,4,0,3,0,0,0,0,0,0,0,0,0,0,0,0
00-0041045,Albert Regis,DT,DL,2026,1,REG,2026_01_CLE_JAX,JAX,CLE,0,0,1,0,0,0,0,0,0,0,0,0,0,0,0
00-0041046,Domonique Orange,DT,DL,2026,1,REG,2026_01_GB_MIN,MIN,GB,2,0,0,1,4,0,0,0,0,0,0,0,0,0,0
00-0041057,Keionte Scott,CB,DB,2026,1,REG,2026_01_TB_CIN,TB,CIN,4,0,0,0,0,0,0,0,0,0,0,0,0,0,0
00-0041060,Malik Muhammad,CB,DB,2026,1,REG,2026_01_CHI_CAR,CHI,CAR,2,0,1,0,0,0,0,0,0,1,0,2,0,0,0
00-0041063,Will Lee III,CB,DB,2026,1,REG,2026_01_CHI_CAR,CAR,CHI,5,0,0,0,0,0,0,0,0,0,0,1,0,0,0
00-0041064,Genesis Smith,SAF,DB,2026,1,REG,2026_01_ARI_LAC,LAC,ARI,4,0,1,0,0,0,0,0,0,0,0,0,0,0,0
00-0041066,Kendal Daniels,LB,LB,2026,1,REG,2026_01_ATL_PIT,ATL,PIT,1,0,3,0,0,0,0,0,0,0,0,0,0,0,0
00-0041078,Jaden Dugger,LB,LB,2026,1,REG,2026_01_SF_LA,SF,LA,1,0,4,0,0,0,0,0,0,0,0,0,0,0,0
00-0041093,Karson Sharar,LB,LB,2026,1,REG,2026_01_ARI_LAC,ARI,LAC,2,0,0,0,0,0,0,0,0,0,0,0,0,0,0
00-0041109,Namdi Obiazor,LB,LB,2026,1,REG,2026_01_NE_SEA,NE,SEA,2,0,1,0,0,0,0,0,0,0,0,0,0,0,0
00-0041111,Caden Curry,DE,DL,2026,1,REG,2026_01_BAL_IND,IND,BAL,0,0,1,0,0,0,0,0,0,0,0,0,0,0,0
00-0041112,Harold Perkins Jr.,LB,LB,2026,1,REG,2026_01_ATL_PIT,ATL,PIT,1,0,0,0,0,0,0,0,0,0,0,0,0,0,0
00-0041148,Aaron Hall,DT,DL,2026,1,REG,2026_01_CHI_CAR,CAR,CHI,0,0,1,0,0,0,0,0,0,0,0,0,0,0,0
00-0041175,Skyler Thomas,SAF,DB,2026,1,REG,2026_01_CHI_CAR,CHI,CAR,0,0,1,0,0,0,0,0,0,0,0,0,0,0,0
00-0041227,Tahj Chambers,LB,LB,2026,1,REG,2026_01_BAL_IND,IND,BAL,1,0,0,0,0,0,0,0,0,0,0,0,0,0,0
00-0041305,Sabastian Harsh,DE,DL,2026,1,REG,2026_01_BUF_HOU,HOU,BUF,0,0,1,0,0,0,0,0,0,0,0,0,0,0,0
00-0041320,Kenneth Harris,CB,DB,2026,1,REG,2026_01_BAL_IND,IND,BAL,1,0,0,0,0,0,0,0,0,0,0,0,0,0,0
00-0041354,Jacob Thomas,SAF,DB,2026,1,REG,2026_01_GB_MIN,MIN,GB,2,0,1,0,0,0,0,0,0,0,0,0,0,0,0
00-0041363,James Thompson Jr.,DT,DL,2026,1,REG,2026_01_SF_LA,SF,LA,0,0,2,0,0,0,0,0,0,0,0,0,0,0,0
00-0041390,Christen Miller,DT,DL,2026,1,REG,2026_01_NO_DET,NO,DET,0,0,0,0,0,0,0,0,0,0,0,0,0,0,0
00-0041391,Davison Igbinosun,CB,DB,2026,1,REG,2026_01_BUF_HOU,BUF,HOU,1,0,1,0,0,0,0,0,0,0,0,1,0,0,0
00-0041393,Daylen Everette,CB,DB,2026,1,REG,2026_01_ATL_PIT,PIT,ATL,1,0,0,0,0,0,0,0,0,0,0,0,0,0,0
00-0041401,Robert Spears-Jennings,SAF,DB,2026,1,REG,2026_01_ATL_PIT,PIT,ATL,1,0,2,0,0,0,0,0,0,0,0,0,0,0,0
00-0041444,Kaleb Elarms-Orr,LB,LB,2026,1,REG,2026_01_BUF_HOU,BUF,HOU,0,0,2,0,0,0,0,0,0,0,0,0,0,0,0
00-0041445,Keith Abney II,CB,DB,2026,1,REG,2026_01_NO_DET,DET,NO,2,0,0,1,2,0,0,0,0,0,0,0,0,0,0
00-0041447,Skyler Gill-Howard,DT,DL,2026,1,REG,2026_01_NO_DET,DET,NO,1,0,2,0,0,0,0,0,0,0,0,0,0,0,0
00-0041459,Eric O'Neill,DE,DL,2026,1,REG,2026_01_NO_DET,DET,NO,2,0,1,0,0,0,0,0,0,0,0,0,0,0,0
00-0041464,Tacario Davis,CB,DB,2026,1,REG,2026_01_TB_CIN,CIN,TB,0,0,1,0,0,0,0,0,0,0,0,0,0,0,0
00-0041465,Wade Woodaz,LB,LB,2026,1,REG,2026_01_BUF_HOU,HOU,BUF,0,0,1,0,0,0,0,0,0,0,0,0,0,0,0
00-0041469,Avieon Terrell,CB,DB,2026,1,REG,2026_01_ATL_PIT,ATL,PIT,1,0,0,0,0,0,0,0,0,0,0,0,0,0,0
00-0041470,Brandon Cisse,CB,DB,2026,1,REG,2026_01_GB_MIN,GB,MIN,1,0,0,0,0,0,0,0,0,0,0,1,0,0,0
00-0041471,Emmanuel McNeil-Warren,SAF,DB,2026,1,REG,2026_01_CLE_JAX,CLE,JAX,1,0,2,0,0,0,0,0,0,0,0,0,0,0,0
00-0041478,Lee Hunter,DT,DL,2026,1,REG,2026_01_CHI_CAR,CAR,CHI,4,0,2,0,0,0,0,0,0,0,0,0,0,0,0
00-0041479,Anthony Hill Jr.,LB,LB,2026,1,REG,2026_01_NYJ_TEN,TEN,NYJ,2,0,14,0,0,0,0,0,0,0,0,2,0,0,0
00-0041495,Jake Golday,LB,LB,2026,1,REG,2026_01_GB_MIN,MIN,GB,1,0,0,0,0,0,0,0,0,0,0,0,0,0,0
00-0041497,Jadon Canady,CB,DB,2026,1,REG,2026_01_DEN_KC,KC,DEN,0,0,0,0,0,0,0,0,0,0,0,0,0,0,0
00-0041501,R Mason Thomas,DE,DL,2026,1,REG,2026_01_DEN_KC,KC,DEN,1,0,1,1,5,0,1,5,1,0,0,0,0,0,0
00-0041502,Josiah Trotter,LB,LB,2026,1,REG,2026_01_TB_CIN,TB,CIN,4,0,7,2,10,0,1,9,1,1,38,1,1,0,0
00-0041508,Keldric Faulk,DE,DL,2026,1,REG,2026_01_NYJ_TEN,TEN,NYJ,0,0,1,0,0,0,0,0,0,0,0,0,0,0,0
00-0041509,Arvell Reese,LB,LB,2026,1,REG,2026_01_DAL_NYG,NYG,DAL,4,1,0,1,5,0,0,0,1,0,0,0,0,0,0
00-0041518,Bryce Boettcher,LB,LB,2026,1,REG,2026_01_BAL_IND,IND,BAL,2,0,5,0,0,0,0,0,0,0,0,0,0,0,0
00-0041522,Jacob Rodriguez,LB,LB,2026,1,REG,2026_01_MIA_LV,MIA,LV,5,0,9,0,0,0,0,0,0,0,0,0,0,0,0
00-0041528,Michael Taaffe,SAF,DB,2026,1,REG,2026_01_MIA_LV,MIA,LV,1,0,3,0,0,0,0,0,0,1,2,1,0,0,0
00-0041533,Chris Johnson,CB,DB,2026,1,REG,2026_01_MIA_LV,MIA,LV,5,0,6,1,1,0,0,0,0,0,0,2,0,0,0
00-0041537,Malachi Lawrence,LB,LB,2026,1,REG,2026_01_DAL_NYG,DAL,NYG,2,0,3,0,0,0,0,0,0,0,0,0,0,0,0
00-0041538,Dillon Thieneman,SAF,DB,2026,1,REG,2026_01_CHI_CAR,CHI,CAR,8,0,2,0,0,0,0,0,1,0,0,1,0,0,0
00-0041543,Mansoor Delane,CB,DB,2026,1,REG,2026_01_DEN_KC,KC,DEN,0,0,0,0,0,0,0,0,0,1,5,1,0,0,0
00-0041544,Akheem Mesidor,LB,LB,2026,1,REG,2026_01_ARI_LAC,LAC,ARI,1,0,1,0,0,0,0,0,0,0,0,0,0,0,0
00-0041545,Peter Woods,DT,DL,2026,1,REG,2026_01_DEN_KC,KC,DEN,1,0,1,0,0,0,0,0,0,0,0,1,0,0,0
00-0041549,Darrell Jackson Jr.,DT,DL,2026,1,REG,2026_01_NYJ_TEN,NYJ,TEN,0,0,1,0,0,0,0,0,0,0,0,0,0,0,0
00-0041569,Gabe Jacas,LB,LB,2026,1,REG,2026_01_NE_SEA,NE,SEA,3,0,0,2,10,0,1,7,1,0,0,0,0,0,0
00-0026190,Calais Campbell,DE,DL,2026,2,REG,2026_02_NO_BAL,BAL,NO,0,0,1,0,0,0,0,0,0,0,0,0,0,0,0
00-0027940,Von Miller,OLB,LB,2026,2,REG,2026_02_WAS_DAL,DAL,WAS,0,0,1,0,0,0,0,0,0,0,0,0,0,0,0
00-0027962,Cameron Jordan,LB,LB,2026,2,REG,2026_02_NO_BAL,NO,BAL,1,0,1,0,0,0,0,0,0,0,0,0,0,0,0
00-0027969,Cameron Heyward,DE,DL,2026,2,REG,2026_02_PIT_NE,PIT,NE,0,0,3,0,0,0,0,0,1,0,0,1,0,0,0
00-0029606,Harrison Smith,FS,DB,2026,2,REG,2026_02_MIN_CHI,MIN,CHI,3,0,0,0,0,0,0,0,0,0,0,0,0,0,0
00-0029607,Demario Davis,OLB,LB,2026,2,REG,2026_02_GB_NYJ,NYJ,GB,2,1,1,1,1,0,0,0,0,0,0,0,0,0,0
00-0030070,John Jenkins,DT,DL,2026,2,REG,2026_02_NO_BAL,BAL,NO,1,0,1,0,0,0,0,0,0,0,0,0,0,0,0
00-0030294,Tony Jefferson,S,DB,2026,2,REG,2026_02_LV_LAC,LAC,LV,3,0,3,0,0,0,0,0,0,0,0,0,0,0,0
00-0031040,Khalil Mack,OLB,LB,2026,2,REG,2026_02_LV_LAC,LAC,LV,2,0,1,1,4,0,1,4,2,0,0,0,0,0,0
00-0031054,DaQuan Jones,DE,DL,2026,2,REG,2026_02_PIT_NE,NE,PIT,1,0,0,0,0,0,0,0,0,0,0,0,0,0,0
00-0031270,Shelby Harris,DE,DL,2026,2,REG,2026_02_NYG_LA,NYG,LA,1,0,0,0,0,0,0,0,0,0,0,0,0,0,0
00-0031360,Kyle Van Noy,MLB,LB,2026,2,REG,2026_02_MIN_CHI,MIN,CHI,1,0,0,1,2,0,0,0,0,0,0,0,0,0,0
00-0031388,Aaron Donald,DE,DL,2026,2,REG,2026_02_NYG_LA,LA,NYG,1,0,2,1,3,0,0,0,0,0,0,0,0,0,0
00-0031411,DeMarcus Lawrence,LB,LB,2026,2,REG,2026_02_SEA_ARI,SEA,ARI,0,0,0,0,0,0,0,0,1,0,0,1,0,0,0
00-0031565,Danielle Hunter,DE,DL,2026,2,REG,2026_02_CIN_HOU,HOU,CIN,1,0,0,1,6,0,1,6,1,0,0,1,0,0,0
00-0031576,Za'Darius Smith,DE,DL,2026,2,REG,2026_02_CAR_ATL,ATL,CAR,1,0,1,1,4,0,0.5,3,1,0,0,1,0,0,0
00-0031583,Grady Jarrett,DT,DL,2026,2,REG,2026_02_MIN_CHI,CHI,MIN,1,0,1,0,0,0,0,0,0,0,0,0,0,0,0
00-0031898,Alex Singleton,LB,LB,2026,2,REG,2026_02_JAX_DEN,DEN,JAX,5,0,4,0,0,0,0,0,0,0,0,1,0,0,0
00-0031933,Leonard Williams,DE,DL,2026,2,REG,2026_02_SEA_ARI,SEA,ARI,3,1,2,2,8,0,1,7,1,0,0,0,0,0,0
00-0031957,Rakeem Nunez-Roches,DT,DL,2026,2,REG,2026_02_CLE_TB,TB,CLE,0,0,1,0,0,0,0,0,0,0,0,0,0,0,0
00-0032146,Bud Dupree,OLB,LB,2026,2,REG,2026_02_LV_LAC,LAC,LV,0,0,1,0,0,0,0,0,1,0,0,0,0,0,0
00-0032164,Arik Armstead,DT,DL,2026,2,REG,2026_02_JAX_DEN,JAX,DEN,1,0,0,1,1,0,0,0,0,0,0,0,0,0,0
00-0032265,Mario Edwards,DT,DL,2026,2,REG,2026_02_CIN_HOU,HOU,CIN,0,0,4,0,0,0,0.5,0,1,0,0,0,0,0,0
00-0032378,DeForest Buckner,DT,DL,2026,2,REG,2026_02_IND_KC,IND,KC,1,0,4,1,8,0,1,8,1,0,0,1,0,0,0
00-0032387,Jarran Reed,DT,DL,2026,2,REG,2026_02_SEA_ARI,SEA,ARI,1,0,0,1,7,0,1,7,2,0,0,0,0,0,0
00-0032424,DJ Reader,DT,DL,2026,2,REG,2026_02_NYG_LA,NYG,LA,3,0,0,0,0,0,0,0,0,0,0,0,0,0,0
00-0032759,Sheldon Rankins,DT,DL,2026,2,REG,2026_02_CIN_HOU,HOU,CIN,1,1,1,2,9,0,1,8,2,0,0,0,0,0,0
00-0032762,Chris Jones,DE,DL,2026,2,REG,2026_02_IND_KC,KC,IND,3,0,3,0,0,0,0,0,1,0,0,0,0,0,0
00-0032889,A'Shawn Robinson,DT,DL,2026,2,REG,2026_02_CLE_TB,TB,CLE,2,0,3,1,7,0,1,7,1,0,0,0,0,0,0
00-0033038,Eric Murray,S,DB,2026,2,REG,2026_02_JAX_DEN,JAX,DEN,2,0,0,0,0,0,0,0,0,0,0,0,0,0,0
00-0033055,Jalen Ramsey,CB,DB,2026,2,REG,2026_02_PIT_NE,PIT,NE,2,0,3,0,0,0,0,0,0,0,0,0,0,0,0
00-0033093,Jonathan Bullard,DE,DL,2026,2,REG,2026_02_WAS_DAL,DAL,WAS,0,0,0,0,0,0,0,0,1,0,0,0,0,0,0
00-0033120,Kenny Clark,NT,DL,2026,2,REG,2026_02_WAS_DAL,DAL,WAS,1,0,2,0,0,0,0,0,1,0,0,0,0,0,0
00-0033131,Maliek Collins,DT,DL,2026,2,REG,2026_02_CLE_TB,CLE,TB,1,0,1,0,0,0,0,0,0,0,0,0,0,0,0
00-0033132,Kevin Byard,FS,DB,2026,2,REG,2026_02_PIT_NE,NE,PIT,2,0,2,0,0,0,0,0,0,0,0,0,0,0,0
00-0033281,Marlon Humphrey,CB,DB,2026,2,REG,2026_02_NO_BAL,BAL,NO,4,0,0,0,0,0,0,0,0,0,0,1,0,0,0
00-0033294,Chuck Clark,SAF,DB,2026,2,REG,2026_02_DET_BUF,DET,BUF,4,0,7,0,0,0,0,0,0,0,0,0,0,0,0
00-0033297,D.J. Jones,DT,DL,2026,2,REG,2026_02_JAX_DEN,DEN,JAX,1,0,0,0,0,0,0,0,0,0,0,0,0,0,0
00-0033336,Eric Wilson,LB,LB,2026,2,REG,2026_02_MIN_CHI,MIN,CHI,3,0,4,0,0,0,0,0,1,0,0,0,0,0,0
00-0033381,Adam Butler,DT,DL,2026,2,REG,2026_02_LV_LAC,LV,LAC,0,0,1,0,0,0,0,0,0,0,0,0,0,0,0
00-0033523,Jonathan Allen,DT,DL,2026,2,REG,2026_02_CIN_HOU,CIN,HOU,1,2,0,3,11,0,1,8,1,0,0,0,0,0,0
00-0033546,Dalvin Tomlinson,DE,DL,2026,2,REG,2026_02_LV_LAC,LAC,LV,0,0,4,0,0,0,0.5,0.5,1,0,0,0,0,0,0
00-0033551,Rasul Douglas,CB,DB,2026,2,REG,2026_02_WAS_DAL,WAS,DAL,1,0,2,0,0,0,0,0,0,0,0,0,0,0,0
00-0033579,Xavier Woods,FS,DB,2026,2,REG,2026_02_MIN_CHI,CHI,MIN,0,0,2,0,0,0,0,0,0,0,0,0,0,0,0
00-0033860,Davon Godchaux,DT,DL,2026,2,REG,2026_02_NO_BAL,NO,BAL,0,0,1,0,0,0,0,0,0,0,0,0,0,0,0
00-0033870,Solomon Thomas,DT,DL,2026,2,REG,2026_02_PHI_TEN,TEN,PHI,1,0,2,0,0,0,0,0,0,0,0,0,0,0,0
00-0033876,Derek Barnett,DE,DL,2026,2,REG,2026_02_CLE_TB,CLE,TB,1,1,0,1,1,0,0,0,0,0,0,0,0,0,0
00-0033886,T.J. Watt,OLB,LB,2026,2,REG,2026_02_PIT_NE,PIT,NE,2,0,2,1,12,0,1.5,13.5,2,0,0,0,0,0,0
00-0033890,Budda Baker,S,DB,2026,2,REG,2026_02_SEA_ARI,ARI,SEA,7,0,4,1,16,0,1,16,1,0,0,1,0,0,0
00-0033914,Alex Anzalone,MLB,LB,2026,2,REG,2026_02_CLE_TB,TB,CLE,2,0,6,0,0,0,0,0,0,0,0,0,0,0,0
00-0033918,Fabian Moreau,CB,DB,2026,2,REG,2026_02_WAS_DAL,WAS,DAL,1,0,0,0,0,0,0,0,0,0,0,0,0,0,0
00-0033928,Jourdan Lewis,CB,DB,2026,2,REG,2026_02_JAX_DEN,JAX,DEN,4,0,0,0,0,0,0,0,0,1,0,1,0,0,0
00-0033935,Trey Hendrickson,LB,LB,2026,2,REG,2026_02_NO_BAL,BAL,NO,3,0,0,1,4,0,1,4,1,0,0,0,0,0,0
00-0033941,Rayshawn Jenkins,DB,DB,2026,2,REG,2026_02_PIT_NE,PIT,NE,4,0,1,0,0,0,0,0,0,0,0,0,0,0,0
00-0033945,Samson Ebukam,DE,DL,2026,2,REG,2026_02_CAR_ATL,ATL,CAR,0,0,2,0,0,0,0.5,4.5,2,0,0,0,0,0,0
00-0033952,Grover Stewart,DT,DL,2026,2,REG,2026_02_IND_KC,IND,KC,1,0,3,0,0,0,0,0,1,0,0,0,0,0,0
00-0034163,Jacob Martin,DE,DL,2026,2,REG,2026_02_PHI_TEN,TEN,PHI,1,0,0,1,11,0,1,11,2,0,0,0,0,0,0
00-0034234,Poona Ford,DT,DL,2026,2,REG,2026_02_NYG_LA,LA,NYG,1,0,3,0,0,0,0,0,0,0,0,0,0,0,0
00-0034248,Elijah Campbell,DB,DB,2026,2,REG,2026_02_NYG_LA,NYG,LA,1,0,2,0,0,0,0,0,0,0,0,0,0,0,0
00-0034275,Foley Fatukasi,DT,DL,2026,2,REG,2026_02_LV_LAC,LV,LAC,0,0,2,0,0,0,0,0,0,0,0,0,0,0,0
00-0034278,Tremon Smith,CB,DB,2026,2,REG,2026_02_CIN_HOU,HOU,CIN,0,0,0,0,0,0,0,0,0,0,0,0,0,0,0
00-0034285,Zach Sieler,DE,DL,2026,2,REG,2026_02_MIA_SF,MIA,SF,0,0,1,0,0,0,0,0,0,0,0,0,0,0,0
00-0034320,Kentavius Street,DE,DL,2026,2,REG,2026_02_MIN_CHI,CHI,MIN,1,0,1,0,0,0,0,0,0,0,0,0,0,0,0
00-0034333,Daron Payne,NT,DL,2026,2,REG,2026_02_WAS_DAL,WAS,DAL,1,0,1,0,0,0,0,0,1,0,0,0,0,0,0
00-0034350,Uchenna Nwosu,LB,LB,2026,2,REG,2026_02_SEA_ARI,SEA,ARI,0,0,1,0,0,0,0,0,0,0,0,0,0,0,0
00-0034356,Donte Jackson,CB,DB,2026,2,REG,2026_02_LV_LAC,LAC,LV,2,1,2,1,2,1,0,0,0,0,0,1,0,0,0
00-0034361,Justin Reid,S,DB,2026,2,REG,2026_02_NO_BAL,NO,BAL,3,0,0,0,0,0,0,0,0,0,0,0,0,0,0
00-0034373,Dorance Armstrong,DE,DL,2026,2,REG,2026_02_WAS_DAL,WAS,DAL,3,0,2,0,0,0,0,0,1,0,0,0,0,0,0
00-0034376,Taron Johnson,CB,DB,2026,2,REG,2026_02_LV_LAC,LV,LAC,3,0,0,0,0,1,0,0,1,0,0,0,0,0,0
00-0034377,Avonte Maddox,FS,DB,2026,2,REG,2026_02_DET_BUF,DET,BUF,1,0,2,0,0,0,0,0,0,0,0,0,0,0,0
00-0034381,Josh Sweat,LB,LB,2026,2,REG,2026_02_SEA_ARI,ARI,SEA,1,0,0,0,0,0,0,0,0,0,0,0,0,0,0
00-0034384,D.J. Reed,CB,DB,2026,2,REG,2026_02_DET_BUF,DET,BUF,2,0,4,0,0,0,0,0,0,0,0,0,0,0,0
00-0034391,Siran Neal,DB,DB,2026,2,REG,2026_02_MIA_SF,SF,MIA,0,0,0,0,0,0,0,0,0,0,0,0,0,0,0
00-0034397,Tim Settle,DT,DL,2026,2,REG,2026_02_WAS_DAL,WAS,DAL,2,0,0,0,0,0,0,0,0,0,0,0,0,0,0
00-0034413,Foye Oluokun,LB,LB,2026,2,REG,2026_02_JAX_DEN,JAX,DEN,5,0,2,0,0,0,0,0,0,0,0,0,0,0,0
00-0034431,Zaire Franklin,OLB,LB,2026,2,REG,2026_02_GB_NYJ,GB,NYJ,2,0,5,0,0,0,0,0,0,0,0,0,0,0,0
00-0034446,Jalen Davis,CB,DB,2026,2,REG,2026_02_CIN_HOU,CIN,HOU,2,0,1,0,0,0,0,0,0,0,0,1,0,0,0
00-0034465,Jeremy Reaves,DB,DB,2026,2,REG,2026_02_WAS_DAL,WAS,DAL,4,0,3,0,0,0,0,0,0,0,0,0,0,0,0
00-0034473,Dennis Gardeck,LB,LB,2026,2,REG,2026_02_JAX_DEN,JAX,DEN,4,1,0,1,1,0,0,0,2,0,0,0,0,0,0
00-0034485,Jonathan Owens,SAF,DB,2026,2,REG,2026_02_IND_KC,IND,KC,1,0,0,0,0,0,0,0,0,0,0,0,0,0,0
00-0034573,Charvarius Ward,CB,DB,2026,2,REG,2026_02_IND_KC,IND,KC,1,0,1,0,0,0,0,0,0,0,0,0,0,0,0
00-0034673,Tremaine Edmunds,MLB,LB,2026,2,REG,2026_02_NYG_LA,NYG,LA,0,0,5,0,0,0,0,0,0,0,0,1,0,0,0
00-0034675,Jessie Bates,FS,DB,2026,2,REG,2026_02_CAR_ATL,ATL,CAR,4,0,2,0,0,0,0,0,0,0,0,0,0,0,0
00-0034720,Robert Spillane,LB,LB,2026,2,REG,2026_02_PIT_NE,NE,PIT,3,0,3,0,0,0,0,0,1,0,0,0,0,0,0
00-0034754,Oren Burks,ILB,LB,2026,2,REG,2026_02_CIN_HOU,CIN,HOU,1,0,0,0,0,0,0,0,0,0,0,0,0,0,0
00-0034760,Nathan Shepherd,DE,DL,2026,2,REG,2026_02_NO_BAL,NO,BAL,1,0,3,0,0,0,0.5,6,1,0,0,0,0,0,0
00-0034773,Vita Vea,DT,DL,2026,2,REG,2026_02_CLE_TB,TB,CLE,0,0,2,0,0,0,0,0,0,0,0,0,0,0,0
00-0034782,Harrison Phillips,DT,DL,2026,2,REG,2026_02_GB_NYJ,NYJ,GB,0,0,0,0,0,0,0,0,0,0,0,0,0,0,0
00-0034790,Derwin James,FS,DB,2026,2,REG,2026_02_LV_LAC,LAC,LV,2,0,5,0,0,0,0,0,0,0,0,0,0,0,0
00-0034801,Josh Woods,LB,LB,2026,2,REG,2026_02_CAR_ATL,ATL,CAR,0,0,1,0,0,0,0,0,0,0,0,0,0,0,0
00-0034805,John Franklin-Myers,DE,DL,2026,2,REG,2026_02_PHI_TEN,TEN,PHI,1,0,1,0,0,0,1,0,1,0,0,0,0,0,0
00-0034810,Sebastian Joseph-Day,DT,DL,2026,2,REG,2026_02_PIT_NE,PIT,NE,1,0,0,1,3,0,0,0,0,0,0,0,0,0,0
00-0034815,Fred Warner,MLB,LB,2026,2,REG,2026_02_MIA_SF,SF,MIA,1,0,4,0,0,1,0.5,2,1,0,0,0,0,0,0
00-0034825,Arden Key,DE,DL,2026,2,REG,2026_02_IND_KC,IND,KC,0,0,1,0,0,0,0,0,1,0,0,0,0,0,0
00-0034832,Bradley Chubb,OLB,LB,2026,2,REG,2026_02_DET_BUF,BUF,DET,2,0,2,1,13,0,1.5,17,2,0,0,0,0,0,0
00-0034843,Mike Hughes,CB,DB,2026,2,REG,2026_02_CAR_ATL,ATL,CAR,2,0,3,0,0,0,0,0,0,0,0,0,0,0,0
00-0034856,Denzel Ward,CB,DB,2026,2,REG,2026_02_CLE_TB,CLE,TB,4,0,1,0,0,1,0,0,0,0,0,0,0,0,0
00-0034874,Roquan Smith,ILB,LB,2026,2,REG,2026_02_NO_BAL,BAL,NO,2,0,6,0,0,0,0,0,0,0,0,0,0,0,0
00-0034967,Rashan Gary,LB,LB,2026,2,REG,2026_02_WAS_DAL,DAL,WAS,2,0,1,0,0,0,0,0,0,0,0,0,0,0,0
00-0034973,Maxx Crosby,DE,DL,2026,2,REG,2026_02_LV_LAC,LV,LAC,1,0,0,0,0,0,0,0,1,0,0,0,0,0,0
00-0034974,Julian Love,SAF,DB,2026,2,REG,2026_02_SEA_ARI,SEA,ARI,3,0,0,0,0,0,0,0,0,1,0,2,0,0,0
00-0034982,Dre Greenlaw,LB,LB,2026,2,REG,2026_02_MIA_SF,SF,MIA,5,0,3,0,0,0,0,0,0,0,0,0,0,0,0
00-0034993,Marcus Epps,SAF,DB,2026,2,REG,2026_02_PHI_TEN,PHI,TEN,1,0,1,0,0,0,0,0,0,0,0,0,0,0,0
00-0035133,Keisean Nixon,DB,DB,2026,2,REG,2026_02_GB_NYJ,GB,NYJ,6,0,1,0,0,0,0,0,0,0,0,0,0,0,0
00-0035144,Mack Wilson,LB,LB,2026,2,REG,2026_02_SEA_ARI,ARI,SEA,4,0,5,0,0,0,0,0,0,0,0,0,0,0,0
00-0035166,Azeez Al-Shaair,LB,LB,2026,2,REG,2026_02_CIN_HOU,HOU,CIN,6,0,6,0,0,0,0,0,0,0,0,0,0,0,0
00-0035202,Del'Shawn Phillips,LB,LB,2026,2,REG,2026_02_LV_LAC,LAC,LV,4,0,3,0,0,0,0,0,0,0,0,0,0,0,0
00-0035227,P.J. Locke,DB,DB,2026,2,REG,2026_02_WAS_DAL,DAL,WAS,1,0,0,0,0,0,0,0,0,0,0,0,0,0,0
00-0035236,Byron Murphy,CB,DB,2026,2,REG,2026_02_MIN_CHI,MIN,CHI,4,0,3,0,0,0,0,0,0,1,-1,2,0,0,0
00-0035240,Jahlani Tavai,LB,LB,2026,2,REG,2026_02_JAX_DEN,JAX,DEN,1,0,0,0,0,0,0,0,0,0,0,0,0,0,0
00-0035248,Zach Allen,DE,DL,2026,2,REG,2026_02_JAX_DEN,DEN,JAX,1,0,0,0,0,0,0,0,1,0,0,0,0,0,0
00-0035253,C.J. Gardner-Johnson,SAF,DB,2026,2,REG,2026_02_DET_BUF,BUF,DET,1,0,0,0,0,0,0,0,0,0,0,0,0,0,0
00-0035254,Anthony Nelson,LB,LB,2026,2,REG,2026_02_CLE_TB,TB,CLE,1,0,0,0,0,0,0,0,0,0,0,0,0,0,0
00-0035262,Drue Tranquill,LB,LB,2026,2,REG,2026_02_IND_KC,KC,IND,4,0,4,2,2,0,0,0,0,0,0,1,0,0,0
00-0035272,Andrew Van Ginkel,OLB,LB,2026,2,REG,2026_02_MIN_CHI,MIN,CHI,3,0,0,1,17,0,1,17,3,0,0,0,0,0,0
00-0035276,Blake Cashman,LB,LB,2026,2,REG,2026_02_MIN_CHI,MIN,CHI,6,0,4,0,0,0,1,0,1,0,0,0,0,0,0
00-0035277,Mike Jackson,CB,DB,2026,2,REG,2026_02_CAR_ATL,CAR,ATL,1,0,2,0,0,0,0,0,0,0,0,0,0,0,0
00-0035279,Charles Omenihu,DE,DL,2026,2,REG,2026_02_WAS_DAL,WAS,DAL,0,0,0,0,0,0,0,0,1,0,0,0,0,0,0
00-0035286,Cole Holcomb,LB,LB,2026,2,REG,2026_02_PIT_NE,PIT,NE,1,0,0,0,0,0,0,0,0,0,0,0,0,0,0
00-0035316,Kaden Elliss,LB,LB,2026,2,REG,2026_02_NO_BAL,NO,BAL,4,0,2,1,1,0,0,0,2,0,0,0,0,0,0
00-0035357,Cam Lewis,CB,DB,2026,2,REG,2026_02_MIN_CHI,CHI,MIN,3,0,2,0,0,0,0,0,0,0,0,0,0,0,0
00-0035363,Joe Giles-Harris,LB,LB,2026,2,REG,2026_02_CIN_HOU,CIN,HOU,0,0,1,0,0,0,0,0,0,0,0,0,0,0,0
00-0035378,Andrew Wingard,SAF,DB,2026,2,REG,2026_02_SEA_ARI,ARI,SEA,5,0,3,1,1,0,0,0,0,0,0,0,0,0,0
00-0035386,T.J. Edwards,LB,LB,2026,2,REG,2026_02_MIN_CHI,CHI,MIN,2,0,2,0,0,0,0,0,0,0,0,0,0,0,0
00-0035402,Carl Granderson,DE,DL,2026,2,REG,2026_02_NO_BAL,NO,BAL,2,0,3,1,3,0,0,0,0,0,0,0,0,0,0
00-0035413,Luke Gifford,LB,LB,2026,2,REG,2026_02_MIA_SF,SF,MIA,0,0,2,0,0,0,0,0,0,0,0,0,0,0,0
00-0035525,Devin Bush,LB,LB,2026,2,REG,2026_02_MIN_CHI,CHI,MIN,3,0,1,1,22,0,0,0,0,0,0,1,0,0,0
00-0035617,Troy Reeder,LB,LB,2026,2,REG,2026_02_GB_NYJ,NYJ,GB,1,0,2,0,0,0,0,0,0,0,0,0,0,0,0
00-0035632,Amani Hooker,SAF,DB,2026,2,REG,2026_02_PHI_TEN,TEN,PHI,3,0,3,0,0,0,0,0,0,1,92,1,0,0,0
00-0035636,L.J. Collier,DE,DL,2026,2,REG,2026_02_SEA_ARI,ARI,SEA,1,0,1,0,0,0,0,0,0,0,0,0,0,0,0
00-0035637,Rock Ya-Sin,CB,DB,2026,2,REG,2026_02_DET_BUF,DET,BUF,5,0,1,0,0,0,0,0,0,0,0,0,0,0,0
00-0035642,Josh Hines-Allen,DE,DL,2026,2,REG,2026_02_JAX_DEN,JAX,DEN,0,0,3,0,0,0,0,0,0,0,0,0,0,0,0
00-0035643,Jeffery Simmons,DT,DL,2026,2,REG,2026_02_PHI_TEN,TEN,PHI,3,0,3,1,1,0,1,1,3,0,0,0,0,0,0
00-0035647,Montez Sweat,DE,DL,2026,2,REG,2026_02_MIN_CHI,CHI,MIN,0,0,3,0,0,0,0,0,0,0,0,0,0,0,0
00-0035667,Greg Gaines,DT,DL,2026,2,REG,2026_02_DET_BUF,BUF,DET,0,0,1,0,0,0,0,0,0,0,0,0,0,0,0
00-0035669,Nick Scott,SAF,DB,2026,2,REG,2026_02_CAR_ATL,CAR,ATL,1,0,0,0,0,0,0,0,0,0,0,0,0,0,0
00-0035672,Cody Barton,LB,LB,2026,2,REG,2026_02_PHI_TEN,TEN,PHI,2,0,2,0,0,0,0,0,0,0,0,0,0,0,0
00-0035674,Jerry Tillery,DT,DL,2026,2,REG,2026_02_IND_KC,IND,KC,2,0,1,1,3,0,1,3,1,0,0,0,0,0,0
00-0035678,Dre'Mont Jones,DE,DL,2026,2,REG,2026_02_PIT_NE,NE,PIT,0,0,1,0,0,0,0,0,0,0,0,0,0,0,0
00-0035680,Quincy Williams,LB,LB,2026,2,REG,2026_02_CLE_TB,CLE,TB,4,0,2,1,3,0,0,0,0,0,0,0,0,0,0
00-0035683,Dexter Lawrence,DT,DL,2026,2,REG,2026_02_CIN_HOU,CIN,HOU,2,0,1,1,1,0,0,0,1,0,0,0,0,0,0
00-0035687,Bobby Okereke,ILB,LB,2026,2,REG,2026_02_CAR_ATL,CAR,ATL,6,0,3,0,0,0,0,0,1,1,3,1,0,0,0
00-0035692,Clelin Ferrell,DE,DL,2026,2,REG,2026_02_MIA_SF,MIA,SF,1,0,1,0,0,0,0,0,0,0,0,0,0,0,0
00-0035699,Jamel Dean,CB,DB,2026,2,REG,2026_02_PIT_NE,PIT,NE,2,0,1,0,0,1,0,0,0,0,0,0,0,0,0
00-0035705,Jalen Thompson,DB,DB,2026,2,REG,2026_02_WAS_DAL,DAL,WAS,3,0,2,0,0,0,0,0,1,0,0,0,0,0,0
00-0035707,Devin White,LB,LB,2026,2,REG,2026_02_DET_BUF,DET,BUF,3,0,3,0,0,0,0,0,0,0,0,0,0,0,0
00-0035713,Brian Burns,LB,LB,2026,2,REG,2026_02_NYG_LA,NYG,LA,2,0,0,0,0,0,0,0,1,0,0,0,0,0,0
00-0035717,Nick Bosa,DE,DL,2026,2,REG,2026_02_MIA_SF,SF,MIA,0,0,3,0,0,0,0,0,0,0,0,0,0,0,0
00-0035718,Quinnen Williams,DT,DL,2026,2,REG,2026_02_WAS_DAL,DAL,WAS,2,0,2,1,1,0,0,0,1,0,0,0,0,0,0
00-0035763,Malcolm Roach,DT,DL,2026,2,REG,2026_02_JAX_DEN,DEN,JAX,3,0,1,2,6,0,1,5,2,0,0,0,0,0,0
00-0035795,James Pierre,CB,DB,2026,2,REG,2026_02_MIN_CHI,MIN,CHI,2,0,0,0,0,0,0,0,0,0,0,1,0,0,0
00-0035900,Cole Christiansen,LB,LB,2026,2,REG,2026_02_IND_KC,KC,IND,2,0,0,0,0,0,0,0,0,0,0,0,0,0,0
00-0035933,Michael Hoecht,LB,LB,2026,2,REG,2026_02_DET_BUF,BUF,DET,0,0,1,0,0,0,0.5,4,1,0,0,0,0,0,0
00-0036037,Sam Franklin Jr.,SAF,DB,2026,2,REG,2026_02_DET_BUF,BUF,DET,1,0,0,0,0,0,0,0,0,0,0,0,0,0,0
00-0036081,Broderick Washington,DT,DL,2026,2,REG,2026_02_NO_BAL,BAL,NO,1,0,2,0,0,0,0,0,0,0,0,0,0,0,0
00-0036124,Khalil Dorsey,CB,DB,2026,2,REG,2026_02_DET_BUF,DET,BUF,1,0,0,1,2,0,0,0,0,0,0,0,0,0,0
00-0036159,Joshua Uche,LB,LB,2026,2,REG,2026_02_MIA_SF,MIA,SF,3,0,3,1,1,0,0,0,1,0,0,0,0,0,0
00-0036181,Teair Tart,DT,DL,2026,2,REG,2026_02_LV_LAC,LAC,LV,1,0,1,1,1,0,0,0,2,0,0,0,0,0,0
00-0036193,Anfernee Jennings,LB,LB,2026,2,REG,2026_02_NO_BAL,NO,BAL,1,0,2,0,0,0,0,0,0,0,0,0,0,0,0
00-0036204,LaCale London,DE,DL,2026,2,REG,2026_02_CAR_ATL,ATL,CAR,2,0,2,0,0,0,0,0,0,0,0,0,0,0,0
00-0036220,Derrick Brown,DT,DL,2026,2,REG,2026_02_CAR_ATL,CAR,ATL,0,0,2,0,0,0,0,0,0,0,0,0,0,0,0
00-0036221,Brandon Jones,SAF,DB,2026,2,REG,2026_02_JAX_DEN,DEN,JAX,4,0,1,0,0,0,0,0,0,0,0,0,0,0,0
00-0036222,Isaiah Rodgers,CB,DB,2026,2,REG,2026_02_MIN_CHI,MIN,CHI,2,0,2,0,0,0,0,0,0,0,0,1,0,0,0
00-0036231,Kyle Dugger,SAF,DB,2026,2,REG,2026_02_CIN_HOU,CIN,HOU,1,0,1,0,0,0,0,0,0,0,0,0,0,0,0
00-0036253,Julian Blackmon,SAF,DB,2026,2,REG,2026_02_NO_BAL,NO,BAL,2,0,0,0,0,0,0,0,0,1,2,1,0,0,0
00-0036260,Javon Kinlaw,DT,DL,2026,2,REG,2026_02_WAS_DAL,WAS,DAL,2,0,0,1,9,0,1,9,1,0,0,0,0,0,0
00-0036262,DaVon Hamilton,DT,DL,2026,2,REG,2026_02_JAX_DEN,JAX,DEN,2,0,3,0,0,0,0,0,0,0,0,0,0,0,0
00-0036266,Jordan Elliott,DT,DL,2026,2,REG,2026_02_PHI_TEN,TEN,PHI,0,0,1,0,0,0,0,0,0,0,0,0,0,0,0
00-0036281,C.J. Henderson,CB,DB,2026,2,REG,2026_02_CAR_ATL,ATL,CAR,4,0,0,1,5,0,0,0,0,0,0,1,0,0,0
00-0036282,Grant Delpit,SAF,DB,2026,2,REG,2026_02_CLE_TB,CLE,TB,5,0,0,0,0,0,1,0,1,0,0,0,0,0,0
00-0036285,A.J. Terrell,CB,DB,2026,2,REG,2026_02_CAR_ATL,ATL,CAR,1,0,0,0,0,0,0,0,0,0,0,1,0,0,0
00-0036286,K'Lavon Chaisson,LB,LB,2026,2,REG,2026_02_WAS_DAL,WAS,DAL,2,0,1,1,4,0,1,4,1,0,0,0,0,0,0
00-0036287,Noah Igbinoghene,CB,DB,2026,2,REG,2026_02_CLE_TB,CLE,TB,2,0,0,0,0,0,0,0,0,0,0,0,0,0,0
00-0036292,Jaylon Johnson,CB,DB,2026,2,REG,2026_02_MIN_CHI,CHI,MIN,4,0,0,0,0,0,0,0,0,0,0,0,0,0,0
00-0036293,Jeremy Chinn,SAF,DB,2026,2,REG,2026_02_LV_LAC,LV,LAC,2,0,2,0,0,0,0,0,0,0,0,0,0,0,0
00-0036298,Akeem Davis-Gaither,LB,LB,2026,2,REG,2026_02_IND_KC,IND,KC,7,0,7,1,1,0,0,0,0,0,0,0,0,0,0
00-0036302,Jaylinn Hawkins,SAF,DB,2026,2,REG,2026_02_NO_BAL,BAL,NO,3,0,2,0,0,0,0,0,0,0,0,0,0,0,0
00-0036305,Trevis Gipson,LB,LB,2026,2,REG,2026_02_CAR_ATL,CAR,ATL,0,0,1,0,0,0,0,0,0,0,0,0,0,0,0
00-0036321,Chase Young,DE,DL,2026,2,REG,2026_02_NO_BAL,NO,BAL,1,0,1,1,11,0,1.5,17,2,0,0,0,0,0,0
00-0036323,Patrick Queen,LB,LB,2026,2,REG,2026_02_PIT_NE,PIT,NE,0,0,2,0,0,0,0,0,0,1,3,1,0,0,0
00-0036329,Ashtyn Davis,SAF,DB,2026,2,REG,2026_02_MIA_SF,SF,MIA,0,0,2,0,0,0,0,0,0,0,0,0,0,0,0
00-0036333,Alex Highsmith,LB,LB,2026,2,REG,2026_02_PIT_NE,PIT,NE,2,0,1,2,4,0,1,2,3,0,0,1,0,0,0
00-0036335,D.J. Wonnum,DE,DL,2026,2,REG,2026_02_DET_BUF,DET,BUF,1,0,1,0,0,0,0,0,0,0,0,0,0,0,0
00-0036337,James Lynch,DT,DL,2026,2,REG,2026_02_MIN_CHI,CHI,MIN,2,0,5,0,0,0,0,0,0,0,0,0,0,0,0
00-0036338,Troy Dye,LB,LB,2026,2,REG,2026_02_LV_LAC,LAC,LV,3,0,2,1,4,0,0,0,0,0,0,0,0,0,0
00-0036341,Khalid Kareem,DE,DL,2026,2,REG,2026_02_MIA_SF,SF,MIA,1,0,1,0,0,0,0,0,0,0,0,0,0,0,0
00-0036348,Josh Metellus,SAF,DB,2026,2,REG,2026_02_MIN_CHI,MIN,CHI,4,0,3,0,0,0,0,0,0,0,0,1,0,0,0
00-0036349,Kam Curl,SAF,DB,2026,2,REG,2026_02_NYG_LA,LA,NYG,4,0,0,0,0,0,0,0,0,0,0,1,0,0,0
00-0036362,Willie Gay Jr.,LB,LB,2026,2,REG,2026_02_MIA_SF,MIA,SF,1,0,2,0,0,0,0,0,0,0,0,0,0,0,0
00-0036366,Neville Gallimore,DT,DL,2026,2,REG,2026_02_MIN_CHI,CHI,MIN,2,0,0,0,0,0,0,0,0,0,0,0,0,0,0
00-0036374,L'Jarius Sneed,CB,DB,2026,2,REG,2026_02_IND_KC,KC,IND,4,0,3,0,0,0,0,0,0,0,0,1,0,0,0
00-0036375,Amik Robertson,CB,DB,2026,2,REG,2026_02_WAS_DAL,WAS,DAL,5,0,0,0,0,0,0,0,0,0,0,2,0,0,0
00-0036378,Michael Danna,LB,LB,2026,2,REG,2026_02_DET_BUF,BUF,DET,0,0,0,0,0,0,0,0,1,0,0,0,0,0,0
00-0036380,Alohi Gilman,SAF,DB,2026,2,REG,2026_02_IND_KC,KC,IND,1,0,4,0,0,0,0,0,0,0,0,1,0,0,0
00-0036388,Xavier McKinney,SAF,DB,2026,2,REG,2026_02_GB_NYJ,GB,NYJ,2,0,2,0,0,0,0,0,0,0,0,0,0,0,0
00-0036409,Jordyn Brooks,LB,LB,2026,2,REG,2026_02_MIA_SF,MIA,SF,2,0,1,0,0,0,0,0,0,0,0,0,0,0,0
00-0036411,Antoine Winfield Jr.,SAF,DB,2026,2,REG,2026_02_CLE_TB,TB,CLE,2,0,2,0,0,0,0,0,1,0,0,0,0,0,0
00-0036416,Kristian Fulton,CB,DB,2026,2,REG,2026_02_IND_KC,KC,IND,1,0,1,0,0,0,0,0,0,1,0,1,0,0,0
00-0036418,Zack Baun,LB,LB,2026,2,REG,2026_02_PHI_TEN,PHI,TEN,1,1,2,1,1,0,0,0,0,0,0,0,0,0,0
00-0036421,Terrell Burgess,SAF,DB,2026,2,REG,2026_02_PHI_TEN,TEN,PHI,1,0,0,0,0,0,0,0,0,0,0,0,0,0,0
00-0036428,Justin Strnad,LB,LB,2026,2,REG,2026_02_JAX_DEN,DEN,JAX,2,1,4,1,2,0,0,0,0,0,0,0,0,0,0
00-0036479,Kwity Paye,DE,DL,2026,2,REG,2026_02_LV_LAC,LV,LAC,0,0,2,0,0,0,0,0,1,0,0,0,0,0,0
00-0036480,Dayo Odeyingbo,DE,DL,2026,2,REG,2026_02_MIN_CHI,CHI,MIN,1,0,0,1,1,0,1,1,2,0,0,0,0,0,0
00-0036500,Jamien Sherwood,LB,LB,2026,2,REG,2026_02_GB_NYJ,NYJ,GB,1,2,3,1,3,0,0,0,0,0,0,1,0,0,0
00-0036563,Deommodore Lenoir,CB,DB,2026,2,REG,2026_02_MIA_SF,SF,MIA,2,0,2,0,0,0,0,0,0,0,0,0,0,0,0
00-0036564,Talanoa Hufanga,SAF,DB,2026,2,REG,2026_02_JAX_DEN,DEN,JAX,5,0,1,1,3,0,0,0,0,0,0,0,0,0,0
00-0036568,Roy Lopez,DT,DL,2026,2,REG,2026_02_SEA_ARI,ARI,SEA,1,0,3,0,0,0,0,0,0,0,0,0,0,0,0
00-0036587,Ar'Darius Washington,SAF,DB,2026,2,REG,2026_02_NYG_LA,NYG,LA,1,0,0,0,0,0,0,0,0,0,0,0,0,0,0
00-0036617,Asante Samuel Jr.,CB,DB,2026,2,REG,2026_02_PIT_NE,PIT,NE,3,0,2,0,0,0,0,0,0,0,0,1,0,0,0
00-0036621,Nick Bolton,LB,LB,2026,2,REG,2026_02_IND_KC,KC,IND,6,0,7,1,2,0,0,0,0,0,0,0,0,0,0
00-0036624,Alim McNeill,DT,DL,2026,2,REG,2026_02_DET_BUF,DET,BUF,1,0,1,0,0,0,0,0,1,0,0,0,0,0,0
00-0036629,Camryn Bynum,SAF,DB,2026,2,REG,2026_02_IND_KC,IND,KC,5,0,4,0,0,0,0,0,0,0,0,0,0,0,0
00-0036642,Tedarrell Slaton,DT,DL,2026,2,REG,2026_02_CIN_HOU,CIN,HOU,2,0,0,0,0,0,0,0,0,0,0,0,0,0,0
00-0036648,Nick Niemann,LB,LB,2026,2,REG,2026_02_GB_NYJ,GB,NYJ,0,0,1,0,0,0,0,0,0,0,0,0,0,0,0
00-0036658,Isaiah McDuffie,LB,LB,2026,2,REG,2026_02_GB_NYJ,GB,NYJ,0,0,1,0,0,0,0,0,0,0,0,0,0,0,0
00-0036677,Zayne Anderson,SAF,DB,2026,2,REG,2026_02_MIA_SF,MIA,SF,2,0,0,0,0,0,0,0,0,0,0,0,0,0,0
00-0036682,Malik Herring,DE,DL,2026,2,REG,2026_02_MIA_SF,MIA,SF,0,0,2,0,0,0,0,0,0,0,0,0,0,0,0
00-0036683,Devon Key,SAF,DB,2026,2,REG,2026_02_JAX_DEN,DEN,JAX,0,0,1,0,0,0,0,0,0,0,0,0,0,0,0
00-0036728,Curtis Robinson,LB,LB,2026,2,REG,2026_02_WAS_DAL,DAL,WAS,0,0,0,0,0,0,0,0,0,0,0,0,0,0,0
00-0036813,Christian Elliss,LB,LB,2026,2,REG,2026_02_PIT_NE,NE,PIT,6,1,5,1,36,1,1,8,1,0,0,0,0,0,0
00-0036844,Garret Wallow,LB,LB,2026,2,REG,2026_02_MIA_SF,SF,MIA,0,0,1,0,0,0,0,0,0,0,0,0,0,0,0
00-0036867,Chris Rumph II,LB,LB,2026,2,REG,2026_02_NO_BAL,NO,BAL,0,0,1,0,0,0,0,0,0,0,0,0,0,0,0
00-0036874,Pat Surtain II,CB,DB,2026,2,REG,2026_02_JAX_DEN,DEN,JAX,3,0,3,0,0,0,0,0,0,0,0,1,0,0,0
00-0036883,Tommy Togiai,DT,DL,2026,2,REG,2026_02_CIN_HOU,HOU,CIN,1,0,5,0,0,0,0,0,0,0,0,0,0,0,0
00-0036888,Damar Hamlin,SAF,DB,2026,2,REG,2026_02_DET_BUF,BUF,DET,1,0,1,0,0,0,0,0,0,0,0,0,0,0,0
00-0036901,Eric Stokes,CB,DB,2026,2,REG,2026_02_LV_LAC,LV,LAC,2,0,2,1,8,1,1,8,0,0,0,0,0,0,0
00-0036909,Khyiris Tonga,DT,DL,2026,2,REG,2026_02_IND_KC,KC,IND,0,0,0,0,0,0,0,0,0,0,0,0,0,0,0
00-0036914,Greg Rousseau,LB,LB,2026,2,REG,2026_02_DET_BUF,BUF,DET,3,0,0,2,17,1,2,17,4,0,0,0,0,0,0
00-0036916,Milton Williams,DT,DL,2026,2,REG,2026_02_PIT_NE,NE,PIT,0,0,1,0,0,0,0,0,0,0,0,0,0,0,0
00-0036927,Pete Werner,LB,LB,2026,2,REG,2026_02_NO_BAL,NO,BAL,8,0,3,1,8,0,1,8,1,0,0,0,0,0,0
00-0036933,Zaven Collins,LB,LB,2026,2,REG,2026_02_SEA_ARI,ARI,SEA,2,0,3,1,2,1,0,0,0,0,0,0,0,0,0
00-0036934,Jaelan Phillips,LB,LB,2026,2,REG,2026_02_CAR_ATL,CAR,ATL,1,0,1,1,6,0,1,6,2,0,0,0,0,0,0
00-0036940,Odafe Oweh,LB,LB,2026,2,REG,2026_02_WAS_DAL,WAS,DAL,2,0,0,0,0,0,0,0,1,0,0,0,0,0,0
00-0036941,Andre Cisco,SAF,DB,2026,2,REG,2026_02_GB_NYJ,NYJ,GB,4,0,1,1,8,1,0,0,1,0,0,1,0,0,0
00-0036942,Osa Odighizuwa,DT,DL,2026,2,REG,2026_02_MIA_SF,SF,MIA,0,0,2,0,0,0,0,0,1,0,0,0,0,0,0
00-0036944,Jaycee Horn,CB,DB,2026,2,REG,2026_02_CAR_ATL,CAR,ATL,1,0,0,0,0,0,0,0,0,0,0,2,0,0,0
00-0036962,Tre'von Moehrig,SAF,DB,2026,2,REG,2026_02_CAR_ATL,CAR,ATL,3,0,2,0,0,0,0,0,0,0,0,0,0,0,0
00-0036964,Derrick Barnes,LB,LB,2026,2,REG,2026_02_DET_BUF,DET,BUF,5,0,2,1,1,0,1,0,1,0,0,0,0,0,0
00-0036974,Tyson Campbell,CB,DB,2026,2,REG,2026_02_CLE_TB,CLE,TB,3,1,1,1,3,0,0,0,0,0,0,0,0,0,0
00-0036981,Christian Barmore,DT,DL,2026,2,REG,2026_02_PIT_NE,NE,PIT,1,0,0,1,11,1,1,11,1,0,0,0,0,0,0
00-0036982,Chauncey Golston,DE,DL,2026,2,REG,2026_02_NYG_LA,NYG,LA,4,0,0,0,0,0,0,0,0,0,0,0,0,0,0
00-0036987,Brandon Stephens,CB,DB,2026,2,REG,2026_02_GB_NYJ,NYJ,GB,3,0,1,0,0,0,0,0,0,0,0,0,0,0,0
00-0036989,Malcolm Koonce,DE,DL,2026,2,REG,2026_02_LV_LAC,LV,LAC,2,0,1,0,0,1,1.5,0.5,2,0,0,0,0,0,0
00-0036990,Divine Deablo,LB,LB,2026,2,REG,2026_02_CAR_ATL,ATL,CAR,1,0,1,0,0,0,0,0,1,0,0,0,0,0,0
00-0036994,Ernest Jones,LB,LB,2026,2,REG,2026_02_SEA_ARI,SEA,ARI,4,0,4,0,0,0,0,0,0,0,0,0,0,0,0
00-0036995,Baron Browning,LB,LB,2026,2,REG,2026_02_SEA_ARI,ARI,SEA,2,0,0,0,0,0,0,0,0,0,0,0,0,0,0
00-0036996,Greg Newsome II,CB,DB,2026,2,REG,2026_02_NYG_LA,NYG,LA,4,0,1,0,0,0,0,0,0,0,0,1,0,0,0
00-0036998,Jevon Holland,SAF,DB,2026,2,REG,2026_02_NYG_LA,NYG,LA,5,0,3,0,0,2,0,0,0,1,0,1,0,0,0
00-0037003,Chazz Surratt,LB,LB,2026,2,REG,2026_02_SEA_ARI,SEA,ARI,0,0,0,0,0,0,0,0,0,0,0,0,0,0,0
00-0037034,Dee Alford,CB,DB,2026,2,REG,2026_02_DET_BUF,BUF,DET,2,0,2,0,0,0,0,0,0,0,0,0,0,0,0
00-0037073,Jordan Davis,DT,DL,2026,2,REG,2026_02_PHI_TEN,PHI,TEN,1,0,0,0,0,0,0,0,0,0,0,0,0,0,0
00-0037074,Quay Walker,LB,LB,2026,2,REG,2026_02_LV_LAC,LV,LAC,5,0,5,0,0,0,0,0,0,0,0,0,0,0,0
00-0037075,Devonte Wyatt,DT,DL,2026,2,REG,2026_02_GB_NYJ,GB,NYJ,0,0,1,0,0,0,0,0,0,0,0,0,0,0,0
00-0037079,Riq Woolen,CB,DB,2026,2,REG,2026_02_PHI_TEN,PHI,TEN,3,0,0,0,0,0,0,0,0,0,0,1,0,0,0
00-0037083,Kingsley Enagbare,LB,LB,2026,2,REG,2026_02_GB_NYJ,NYJ,GB,2,0,1,1,5,1,1,5,1,0,0,0,0,0,0
00-0037096,Elijah Hicks,SAF,DB,2026,2,REG,2026_02_MIN_CHI,CHI,MIN,1,0,0,0,0,0,0,0,0,0,0,0,0,0,0
00-0037109,Jack Sanborn,LB,LB,2026,2,REG,2026_02_MIN_CHI,CHI,MIN,1,0,1,0,0,0,0,0,0,0,0,0,0,0,0
00-0037130,Reed Blankenship,SAF,DB,2026,2,REG,2026_02_CIN_HOU,HOU,CIN,3,0,2,0,0,0,0,0,1,0,0,0,0,0,0
00-0037137,Josh Jobe,CB,DB,2026,2,REG,2026_02_SEA_ARI,SEA,ARI,1,0,0,0,0,0,0,0,0,0,0,0,0,0,0
00-0037179,Jeremiah Moon,LB,LB,2026,2,REG,2026_02_CAR_ATL,CAR,ATL,3,0,1,0,0,0,0,0,0,0,0,1,0,0,0
00-0037190,Sauce Gardner,CB,DB,2026,2,REG,2026_02_IND_KC,IND,KC,4,0,2,0,0,0,0,0,0,0,0,1,0,0,0
00-0037191,Trent McDuffie,CB,DB,2026,2,REG,2026_02_NYG_LA,LA,NYG,2,0,0,0,0,0,0,0,0,1,22,4,0,0,0
00-0037192,George Karlaftis,DE,DL,2026,2,REG,2026_02_IND_KC,KC,IND,2,0,3,0,0,0,0,0,0,0,0,0,0,0,0
00-0037193,Bryan Cook,SAF,DB,2026,2,REG,2026_02_CIN_HOU,CIN,HOU,3,0,1,0,0,0,0,0,0,0,0,0,0,0,0
00-0037195,Jaylen Watson,CB,DB,2026,2,REG,2026_02_NYG_LA,LA,NYG,3,0,1,0,0,0,0,0,0,0,0,1,0,0,0
00-0037208,Jack Cochrane,LB,LB,2026,2,REG,2026_02_IND_KC,KC,IND,1,0,1,1,2,0,0,0,0,0,0,0,0,0,0
00-0037235,Travon Walker,DE,DL,2026,2,REG,2026_02_JAX_DEN,JAX,DEN,0,0,3,0,0,0,0,0,1,0,0,0,0,0,0
00-0037236,Aidan Hutchinson,DE,DL,2026,2,REG,2026_02_DET_BUF,DET,BUF,2,0,1,1,5,1,1,5,2,0,0,0,0,0,0
00-0037237,Derek Stingley Jr.,CB,DB,2026,2,REG,2026_02_CIN_HOU,HOU,CIN,2,0,1,0,0,0,0,0,0,0,0,1,0,0,0
00-0037244,Devin Lloyd,LB,LB,2026,2,REG,2026_02_CAR_ATL,CAR,ATL,7,0,2,2,5,0,1,3,1,2,69,3,1,0,0
00-0037246,Jalen Pitre,SAF,DB,2026,2,REG,2026_02_CIN_HOU,HOU,CIN,3,0,1,0,0,0,0,0,0,0,0,0,0,0,0
00-0037249,Nik Bonitto,LB,LB,2026,2,REG,2026_02_JAX_DEN,DEN,JAX,0,0,0,0,0,0,0,0,3,0,0,0,0,0,0
00-0037250,Martin Emerson,CB,DB,2026,2,REG,2026_02_NO_BAL,NO,BAL,3,0,0,0,0,0,0,0,0,0,0,0,0,0,0
00-0037253,Marcus Jones,CB,DB,2026,2,REG,2026_02_PIT_NE,NE,PIT,1,0,1,0,0,0,0,0,0,0,0,0,0,0,0
00-0037254,Terrel Bernard,LB,LB,2026,2,REG,2026_02_DET_BUF,BUF,DET,3,0,2,1,1,0,0,0,0,0,0,1,0,0,0
00-0037262,Thomas Booker,DT,DL,2026,2,REG,2026_02_LV_LAC,LV,LAC,1,0,0,0,0,0,0,0,0,0,0,0,0,0,0
00-0037268,Zyon McCollum,CB,DB,2026,2,REG,2026_02_CLE_TB,TB,CLE,3,0,0,0,0,0,0,0,0,0,0,0,0,0,0
00-0037270,Otito Ogbonnia,DT,DL,2026,2,REG,2026_02_WAS_DAL,DAL,WAS,0,0,0,0,0,0,0,0,1,0,0,0,0,0,0
00-0037271,D'Marco Jackson,LB,LB,2026,2,REG,2026_02_MIN_CHI,CHI,MIN,0,0,3,0,0,0,0,0,0,0,0,0,0,0,0
00-0037275,DaRon Bland,CB,DB,2026,2,REG,2026_02_WAS_DAL,DAL,WAS,4,0,1,0,0,0,0,0,0,0,0,1,0,0,0
00-0037288,Christian Benford,CB,DB,2026,2,REG,2026_02_DET_BUF,BUF,DET,5,0,3,0,0,0,0,0,0,0,0,2,0,0,0
00-0037289,Malcolm Rodriguez,LB,LB,2026,2,REG,2026_02_DET_BUF,DET,BUF,0,0,1,0,0,0,0,0,0,0,0,0,0,0,0
00-0037301,Theo Jackson,DB,DB,2026,2,REG,2026_02_MIN_CHI,MIN,CHI,2,0,1,0,0,0,0,0,0,0,0,1,0,0,0
00-0037313,Montaric Brown,CB,DB,2026,2,REG,2026_02_JAX_DEN,JAX,DEN,4,0,0,0,0,0,0,0,0,0,0,0,0,0,0
00-0037323,Rodney Thomas,SAF,DB,2026,2,REG,2026_02_SEA_ARI,SEA,ARI,0,0,0,0,0,0,0,0,0,0,0,1,0,0,0
00-0037384,Ja'Quan McMillian,CB,DB,2026,2,REG,2026_02_JAX_DEN,DEN,JAX,3,0,1,0,0,0,0,0,0,0,0,1,0,0,0
00-0037457,Jake Hansen,LB,LB,2026,2,REG,2026_02_CIN_HOU,HOU,CIN,2,0,3,0,0,0,0,0,0,0,0,0,0,0,0
00-0037512,Isaiah Pola-Mao,SAF,DB,2026,2,REG,2026_02_LV_LAC,LV,LAC,1,0,3,0,0,0,0,0,0,0,0,0,0,0,0
00-0037527,Segun Olubi,LB,LB,2026,2,REG,2026_02_LV_LAC,LV,LAC,1,0,0,0,0,0,0,0,0,0,0,0,0,0,0
00-0037561,Markquese Bell,SAF,DB,2026,2,REG,2026_02_WAS_DAL,DAL,WAS,5,0,1,0,0,0,0,0,0,0,0,0,0,0,0
00-0037587,Nate Landman,LB,LB,2026,2,REG,2026_02_NYG_LA,LA,NYG,3,0,4,1,2,0,0,0,0,0,0,0,0,0,0
00-0037596,Jack Gibbens,LB,LB,2026,2,REG,2026_02_SEA_ARI,ARI,SEA,1,0,8,0,0,0,0,0,1,0,0,1,0,0,0
00-0037615,Nakobe Dean,LB,LB,2026,2,REG,2026_02_LV_LAC,LV,LAC,7,0,3,0,0,1,0.5,0.5,2,0,0,0,0,0,0
00-0037616,Nick Cross,SAF,DB,2026,2,REG,2026_02_WAS_DAL,WAS,DAL,3,0,0,1,1,0,0,0,0,0,0,0,0,0,0
00-0037663,Jermaine Johnson II,DE,DL,2026,2,REG,2026_02_PHI_TEN,TEN,PHI,1,0,1,0,0,0,0,0,0,0,0,0,0,0,0
00-0037665,Sam Williams,DE,DL,2026,2,REG,2026_02_CLE_TB,CLE,TB,2,0,1,0,0,0,0,0,0,0,0,0,0,0,0
00-0037743,Daxton Hill,DB,DB,2026,2,REG,2026_02_CIN_HOU,CIN,HOU,4,0,6,0,0,0,0,0,0,0,0,4,0,0,0
00-0037752,Tycen Anderson,SAF,DB,2026,2,REG,2026_02_JAX_DEN,DEN,JAX,0,0,1,0,0,0,0,0,0,0,0,0,0,0,0
00-0037753,Cam Taylor-Britt,CB,DB,2026,2,REG,2026_02_IND_KC,IND,KC,1,0,4,0,0,0,0,0,0,0,0,0,0,0,0
00-0037756,Travis Jones,DT,DL,2026,2,REG,2026_02_NO_BAL,BAL,NO,1,0,0,0,0,0,0,0,0,0,0,1,0,0,0
00-0037799,Dondrea Tillman,LB,LB,2026,2,REG,2026_02_JAX_DEN,DEN,JAX,0,0,2,0,0,0,0,0,0,0,0,0,0,0,0
00-0037815,Cameron Thomas,DE,DL,2026,2,REG,2026_02_CAR_ATL,ATL,CAR,3,0,1,0,0,0,0.5,3,2,0,0,0,0,0,0
00-0037819,Leo Chenal,LB,LB,2026,2,REG,2026_02_WAS_DAL,WAS,DAL,6,0,6,0,0,0,0,0,0,0,0,0,0,0,0
00-0037823,Christian Harris,LB,LB,2026,2,REG,2026_02_CAR_ATL,ATL,CAR,1,0,0,0,0,0,0,0,0,0,0,0,0,0,0
00-0037839,Cobie Durant,CB,DB,2026,2,REG,2026_02_WAS_DAL,DAL,WAS,1,0,0,0,0,0,0,0,0,0,0,1,0,0,0
00-0037841,Quentin Lake,SAF,DB,2026,2,REG,2026_02_NYG_LA,LA,NYG,6,0,1,0,0,1,0,0,0,0,0,3,0,0,0
00-0038038,Kyle Hamilton,SAF,DB,2026,2,REG,2026_02_NO_BAL,BAL,NO,7,0,6,1,4,0,0,0,0,0,0,0,0,0,0
00-0038039,Jack Jones,CB,DB,2026,2,REG,2026_02_MIA_SF,SF,MIA,0,0,0,0,0,0,0,0,0,0,0,1,0,0,0
00-0038101,Akayleb Evans,CB,DB,2026,2,REG,2026_02_CAR_ATL,CAR,ATL,2,0,1,0,0,0,0,0,0,0,0,0,0,0,0
00-0038106,Eyioma Uwazurike,DT,DL,2026,2,REG,2026_02_JAX_DEN,DEN,JAX,1,0,0,0,0,0,0,0,0,0,0,0,0,0,0
00-0038116,Arnold Ebiketie,LB,LB,2026,2,REG,2026_02_PHI_TEN,PHI,TEN,1,0,1,0,0,0,0,0,0,0,0,0,0,0,0
00-0038121,Alontae Taylor,CB,DB,2026,2,REG,2026_02_PHI_TEN,TEN,PHI,5,0,0,2,3,0,0,0,0,0,0,0,0,0,0
00-0038123,Dane Belton,SAF,DB,2026,2,REG,2026_02_GB_NYJ,NYJ,GB,4,0,2,0,0,0,0,0,0,0,0,0,0,0,0
00-0038125,Roger McCreary,CB,DB,2026,2,REG,2026_02_DET_BUF,DET,BUF,0,0,0,0,0,0,0,0,0,0,0,0,0,0,0
00-0038127,Logan Hall,DE,DL,2026,2,REG,2026_02_CIN_HOU,HOU,CIN,2,0,1,1,6,0,1,6,2,0,0,0,0,0,0
00-0038133,Boye Mafe,DE,DL,2026,2,REG,2026_02_CIN_HOU,CIN,HOU,1,0,1,0,0,0,0,0,0,0,0,0,0,0,0
00-0038135,Jaquan Brisker,SAF,DB,2026,2,REG,2026_02_PIT_NE,PIT,NE,1,0,5,0,0,0,0,0,0,0,0,0,0,0,0
00-0038366,Tanner Ingle,SAF,DB,2026,2,REG,2026_02_NYG_LA,LA,NYG,0,0,0,0,0,0,0,0,0,0,0,0,0,0,0
00-0038386,Jalen Carter,DT,DL,2026,2,REG,2026_02_PHI_TEN,PHI,TEN,1,0,0,1,9,0,1,9,1,0,0,0,0,0,0
00-0038387,Colby Wooden,DE,DL,2026,2,REG,2026_02_NO_BAL,NO,BAL,0,0,1,0,0,0,0,0,0,0,0,0,0,0,0
00-0038398,Karl Brooks,DT,DL,2026,2,REG,2026_02_GB_NYJ,GB,NYJ,0,0,2,0,0,0,0,0,0,0,0,0,0,0,0
00-0038399,Zaire Barnes,LB,LB,2026,2,REG,2026_02_NYG_LA,NYG,LA,1,0,2,0,0,0,0,0,0,0,0,0,0,0,0
00-0038412,Moro Ojomo,DT,DL,2026,2,REG,2026_02_PHI_TEN,PHI,TEN,2,0,2,1,3,0,0,0,0,0,0,0,0,0,0
00-0038429,Liam Anderson,LB,LB,2026,2,REG,2026_02_MIA_SF,MIA,SF,1,0,0,0,0,0,0,0,0,0,0,0,0,0,0
00-0038463,Brenton Cox Jr.,DE,DL,2026,2,REG,2026_02_GB_NYJ,GB,NYJ,1,0,1,0,0,0,0,0,0,0,0,0,0,0,0
00-0038504,Trenton Simpson,LB,LB,2026,2,REG,2026_02_NO_BAL,BAL,NO,5,0,1,1,7,0,0,0,0,0,0,0,0,0,0
00-0038505,Tavius Robinson,LB,LB,2026,2,REG,2026_02_NO_BAL,BAL,NO,2,0,0,1,7,0,1,7,1,0,0,0,0,0,0
00-0038514,Truman Jones,DE,DL,2026,2,REG,2026_02_PHI_TEN,TEN,PHI,1,0,0,0,0,0,0,0,0,0,0,0,0,0,0
00-0038521,Reese Taylor,DB,DB,2026,2,REG,2026_02_MIA_SF,MIA,SF,1,0,0,0,0,0,0,0,0,0,0,0,0,0,0
00-0038546,Myles Murphy,DE,DL,2026,2,REG,2026_02_CIN_HOU,CIN,HOU,1,0,0,0,0,0,0,0,0,0,0,0,0,0,0
00-0038549,DJ Turner II,CB,DB,2026,2,REG,2026_02_CIN_HOU,CIN,HOU,4,0,1,0,0,0,0,0,0,0,0,2,0,0,0
00-0038552,Riley Moss,CB,DB,2026,2,REG,2026_02_JAX_DEN,DEN,JAX,2,0,0,0,0,0,0,0,0,1,3,3,0,0,0
00-0038553,Daiyan Henley,LB,LB,2026,2,REG,2026_02_LV_LAC,LAC,LV,0,0,3,0,0,0,0,0,0,0,0,0,0,0,0
00-0038554,Ji'Ayir Brown,SAF,DB,2026,2,REG,2026_02_MIA_SF,SF,MIA,4,0,9,1,1,0,0,0,0,0,0,0,0,0,0
00-0038557,Dorian Williams,LB,LB,2026,2,REG,2026_02_DET_BUF,BUF,DET,5,0,1,1,1,0,0,0,0,0,0,1,0,0,0
00-0038560,Jordan Battle,SAF,DB,2026,2,REG,2026_02_CIN_HOU,CIN,HOU,4,0,4,0,0,0,0,0,0,0,0,1,0,0,0
00-0038565,Mekhi Blackmon,DB,DB,2026,2,REG,2026_02_CLE_TB,CLE,TB,2,0,0,0,0,0,0,0,0,0,0,1,0,0,0
00-0038570,Ventrell Miller,LB,LB,2026,2,REG,2026_02_JAX_DEN,JAX,DEN,3,0,4,0,0,0,0,0,0,0,0,0,0,0,0
00-0038574,Isaiah McGuire,DE,DL,2026,2,REG,2026_02_CLE_TB,CLE,TB,3,0,1,1,5,0,0,0,0,0,0,0,0,0,0
00-0038577,Nick Herbig,LB,LB,2026,2,REG,2026_02_PIT_NE,PIT,NE,2,2,3,3,5,1,0,0,0,0,0,0,0,0,0
00-0038578,Jay Ward,SAF,DB,2026,2,REG,2026_02_MIN_CHI,MIN,CHI,0,0,1,0,0,0,0,0,0,0,0,0,0,0,0
00-0038580,Yasir Abdullah,LB,LB,2026,2,REG,2026_02_CAR_ATL,ATL,CAR,2,0,0,0,0,0,0,0,0,0,0,0,0,0,0
00-0038596,Antonio Johnson,SAF,DB,2026,2,REG,2026_02_JAX_DEN,JAX,DEN,4,0,2,0,0,0,0,0,0,0,0,0,0,0,0
00-0038605,JL Skinner,SAF,DB,2026,2,REG,2026_02_JAX_DEN,DEN,JAX,1,0,0,0,0,0,0,0,0,0,0,0,0,0,0
00-0038620,Erick Hallett,SAF,DB,2026,2,REG,2026_02_PHI_TEN,TEN,PHI,0,0,1,0,0,0,0,0,0,0,0,0,0,0,0
00-0038623,Dante Stills,DT,DL,2026,2,REG,2026_02_SEA_ARI,ARI,SEA,2,0,5,0,0,0,0,0,0,0,0,0,0,0,0
00-0038625,Dee Winters,LB,LB,2026,2,REG,2026_02_WAS_DAL,DAL,WAS,7,0,2,1,13,0,0,0,0,0,0,0,0,0,0
00-0038642,D.J. Ivey,CB,DB,2026,2,REG,2026_02_CIN_HOU,CIN,HOU,1,0,1,0,0,0,0,0,0,0,0,0,0,0,0
00-0038653,Cory Durden,DT,DL,2026,2,REG,2026_02_PIT_NE,NE,PIT,0,0,2,0,0,0,0,0,0,0,0,0,0,0,0
00-0038660,Trevor Nowaske,LB,LB,2026,2,REG,2026_02_DET_BUF,DET,BUF,1,0,1,0,0,0,0,0,1,0,0,0,0,0,0
00-0038715,Ronnie Hickman Jr.,SAF,DB,2026,2,REG,2026_02_CLE_TB,CLE,TB,1,0,2,0,0,0,1,0,1,0,0,0,0,0,0
00-0038742,Tyrus Wheat,LB,LB,2026,2,REG,2026_02_WAS_DAL,DAL,WAS,1,0,1,0,0,0,0,0,0,0,0,0,0,0,0
00-0038778,Jalen Redmond,DL,DL,2026,2,REG,2026_02_MIN_CHI,MIN,CHI,2,0,2,0,0,1,0,0,0,0,0,1,0,0,0
00-0038791,Thomas Incoom,LB,LB,2026,2,REG,2026_02_CAR_ATL,CAR,ATL,1,0,1,0,0,0,0,0,0,0,0,0,0,0,0
00-0038807,Ivan Pace Jr.,LB,LB,2026,2,REG,2026_02_MIN_CHI,MIN,CHI,0,0,3,0,0,0,0,0,0,0,0,0,0,0,0
00-0038820,Christian Izien,SAF,DB,2026,2,REG,2026_02_DET_BUF,DET,BUF,2,0,1,0,0,0,0,0,0,0,0,0,0,0,0
00-0038866,AJ Finley,SAF,DB,2026,2,REG,2026_02_SEA_ARI,SEA,ARI,1,0,0,0,0,0,0,0,0,0,0,0,0,0,0
00-0038922,Drake Thomas,LB,LB,2026,2,REG,2026_02_SEA_ARI,SEA,ARI,6,0,1,1,3,0,0,0,0,0,0,0,0,0,0
00-0038940,Tyler Lacy,DE,DL,2026,2,REG,2026_02_DET_BUF,DET,BUF,1,0,1,0,0,0,0,0,0,0,0,0,0,0,0
00-0038980,Zach Harrison,DE,DL,2026,2,REG,2026_02_CAR_ATL,ATL,CAR,1,0,1,0,0,0,0,0,0,0,0,0,0,0,0
00-0038984,Kei'Trel Clark,CB,DB,2026,2,REG,2026_02_SEA_ARI,ARI,SEA,1,0,1,0,0,0,0,0,0,0,0,0,0,0,0
00-0038986,Nic Jones,CB,DB,2026,2,REG,2026_02_NYG_LA,NYG,LA,1,0,1,0,0,0,0,0,0,0,0,0,0,0,0
00-0039002,Sydney Brown,SAF,DB,2026,2,REG,2026_02_CAR_ATL,ATL,CAR,2,0,1,0,0,0,0,0,0,0,0,0,0,0,0
00-0039006,Felix Anudike-Uzomah,DE,DL,2026,2,REG,2026_02_IND_KC,KC,IND,0,0,0,0,0,0,0,0,2,0,0,0,0,0,0
00-0039013,Nolan Smith,LB,LB,2026,2,REG,2026_02_PHI_TEN,PHI,TEN,2,0,1,2,7,0,1,5,1,0,0,0,0,0,0
00-0039018,Jack Campbell,LB,LB,2026,2,REG,2026_02_DET_BUF,DET,BUF,2,0,4,0,0,0,0,0,1,0,0,0,0,0,0
00-0039047,Derick Hall,LB,LB,2026,2,REG,2026_02_SEA_ARI,SEA,ARI,0,0,1,0,0,0,0,0,3,0,0,0,0,0,0
00-0039049,SirVocea Dennis,LB,LB,2026,2,REG,2026_02_CLE_TB,TB,CLE,0,0,1,0,0,0,0,0,0,0,0,0,0,0,0
00-0039061,Desjuan Johnson,LB,LB,2026,2,REG,2026_02_NYG_LA,LA,NYG,0,0,1,0,0,0,0,0,1,0,0,0,0,0,0
00-0039063,Calijah Kancey,DT,DL,2026,2,REG,2026_02_CLE_TB,TB,CLE,1,0,0,0,0,0,0,0,0,0,0,0,0,0,0
00-0039068,Yaya Diaby,LB,LB,2026,2,REG,2026_02_CLE_TB,TB,CLE,1,0,2,1,6,0,0,0,1,0,0,1,0,0,0
00-0039070,Gervon Dexter Sr.,DT,DL,2026,2,REG,2026_02_CAR_ATL,ATL,CAR,0,0,2,0,0,0,0.5,4.5,1,0,0,1,0,0,0
00-0039071,Tyrique Stevenson,CB,DB,2026,2,REG,2026_02_MIN_CHI,CHI,MIN,2,1,2,1,2,0,0,0,0,0,0,1,0,0,0
00-0039108,Will Anderson Jr.,DE,DL,2026,2,REG,2026_02_CIN_HOU,HOU,CIN,3,1,4,3,11,0,1,5,2,0,0,1,0,0,0
00-0039110,Keeanu Benton,DT,DL,2026,2,REG,2026_02_PIT_NE,PIT,NE,0,0,3,0,0,0,0,0,0,0,0,0,0,0,0
00-0039111,Tuli Tuipulotu,LB,LB,2026,2,REG,2026_02_LV_LAC,LAC,LV,0,0,1,0,0,0,0,0,1,0,0,0,0,0,0
00-0039112,Lukas Van Ness,LB,LB,2026,2,REG,2026_02_GB_NYJ,GB,NYJ,5,2,3,3,10,0,1.5,8.5,4,0,0,0,0,0,0
00-0039137,Byron Young,LB,LB,2026,2,REG,2026_02_NYG_LA,LA,NYG,3,0,2,1,1,0,1,1,3,0,0,0,0,0,0
00-0039138,Kobie Turner,DE,DL,2026,2,REG,2026_02_NYG_LA,LA,NYG,1,0,3,0,0,0,0,0,1,0,0,0,0,0,0
00-0039147,Christian Gonzalez,CB,DB,2026,2,REG,2026_02_PIT_NE,NE,PIT,3,0,1,0,0,0,0,0,0,0,0,2,0,0,0
00-0039148,Keion White,DE,DL,2026,2,REG,2026_02_MIA_SF,SF,MIA,1,0,1,1,6,0,1,6,1,0,0,0,0,0,0
00-0039149,Quan Martin,SAF,DB,2026,2,REG,2026_02_WAS_DAL,WAS,DAL,1,0,1,0,0,0,0,0,0,0,0,0,0,0,0
00-0039151,Emmanuel Forbes,CB,DB,2026,2,REG,2026_02_NYG_LA,LA,NYG,0,0,0,0,0,0,0,0,0,0,0,1,0,0,0
00-0039156,Julius Brents,CB,DB,2026,2,REG,2026_02_MIA_SF,MIA,SF,1,0,1,0,0,0,0,0,0,0,0,0,0,0,0
00-0039169,Devon Witherspoon,CB,DB,2026,2,REG,2026_02_SEA_ARI,SEA,ARI,4,0,4,1,2,0,0,0,0,0,0,0,0,0,0
00-0039176,Basil Okoye,DT,DL,2026,2,REG,2026_02_NYG_LA,NYG,LA,0,0,1,0,0,0,0,0,0,0,0,0,0,0,0
00-0039232,Nate Wiggins,CB,DB,2026,2,REG,2026_02_NO_BAL,BAL,NO,3,0,3,0,0,0,0,0,0,0,0,0,0,0,0
00-0039284,Braiden McGregor,DE,DL,2026,2,REG,2026_02_GB_NYJ,NYJ,GB,1,0,2,0,0,0,0,0,0,0,0,0,0,0,0
00-0039309,Byron Murphy II,DT,DL,2026,2,REG,2026_02_SEA_ARI,SEA,ARI,0,0,2,0,0,0,0,0,0,0,0,0,0,0,0
00-0039324,Christian Roland-Wallace,CB,DB,2026,2,REG,2026_02_IND_KC,KC,IND,1,0,0,0,0,0,0,0,0,0,0,0,0,0,0
00-0039340,Laiatu Latu,DE,DL,2026,2,REG,2026_02_IND_KC,IND,KC,2,0,2,0,0,0,0,0,0,0,0,0,0,0,0
00-0039343,Kamari Lassiter,CB,DB,2026,2,REG,2026_02_CIN_HOU,HOU,CIN,4,0,1,1,3,0,0,0,0,0,0,0,0,0,0
00-0039345,Renardo Green,CB,DB,2026,2,REG,2026_02_MIA_SF,SF,MIA,1,0,1,0,0,0,0,0,0,0,0,0,0,0,0
00-0039353,Jarrian Jones,CB,DB,2026,2,REG,2026_02_JAX_DEN,JAX,DEN,1,0,1,0,0,0,0,0,0,0,0,1,0,0,0
00-0039360,Malik Mustapha,SAF,DB,2026,2,REG,2026_02_MIA_SF,SF,MIA,0,0,1,0,0,0,0,0,0,0,0,0,0,0,0
00-0039366,Tarheeb Still,CB,DB,2026,2,REG,2026_02_LV_LAC,LAC,LV,0,0,2,0,0,0,0,0,0,0,0,0,0,0,0
00-0039369,Cam Hart,CB,DB,2026,2,REG,2026_02_LV_LAC,LAC,LV,3,0,1,0,0,0,0,0,0,1,2,2,0,0,0
00-0039371,Kris Abrams-Draine,CB,DB,2026,2,REG,2026_02_JAX_DEN,DEN,JAX,0,0,0,0,0,0,0,0,0,0,0,0,0,1,0
00-0039372,Jarvis Brownlee Jr.,DB,DB,2026,2,REG,2026_02_GB_NYJ,NYJ,GB,1,0,1,0,0,0,0,0,0,0,0,0,0,0,0
00-0039374,Tommy Eichenberg,LB,LB,2026,2,REG,2026_02_LV_LAC,LV,LAC,1,0,2,0,0,0,0,0,0,0,0,0,0,0,0
00-0039377,Jaylon Carlies,LB,LB,2026,2,REG,2026_02_IND_KC,IND,KC,3,0,3,0,0,0,0,0,0,0,0,0,0,0,0
00-0039395,Jamal Hill,LB,LB,2026,2,REG,2026_02_CIN_HOU,HOU,CIN,0,0,1,0,0,0,0,0,0,0,0,0,0,0,0
00-0039406,Nathaniel Watson,LB,LB,2026,2,REG,2026_02_CLE_TB,CLE,TB,1,0,0,0,0,0,0,0,0,0,0,0,0,0,0
00-0039412,Javontae Jean-Baptiste,LB,LB,2026,2,REG,2026_02_WAS_DAL,WAS,DAL,1,0,1,0,0,0,0,0,0,0,0,0,0,0,0
00-0039417,Myles Harden,CB,DB,2026,2,REG,2026_02_CLE_TB,CLE,TB,2,0,3,0,0,0,0,0,0,1,25,2,0,0,0
00-0039421,Levi Drake Rodriguez,DL,DL,2026,2,REG,2026_02_MIN_CHI,MIN,CHI,0,0,2,0,0,0,0,0,0,0,0,0,0,0,0
00-0039423,Jonah Laulu,DT,DL,2026,2,REG,2026_02_LV_LAC,LV,LAC,1,0,0,0,0,0,0,0,1,0,0,0,0,0,0
00-0039431,Jowon Briggs,DE,DL,2026,2,REG,2026_02_GB_NYJ,NYJ,GB,1,0,3,0,0,1,1,3,0,0,0,0,0,0,0
00-0039515,Winston Reid,LB,LB,2026,2,REG,2026_02_CLE_TB,CLE,TB,1,0,0,0,0,0,0,0,0,0,0,0,0,0,0
00-0039532,Julius Wood,DB,DB,2026,2,REG,2026_02_MIA_SF,MIA,SF,0,0,1,0,0,0,0,0,0,0,0,0,0,0,0
00-0039632,PJ Jules,SAF,DB,2026,2,REG,2026_02_CIN_HOU,CIN,HOU,0,0,2,0,0,0,0,0,0,0,0,0,0,0,0
00-0039660,Thomas Harper,SAF,DB,2026,2,REG,2026_02_DET_BUF,DET,BUF,2,0,0,0,0,0,0,0,0,0,0,1,0,0,0
00-0039718,Bo Richter,LB,LB,2026,2,REG,2026_02_MIN_CHI,MIN,CHI,1,0,0,0,0,0,0,0,0,0,0,0,0,0,0
00-0039725,Jayden Price,CB,DB,2026,2,REG,2026_02_NO_BAL,NO,BAL,0,0,0,0,0,0,0,0,0,0,0,0,0,0,0
00-0039734,Braden Fiske,DE,DL,2026,2,REG,2026_02_NYG_LA,LA,NYG,0,0,0,0,0,0,0,0,1,0,0,0,0,0,0
00-0039740,Jalyx Hunt,LB,LB,2026,2,REG,2026_02_PHI_TEN,PHI,TEN,5,0,0,1,2,0,0,0,1,0,0,0,0,0,0
00-0039741,Payton Wilson,LB,LB,2026,2,REG,2026_02_PIT_NE,PIT,NE,4,0,2,1,2,0,0,0,0,0,0,0,0,0,0
00-0039752,Cedric Johnson,DE,DL,2026,2,REG,2026_02_CIN_HOU,CIN,HOU,3,0,1,2,24,0,2,24,2,0,0,0,0,0,0
00-0039770,Charles Woods,CB,DB,2026,2,REG,2026_02_PIT_NE,NE,PIT,8,0,2,0,0,0,0,0,0,0,0,1,0,0,0
00-0039772,Josh Wallace,CB,DB,2026,2,REG,2026_02_NYG_LA,LA,NYG,3,0,0,0,0,0,0,0,0,0,0,0,0,0,0
00-0039774,Omar Speights,LB,LB,2026,2,REG,2026_02_NYG_LA,LA,NYG,1,0,4,0,0,0,0,0,0,0,0,0,0,0,0
00-0039776,Jaylen McCollough,SAF,DB,2026,2,REG,2026_02_NYG_LA,LA,NYG,0,0,1,0,0,0,0,0,1,0,0,0,0,0,0
00-0039789,Qwan'tez Stiggers,DB,DB,2026,2,REG,2026_02_GB_NYJ,NYJ,GB,0,0,0,0,0,0,0,0,0,0,0,0,0,0,0
00-0039795,Nehemiah Pritchett,CB,DB,2026,2,REG,2026_02_SEA_ARI,SEA,ARI,0,0,1,0,0,0,0,0,0,0,0,0,0,0,0
00-0039807,Max Melton,CB,DB,2026,2,REG,2026_02_SEA_ARI,ARI,SEA,1,1,1,1,1,0,0,0,0,0,0,0,0,0,0
00-0039809,Jonah Elliss,LB,LB,2026,2,REG,2026_02_JAX_DEN,DEN,JAX,1,0,2,0,0,0,0,0,0,0,0,1,0,0,0
00-0039812,Ty'Ron Hopper,LB,LB,2026,2,REG,2026_02_GB_NYJ,GB,NYJ,0,0,2,0,0,0,0,0,0,0,0,0,0,0,0
00-0039813,Evan Williams,SAF,DB,2026,2,REG,2026_02_GB_NYJ,GB,NYJ,6,1,3,1,2,0,0,0,1,0,0,2,0,0,0
00-0039821,Andru Phillips,DB,DB,2026,2,REG,2026_02_NYG_LA,NYG,LA,1,0,0,0,0,0,0,0,0,0,0,0,0,0,0
00-0039825,Jaden Hicks,SAF,DB,2026,2,REG,2026_02_IND_KC,KC,IND,5,0,5,1,2,0,0,0,0,0,0,0,0,0,0
00-0039826,Jeremiah Trotter Jr.,LB,LB,2026,2,REG,2026_02_PHI_TEN,PHI,TEN,2,0,0,0,0,0,0,0,0,0,0,0,0,0,0
00-0039829,Darius Muasau,LB,LB,2026,2,REG,2026_02_PIT_NE,NE,PIT,1,0,0,0,0,0,0,0,0,0,0,0,0,0,0
00-0039831,Kamal Hadden,CB,DB,2026,2,REG,2026_02_GB_NYJ,GB,NYJ,0,0,2,0,0,0,0,0,0,0,0,0,0,0,0
00-0039835,Justin Eboigbe,DT,DL,2026,2,REG,2026_02_LV_LAC,LAC,LV,1,0,3,0,0,0,0,0,0,0,0,0,0,0,0
00-0039840,Austin Booker,DE,DL,2026,2,REG,2026_02_MIN_CHI,CHI,MIN,1,0,0,1,9,0,1,9,1,0,0,0,0,0,0
00-0039841,Cooper DeJean,CB,DB,2026,2,REG,2026_02_PHI_TEN,PHI,TEN,2,0,3,0,0,0,0,0,0,0,0,0,0,0,0
00-0039846,Tykee Smith,SAF,DB,2026,2,REG,2026_02_CLE_TB,TB,CLE,4,0,1,3,9,0,0,0,0,0,0,0,0,0,0
00-0039850,Edgerrin Cooper,LB,LB,2026,2,REG,2026_02_GB_NYJ,GB,NYJ,4,2,2,3,12,0,1,10,1,0,0,0,0,0,0
00-0039852,Jared Verse,DE,DL,2026,2,REG,2026_02_CLE_TB,CLE,TB,1,0,0,1,2,0,0,0,1,0,0,0,0,0,0
00-0039854,Darius Robinson,DL,DL,2026,2,REG,2026_02_SEA_ARI,ARI,SEA,3,0,3,1,10,0,0,0,0,0,0,0,0,0,0
00-0039858,Cedric Gray,LB,LB,2026,2,REG,2026_02_PHI_TEN,TEN,PHI,2,1,1,1,2,0,0,0,0,0,0,0,0,0,0
00-0039859,Brandon Dorlus,DE,DL,2026,2,REG,2026_02_CAR_ATL,ATL,CAR,0,0,1,0,0,0,0,0,1,0,0,0,0,0,0
00-0039860,Kool-Aid McKinstry,CB,DB,2026,2,REG,2026_02_NO_BAL,NO,BAL,3,0,0,0,0,0,0,0,0,0,0,1,0,0,0
00-0039861,Tyler Nubin,SAF,DB,2026,2,REG,2026_02_NYG_LA,NYG,LA,5,0,3,0,0,0,0,0,0,0,0,1,0,0,0
00-0039867,Javon Bullard,SAF,DB,2026,2,REG,2026_02_GB_NYJ,GB,NYJ,5,0,2,2,4,0,0,0,0,0,0,2,0,0,0
00-0039872,Cole Bishop,SAF,DB,2026,2,REG,2026_02_DET_BUF,BUF,DET,5,0,1,0,0,0,0,0,0,0,0,0,0,0,0
00-0039873,DeWayne Carter,DT,DL,2026,2,REG,2026_02_DET_BUF,BUF,DET,1,0,0,0,0,0,0,0,0,0,0,0,0,0,0
00-0039879,Javon Solomon,LB,LB,2026,2,REG,2026_02_DET_BUF,BUF,DET,1,0,0,0,0,0,0,0,0,0,0,0,0,0,0
00-0039886,T'Vondre Sweat,DT,DL,2026,2,REG,2026_02_GB_NYJ,NYJ,GB,1,0,3,0,0,0,0,0,0,0,0,0,0,0,0
00-0039888,Quinyon Mitchell,CB,DB,2026,2,REG,2026_02_PHI_TEN,PHI,TEN,5,0,1,0,0,0,0,0,0,0,0,0,0,0,0
00-0039889,Maason Smith,DT,DL,2026,2,REG,2026_02_CAR_ATL,ATL,CAR,0,0,3,0,0,0,0,0,0,0,0,0,0,0,0
00-0039898,Mike Sainristil,CB,DB,2026,2,REG,2026_02_WAS_DAL,WAS,DAL,3,0,1,0,0,0,0,0,0,0,0,0,0,0,0
00-0039908,Kris Jenkins,DT,DL,2026,2,REG,2026_02_CIN_HOU,CIN,HOU,1,0,0,0,0,0,0,0,0,0,0,0,0,0,0
00-0039924,Dallas Turner,LB,LB,2026,2,REG,2026_02_MIN_CHI,MIN,CHI,3,0,2,2,12,0,2,12,4,0,0,0,0,0,0
00-0040008,Shavon Revel Jr.,CB,DB,2026,2,REG,2026_02_WAS_DAL,DAL,WAS,3,0,0,0,0,0,0,0,0,0,0,1,0,0,0
00-0040010,Barryn Sorrell,DE,DL,2026,2,REG,2026_02_GB_NYJ,GB,NYJ,2,0,3,0,0,0,0.5,3,1,0,0,0,0,0,0
00-0040011,Shemar James,LB,LB,2026,2,REG,2026_02_WAS_DAL,DAL,WAS,1,0,2,0,0,0,0,0,0,0,0,0,0,0,0
00-0040013,Smael Mondon Jr.,LB,LB,2026,2,REG,2026_02_PHI_TEN,PHI,TEN,1,0,0,0,0,0,0,0,0,0,0,0,0,0,0
00-0040020,Micah Robinson,CB,DB,2026,2,REG,2026_02_PHI_TEN,TEN,PHI,3,0,5,1,2,0,0,0,0,0,0,0,0,0,0
00-0040041,Nazir Stackhouse,DT,DL,2026,2,REG,2026_02_PHI_TEN,TEN,PHI,0,1,0,1,1,0,0,0,0,0,0,0,0,0,0
00-0040045,Alijah Clark,DB,DB,2026,2,REG,2026_02_WAS_DAL,DAL,WAS,0,0,1,0,0,0,0,0,0,0,0,0,0,0,0
00-0040066,Jackson Woodard,LB,LB,2026,2,REG,2026_02_MIA_SF,MIA,SF,1,0,2,0,0,0,0,0,0,0,0,0,0,0,0
00-0040072,Jeffrey Bassa,LB,LB,2026,2,REG,2026_02_IND_KC,KC,IND,0,0,1,0,0,0,0,0,0,0,0,0,0,0,0
00-0040089,Kevin Knowles,DB,DB,2026,2,REG,2026_02_CLE_TB,TB,CLE,0,0,1,0,0,0,0,0,0,0,0,0,0,0,0
00-0040100,Jay Higgins,LB,LB,2026,2,REG,2026_02_NO_BAL,BAL,NO,1,0,0,0,0,0,0,0,0,0,0,0,0,0,0
00-0040104,Keondre Jackson,SAF,DB,2026,2,REG,2026_02_NO_BAL,BAL,NO,0,0,2,0,0,0,0,0,0,0,0,0,0,0,0
00-0040132,Landon Jackson,DE,DL,2026,2,REG,2026_02_DET_BUF,BUF,DET,1,0,1,0,0,0,0,0,0,0,0,0,0,0,0
00-0040133,Azareye'h Thomas,CB,DB,2026,2,REG,2026_02_GB_NYJ,NYJ,GB,2,0,0,1,1,0,0,0,0,0,0,1,0,0,0
00-0040136,Princely Umanmielen,LB,LB,2026,2,REG,2026_02_CAR_ATL,CAR,ATL,1,0,1,0,0,0,0,0,0,0,0,0,0,0,0
00-0040137,Jordan Burch,LB,LB,2026,2,REG,2026_02_SEA_ARI,ARI,SEA,3,0,1,1,3,0,0,0,0,0,0,0,0,0,0
00-0040139,Justin Walley,CB,DB,2026,2,REG,2026_02_IND_KC,IND,KC,3,0,2,0,0,0,0,0,0,0,0,1,0,0,0
00-0040141,Kevin Winston Jr.,SAF,DB,2026,2,REG,2026_02_PHI_TEN,TEN,PHI,5,0,3,0,0,0,0,0,0,0,0,0,0,0,0
00-0040144,Jamaree Caldwell,DT,DL,2026,2,REG,2026_02_LV_LAC,LAC,LV,0,0,2,0,0,0,0,0,0,0,0,0,0,0,0
00-0040148,Xavier Watts,SAF,DB,2026,2,REG,2026_02_CAR_ATL,ATL,CAR,6,0,1,0,0,1,0,0,0,0,0,0,0,0,0
00-0040149,Jaylin Smith,CB,DB,2026,2,REG,2026_02_CIN_HOU,HOU,CIN,1,0,0,0,0,0,0,0,0,0,0,0,0,0,0
00-0040152,Upton Stout,CB,DB,2026,2,REG,2026_02_MIA_SF,SF,MIA,2,0,3,1,1,0,0.5,2,1,0,0,1,0,0,0
00-0040155,Danny Stutsman,LB,LB,2026,2,REG,2026_02_NO_BAL,NO,BAL,2,0,2,0,0,0,0,0,0,0,0,0,0,0,0
00-0040157,Barrett Carter,LB,LB,2026,2,REG,2026_02_CIN_HOU,CIN,HOU,2,0,3,1,6,0,0,0,0,0,0,0,0,0,0
00-0040158,David Walker,LB,LB,2026,2,REG,2026_02_CLE_TB,TB,CLE,1,0,0,1,8,0,1,8,1,0,0,0,0,0,0
00-0040159,Lathan Ransom,SAF,DB,2026,2,REG,2026_02_CAR_ATL,CAR,ATL,2,0,2,0,0,0,0,0,0,0,0,0,0,0,0
00-0040165,Malachi Moore,SAF,DB,2026,2,REG,2026_02_GB_NYJ,NYJ,GB,0,0,1,0,0,0,0,0,0,0,0,0,0,0,0
00-0040166,Quincy Riley,CB,DB,2026,2,REG,2026_02_NO_BAL,NO,BAL,1,0,0,0,0,0,0,0,0,0,0,1,0,0,0
00-0040168,Que Robinson,LB,LB,2026,2,REG,2026_02_JAX_DEN,DEN,JAX,2,0,1,1,11,0,1,11,1,0,0,0,0,0,0
00-0040169,Tonka Hemingway,DT,DL,2026,2,REG,2026_02_LV_LAC,LV,LAC,0,0,3,0,0,0,0,0,1,0,0,1,0,0,0
00-0040171,Joshua Farmer,DT,DL,2026,2,REG,2026_02_PIT_NE,NE,PIT,1,0,1,1,11,0,1,11,1,0,0,0,0,0,0
00-0040173,Tyrion Ingram-Dawkins,DT,DL,2026,2,REG,2026_02_MIN_CHI,MIN,CHI,1,0,1,0,0,0,0,0,0,0,0,0,0,0,0
00-0040174,Cam Jackson,DT,DL,2026,2,REG,2026_02_CAR_ATL,CAR,ATL,2,0,0,0,0,0,0,0,0,0,0,0,0,0,0
00-0040175,Jordan Phillips,DT,DL,2026,2,REG,2026_02_MIA_SF,MIA,SF,0,0,1,0,0,0,0,0,0,0,0,0,0,0,0
00-0040178,Jason Marshall Jr.,CB,DB,2026,2,REG,2026_02_MIA_SF,MIA,SF,3,0,3,0,0,0,0,0,0,0,0,0,0,0,0
00-0040182,Dante Trader Jr.,SAF,DB,2026,2,REG,2026_02_MIA_SF,MIA,SF,1,0,1,0,0,0,0,0,0,0,0,0,0,0,0
00-0040183,Elijah Roberts,DE,DL,2026,2,REG,2026_02_CLE_TB,TB,CLE,1,0,0,0,0,0,0,0,0,0,0,0,0,0,0
00-0040185,Marques Sigle,SAF,DB,2026,2,REG,2026_02_MIA_SF,SF,MIA,3,0,4,1,5,0,1,5,1,0,0,0,0,0,0
00-0040192,Jordan Hancock,CB,DB,2026,2,REG,2026_02_DET_BUF,BUF,DET,3,0,2,0,0,0,0,0,0,0,0,0,0,0,0
00-0040195,Denzel Burke,CB,DB,2026,2,REG,2026_02_SEA_ARI,ARI,SEA,1,0,0,0,0,0,0,0,0,0,0,0,0,0,0
00-0040201,Marcus Harris,CB,DB,2026,2,REG,2026_02_PHI_TEN,TEN,PHI,4,0,2,1,5,0,0,0,0,1,3,1,0,0,0
00-0040204,Jaylen Reed,SAF,DB,2026,2,REG,2026_02_PIT_NE,NE,PIT,1,0,1,0,0,0,0,0,0,0,0,0,0,0,0
00-0040213,Rayuan Lane III,SAF,DB,2026,2,REG,2026_02_JAX_DEN,JAX,DEN,1,0,1,0,0,0,0,0,0,0,0,0,0,0,0
00-0040221,R.J. Mickens,SAF,DB,2026,2,REG,2026_02_LV_LAC,LAC,LV,2,0,1,0,0,0,0,0,0,0,0,0,0,0,0
00-0040235,Hunter Wohler,SAF,DB,2026,2,REG,2026_02_IND_KC,IND,KC,3,0,5,0,0,0,0,0,0,0,0,0,0,0,0
00-0040248,Zeek Biggers,DT,DL,2026,2,REG,2026_02_MIA_SF,MIA,SF,1,0,3,0,0,0,0,0,0,0,0,0,0,0,0
00-0040255,Adin Huntington,DE,DL,2026,2,REG,2026_02_CLE_TB,CLE,TB,0,0,1,0,0,0,0,0,0,0,0,0,0,0,0
00-0040263,Donovan McMillon,SAF,DB,2026,2,REG,2026_02_CLE_TB,CLE,TB,1,0,0,0,0,0,0,0,0,0,0,0,0,0,0
00-0040318,Ale Kaho,LB,LB,2026,2,REG,2026_02_WAS_DAL,WAS,DAL,2,0,0,0,0,0,0,0,0,0,0,0,0,0,0
00-0040326,Branson Combs,LB,LB,2026,2,REG,2026_02_JAX_DEN,JAX,DEN,1,0,1,0,0,0,0,0,0,0,0,0,0,0,0
00-0040342,Danny Striggow,DE,DL,2026,2,REG,2026_02_JAX_DEN,JAX,DEN,0,0,1,0,0,0,0,0,0,0,0,0,0,0,0
00-0040458,TeRah Edwards,DT,DL,2026,2,REG,2026_02_CAR_ATL,CAR,ATL,1,0,2,0,0,0,0,0,0,0,0,0,0,0,0
00-0040496,Chaz Chambliss,LB,LB,2026,2,REG,2026_02_MIN_CHI,MIN,CHI,0,0,1,0,0,0,0,0,0,0,0,0,0,0,0
00-0040574,Elijah Ponder,LB,LB,2026,2,REG,2026_02_PIT_NE,NE,PIT,3,0,2,3,15,0,1,13,2,0,0,0,0,0,0
00-0040579,Carson Schwesinger,LB,LB,2026,2,REG,2026_02_CLE_TB,CLE,TB,5,0,5,1,3,0,0,0,0,0,0,0,0,0,0
00-0040580,Josaiah Stewart,LB,LB,2026,2,REG,2026_02_NYG_LA,LA,NYG,0,0,1,0,0,0,0,0,0,0,0,0,0,0,0
00-0040634,Jordan Turner,LB,LB,2026,2,REG,2026_02_JAX_DEN,DEN,JAX,0,0,1,0,0,0,0,0,0,0,0,0,0,0,0
00-0040640,Ashton Gillotte,DE,DL,2026,2,REG,2026_02_IND_KC,KC,IND,2,0,0,0,0,0,0,0,0,0,0,0,0,0,0
00-0040642,Vernon Broughton,DT,DL,2026,2,REG,2026_02_NO_BAL,NO,BAL,0,0,1,0,0,0,0,0,0,0,0,0,0,0,0
00-0040643,Jonas Sanker,SAF,DB,2026,2,REG,2026_02_NO_BAL,NO,BAL,3,0,0,0,0,0,0,0,0,0,0,0,0,0,0
00-0040645,Cody Simon,LB,LB,2026,2,REG,2026_02_SEA_ARI,ARI,SEA,1,0,0,0,0,0,0,0,0,0,0,0,0,0,0
00-0040647,Rylie Mills,DT,DL,2026,2,REG,2026_02_SEA_ARI,SEA,ARI,1,0,3,0,0,0,0,0,0,0,0,0,0,0,0
00-0040670,Nohl Williams,CB,DB,2026,2,REG,2026_02_IND_KC,KC,IND,4,0,1,1,1,0,0,0,0,0,0,1,0,0,0
00-0040672,Tyleik Williams,DT,DL,2026,2,REG,2026_02_DET_BUF,DET,BUF,3,0,2,0,0,0,0,0,1,0,0,0,0,0,0
00-0040677,Abdul Carter,LB,LB,2026,2,REG,2026_02_NYG_LA,NYG,LA,1,0,2,1,9,0,1,9,1,0,0,0,0,0,0
00-0040678,Derrick Harmon,DT,DL,2026,2,REG,2026_02_PIT_NE,PIT,NE,1,0,7,0,0,0,0.5,1.5,1,0,0,0,0,0,0
00-0040685,Mason Graham,DT,DL,2026,2,REG,2026_02_CLE_TB,CLE,TB,1,0,2,1,6,0,1,6,2,0,0,0,0,0,0
00-0040688,Malaki Starks,SAF,DB,2026,2,REG,2026_02_NO_BAL,BAL,NO,3,0,1,0,0,0,0,0,0,0,0,0,0,0,0
00-0040689,Anthony Campbell,DT,DL,2026,2,REG,2026_02_GB_NYJ,GB,NYJ,1,0,0,0,0,0,0,0,0,0,0,0,0,0,0
00-0040706,Walter Nolen,DT,DL,2026,2,REG,2026_02_SEA_ARI,ARI,SEA,0,0,2,0,0,0,0,0,1,0,0,0,0,0,0
00-0040708,Jihaad Campbell,LB,LB,2026,2,REG,2026_02_PHI_TEN,PHI,TEN,6,0,4,0,0,1,0,0,0,0,0,0,0,0,0
00-0040709,Maxwell Hairston,CB,DB,2026,2,REG,2026_02_DET_BUF,BUF,DET,1,0,0,0,0,0,0,0,0,0,0,0,0,0,0
00-0040710,Deone Walker,DT,DL,2026,2,REG,2026_02_DET_BUF,BUF,DET,0,0,1,0,0,0,0,0,3,0,0,3,0,0,0
00-0040711,C.J. West,DT,DL,2026,2,REG,2026_02_MIA_SF,SF,MIA,0,0,3,0,0,0,0,0,0,0,0,0,0,0,0
00-0040716,Craig Woodson,SAF,DB,2026,2,REG,2026_02_PIT_NE,NE,PIT,4,0,3,0,0,0,0,0,0,0,0,1,0,0,0
00-0040718,Travis Hunter,CB,DB,2026,2,REG,2026_02_JAX_DEN,JAX,DEN,4,0,0,0,0,0,0,0,0,0,0,1,0,0,0
00-0040722,Mike Green,LB,LB,2026,2,REG,2026_02_NO_BAL,BAL,NO,2,0,0,2,12,0,1,8,2,0,0,0,0,0,0
00-0040725,Donovan Ezeiruaku,LB,LB,2026,2,REG,2026_02_WAS_DAL,DAL,WAS,2,0,1,0,0,0,0,0,0,0,0,0,0,0,0
00-0040733,Nick Emmanwori,SAF,DB,2026,2,REG,2026_02_SEA_ARI,SEA,ARI,1,0,0,0,0,0,0,0,0,0,0,0,0,0,0
00-0040738,Demetrius Knight Jr.,LB,LB,2026,2,REG,2026_02_CIN_HOU,CIN,HOU,4,0,8,0,0,0,0,0,1,0,0,0,0,0,0
00-0040744,Jaylahn Tuimoloau,DE,DL,2026,2,REG,2026_02_IND_KC,IND,KC,1,0,2,0,0,0,0,0,0,0,0,0,0,0,0
00-0040747,Benjamin Morrison,CB,DB,2026,2,REG,2026_02_CLE_TB,TB,CLE,5,0,2,0,0,0,0,0,0,0,0,1,0,0,0
00-0040749,Andrew Mukuba,SAF,DB,2026,2,REG,2026_02_PHI_TEN,PHI,TEN,2,0,4,0,0,0,0,0,0,0,0,0,0,0,0
00-0040751,Will Johnson,CB,DB,2026,2,REG,2026_02_SEA_ARI,ARI,SEA,1,0,3,0,0,0,0,0,0,0,0,1,0,0,0
00-0040752,Oluwafemi Oladejo,DE,DL,2026,2,REG,2026_02_PHI_TEN,TEN,PHI,1,0,0,0,0,0,0,0,0,0,0,0,0,0,0
00-0040756,Shemar Stewart,DE,DL,2026,2,REG,2026_02_CIN_HOU,CIN,HOU,2,0,0,1,7,0,1,7,1,0,0,0,0,0,0
00-0040865,Caleb Downs,SAF,DB,2026,2,REG,2026_02_WAS_DAL,DAL,WAS,6,0,3,0,0,1,0,0,0,0,0,1,0,0,0
00-0040868,Treydan Stukes,SAF,DB,2026,2,REG,2026_02_LV_LAC,LV,LAC,2,0,2,0,0,0,0,0,0,0,0,0,0,0,0
00-0040869,Chris McClellan,DT,DL,2026,2,REG,2026_02_GB_NYJ,GB,NYJ,0,0,0,0,0,0,0,0,0,0,0,0,0,0,0
00-0040872,Jaishawn Barham,LB,LB,2026,2,REG,2026_02_WAS_DAL,DAL,WAS,4,0,3,1,6,1,0,0,0,0,0,0,0,0,0
00-0040873,Julian Neal,CB,DB,2026,2,REG,2026_02_SEA_ARI,SEA,ARI,1,0,0,0,0,0,0,0,0,0,0,0,0,0,0
00-0040877,Dani Dennis-Sutton,LB,LB,2026,2,REG,2026_02_GB_NYJ,GB,NYJ,2,0,4,0,0,0,0.5,4.5,2,0,0,0,0,0,0
00-0040880,LT Overton,DT,DL,2026,2,REG,2026_02_WAS_DAL,DAL,WAS,1,0,0,0,0,0,0,0,0,0,0,0,0,0,0
00-0040885,Chandler Rivers,CB,DB,2026,2,REG,2026_02_NO_BAL,BAL,NO,2,0,0,1,4,0,0,0,0,0,0,0,0,0,0
00-0040889,Hezekiah Masses,CB,DB,2026,2,REG,2026_02_LV_LAC,LV,LAC,4,0,1,1,2,0,0,0,0,2,29,2,0,0,0
00-0040928,Kapena Gushiken,CB,DB,2026,2,REG,2026_02_IND_KC,IND,KC,1,0,1,1,2,0,0,0,0,0,0,1,0,0,0
00-0040978,Ethan Burke,LB,LB,2026,2,REG,2026_02_NO_BAL,BAL,NO,0,0,1,0,0,0,0,0,0,0,0,0,0,0,0
00-0041026,David Bailey,LB,LB,2026,2,REG,2026_02_GB_NYJ,NYJ,GB,2,0,1,1,1,1,1,1,1,0,0,0,0,0,0
00-0041028,Sonny Styles,LB,LB,2026,2,REG,2026_02_WAS_DAL,WAS,DAL,0,0,3,0,0,0,0,0,0,0,0,0,0,0,0
00-0041033,Caleb Banks,DT,DL,2026,2,REG,2026_02_MIN_CHI,MIN,CHI,3,0,3,1,2,0,0,0,0,0,0,0,0,0,0
00-0041036,TJ Parker,LB,LB,2026,2,REG,2026_02_DET_BUF,BUF,DET,1,0,0,0,0,0,0,0,0,0,0,0,0,0,0
00-0041039,CJ Allen,LB,LB,2026,2,REG,2026_02_IND_KC,IND,KC,0,0,1,0,0,0,0,0,0,0,0,0,0,0,0
00-0041043,A.J. Haulcy,SAF,DB,2026,2,REG,2026_02_IND_KC,IND,KC,1,0,1,0,0,0,0,0,0,0,0,0,0,0,0
00-0041045,Albert Regis,DT,DL,2026,2,REG,2026_02_JAX_DEN,JAX,DEN,0,0,1,0,0,0,0,0,0,0,0,0,0,0,0
00-0041046,Domonique Orange,DT,DL,2026,2,REG,2026_02_MIN_CHI,MIN,CHI,0,0,2,0,0,0,0,0,0,0,0,0,0,0,0
00-0041057,Keionte Scott,CB,DB,2026,2,REG,2026_02_CLE_TB,TB,CLE,5,0,0,0,0,0,0,0,0,0,0,0,0,0,0
00-0041060,Malik Muhammad,CB,DB,2026,2,REG,2026_02_MIN_CHI,CHI,MIN,2,0,1,1,6,0,1,6,1,0,0,0,0,0,0
00-0041063,Will Lee III,CB,DB,2026,2,REG,2026_02_CAR_ATL,CAR,ATL,1,0,1,0,0,0,0,0,0,0,0,2,0,0,0
00-0041064,Genesis Smith,SAF,DB,2026,2,REG,2026_02_LV_LAC,LAC,LV,0,0,1,0,0,0,0,0,0,0,0,1,0,0,0
00-0041066,Kendal Daniels,LB,LB,2026,2,REG,2026_02_CAR_ATL,ATL,CAR,2,1,0,1,1,0,0,0,0,0,0,0,0,0,0
00-0041072,Nick Barrett,DT,DL,2026,2,REG,2026_02_LV_LAC,LAC,LV,1,0,0,0,0,0,0,0,1,0,0,0,0,0,0
00-0041076,Zakee Wheatley,SAF,DB,2026,2,REG,2026_02_CAR_ATL,CAR,ATL,4,0,1,0,0,1,0,0,0,0,0,0,0,0,0
00-0041078,Jaden Dugger,LB,LB,2026,2,REG,2026_02_MIA_SF,SF,MIA,1,0,1,0,0,0,0,0,0,0,0,0,0,0,0
00-0041088,Karon Prunty,CB,DB,2026,2,REG,2026_02_PIT_NE,NE,PIT,1,0,0,0,0,0,0,0,0,0,0,0,0,0,0
00-0041093,Karson Sharar,LB,LB,2026,2,REG,2026_02_SEA_ARI,ARI,SEA,1,0,0,0,0,0,0,0,0,0,0,0,0,0,0
00-0041109,Namdi Obiazor,LB,LB,2026,2,REG,2026_02_PIT_NE,NE,PIT,1,0,1,0,0,0,0,0,0,0,0,0,0,0,0
00-0041110,Jordan van den Berg,DT,DL,2026,2,REG,2026_02_MIN_CHI,CHI,MIN,1,0,0,0,0,0,0,0,0,0,0,0,0,0,0
00-0041111,Caden Curry,DE,DL,2026,2,REG,2026_02_IND_KC,IND,KC,1,0,1,0,0,0,0,0,0,0,0,0,0,0,0
00-0041112,Harold Perkins Jr.,LB,LB,2026,2,REG,2026_02_CAR_ATL,ATL,CAR,0,0,1,0,0,0,0,0,0,0,0,0,0,0,0
00-0041148,Aaron Hall,DT,DL,2026,2,REG,2026_02_CAR_ATL,CAR,ATL,1,0,5,0,0,0,0,0,1,0,0,0,0,0,0
00-0041175,Skyler Thomas,SAF,DB,2026,2,REG,2026_02_MIN_CHI,CHI,MIN,0,0,1,0,0,0,0,0,0,0,0,0,0,0,0
00-0041227,Tahj Chambers,LB,LB,2026,2,REG,2026_02_IND_KC,IND,KC,1,0,0,0,0,0,0,0,0,0,0,0,0,0,0
00-0041305,Sabastian Harsh,DE,DL,2026,2,REG,2026_02_CIN_HOU,HOU,CIN,1,0,1,0,0,0,0.5,0,1,0,0,0,0,0,0
00-0041354,Jacob Thomas,SAF,DB,2026,2,REG,2026_02_MIN_CHI,MIN,CHI,0,0,1,0,0,0,0,0,1,0,0,0,0,0,0
00-0041363,James Thompson Jr.,DT,DL,2026,2,REG,2026_02_MIA_SF,SF,MIA,1,0,1,0,0,0,0,0,0,0,0,0,0,0,0
00-0041370,Wydett Williams Jr.,SAF,DB,2026,2,REG,2026_02_SEA_ARI,ARI,SEA,0,0,0,0,0,0,0,0,0,0,0,0,0,0,0
00-0041381,Rodney Shelley,DB,DB,2026,2,REG,2026_02_LV_LAC,LAC,LV,2,0,0,0,0,0,0,0,0,0,0,0,0,0,0
00-0041382,Avery Smith,CB,DB,2026,2,REG,2026_02_SEA_ARI,SEA,ARI,1,0,0,0,0,0,0,0,0,0,0,0,0,0,0
00-0041391,Davison Igbinosun,CB,DB,2026,2,REG,2026_02_DET_BUF,BUF,DET,4,0,1,0,0,0,0,0,0,0,0,0,0,0,0
00-0041401,Robert Spears-Jennings,SAF,DB,2026,2,REG,2026_02_PIT_NE,PIT,NE,3,0,1,0,0,0,0,0,0,0,0,0,0,0,0
00-0041402,Quintayvious Hutchins,LB,LB,2026,2,REG,2026_02_PIT_NE,NE,PIT,0,0,3,0,0,0,0,0,0,0,0,0,0,0,0
00-0041404,Wesley Bailey,LB,LB,2026,2,REG,2026_02_NYG_LA,LA,NYG,1,0,0,0,0,0,1,0,1,0,0,0,0,0,0
00-0041444,Kaleb Elarms-Orr,LB,LB,2026,2,REG,2026_02_DET_BUF,BUF,DET,0,0,2,0,0,0,0,0,0,0,0,0,0,0,0
00-0041447,Skyler Gill-Howard,DT,DL,2026,2,REG,2026_02_DET_BUF,DET,BUF,0,0,1,0,0,0,0,0,1,0,0,0,0,0,0
00-0041449,Aiden Fisher,LB,LB,2026,2,REG,2026_02_CIN_HOU,HOU,CIN,1,0,0,0,0,0,0,0,0,0,0,0,0,0,0
00-0041455,Erick Hunter,LB,LB,2026,2,REG,2026_02_PIT_NE,NE,PIT,0,0,1,0,0,0,0,0,0,0,0,0,0,0,0
00-0041459,Eric O'Neill,DE,DL,2026,2,REG,2026_02_DET_BUF,DET,BUF,1,0,0,0,0,0,0,0,0,0,0,0,0,0,0
00-0041462,Colton Hood,CB,DB,2026,2,REG,2026_02_NYG_LA,NYG,LA,2,0,1,0,0,0,0,0,0,0,0,0,0,0,0
00-0041464,Tacario Davis,CB,DB,2026,2,REG,2026_02_CIN_HOU,CIN,HOU,1,0,1,0,0,0,0,0,0,0,0,0,0,0,0
00-0041469,Avieon Terrell,CB,DB,2026,2,REG,2026_02_CAR_ATL,ATL,CAR,1,0,0,0,0,0,0,0,0,0,0,0,0,0,0
00-0041470,Brandon Cisse,CB,DB,2026,2,REG,2026_02_GB_NYJ,GB,NYJ,4,0,1,0,0,0,0.5,3,1,0,0,0,0,0,0
00-0041471,Emmanuel McNeil-Warren,SAF,DB,2026,2,REG,2026_02_CLE_TB,CLE,TB,3,0,0,0,0,0,0,0,0,0,0,0,0,0,0
00-0041479,Anthony Hill Jr.,LB,LB,2026,2,REG,2026_02_PHI_TEN,TEN,PHI,6,0,4,0,0,0,0,0,0,0,0,0,0,0,0
00-0041494,Zion Young,LB,LB,2026,2,REG,2026_02_NO_BAL,BAL,NO,2,0,1,0,0,0,0,0,0,0,0,0,0,0,0
00-0041495,Jake Golday,LB,LB,2026,2,REG,2026_02_MIN_CHI,MIN,CHI,0,0,1,0,0,0,0,0,0,0,0,0,0,0,0
00-0041497,Jadon Canady,CB,DB,2026,2,REG,2026_02_IND_KC,KC,IND,0,0,1,0,0,0,0,0,0,0,0,0,0,0,0
00-0041501,R Mason Thomas,DE,DL,2026,2,REG,2026_02_IND_KC,KC,IND,0,0,0,0,0,0,0,0,1,0,0,0,0,0,0
00-0041502,Josiah Trotter,LB,LB,2026,2,REG,2026_02_CLE_TB,TB,CLE,6,0,7,0,0,0,0,0,0,0,0,0,0,0,0
00-0041508,Keldric Faulk,DE,DL,2026,2,REG,2026_02_PHI_TEN,TEN,PHI,0,0,1,0,0,0,0,0,0,0,0,0,0,0,0
00-0041509,Arvell Reese,LB,LB,2026,2,REG,2026_02_NYG_LA,NYG,LA,3,0,4,0,0,0,0,0,0,0,0,0,0,0,0
00-0041518,Bryce Boettcher,LB,LB,2026,2,REG,2026_02_IND_KC,IND,KC,2,0,3,0,0,0,0,0,0,0,0,0,0,0,0
00-0041522,Jacob Rodriguez,LB,LB,2026,2,REG,2026_02_MIA_SF,MIA,SF,3,0,5,0,0,0,0,0,1,0,0,0,0,0,0
00-0041528,Michael Taaffe,SAF,DB,2026,2,REG,2026_02_MIA_SF,MIA,SF,5,0,4,0,0,0,0,0,0,0,0,0,0,0,0
00-0041533,Chris Johnson,CB,DB,2026,2,REG,2026_02_MIA_SF,MIA,SF,1,0,0,0,0,0,0,0,0,0,0,0,0,0,0
00-0041537,Malachi Lawrence,LB,LB,2026,2,REG,2026_02_WAS_DAL,DAL,WAS,1,0,0,0,0,0,0,0,1,0,0,0,0,0,0
00-0041538,Dillon Thieneman,SAF,DB,2026,2,REG,2026_02_MIN_CHI,CHI,MIN,3,0,4,0,0,0,0,0,0,0,0,1,0,0,0
00-0041544,Akheem Mesidor,LB,LB,2026,2,REG,2026_02_LV_LAC,LAC,LV,0,0,3,0,0,0,0.5,0.5,2,0,0,0,0,0,0
00-0041545,Peter Woods,DT,DL,2026,2,REG,2026_02_IND_KC,KC,IND,0,0,3,0,0,0,0,0,0,0,0,0,0,0,0
00-0041546,Cashius Howell,DE,DL,2026,2,REG,2026_02_CIN_HOU,CIN,HOU,0,0,1,0,0,0,0,0,1,0,0,0,0,0,0
00-0041549,Darrell Jackson Jr.,DT,DL,2026,2,REG,2026_02_GB_NYJ,NYJ,GB,1,0,1,0,0,0,0,0,0,0,0,0,0,0,0
00-0041556,Romello Height,DE,DL,2026,2,REG,2026_02_MIA_SF,SF,MIA,1,0,0,0,0,0,1,0,0,0,0,0,0,0,0
00-0041557,Gracen Halton,DT,DL,2026,2,REG,2026_02_MIA_SF,SF,MIA,3,0,2,1,3,0,0,0,0,0,0,0,0,0,0
00-0041563,Jermod McCoy,CB,DB,2026,2,REG,2026_02_LV_LAC,LV,LAC,1,0,1,0,0,0,0,0,0,0,0,0,0,0,0
00-0041569,Gabe Jacas,LB,LB,2026,2,REG,2026_02_PIT_NE,NE,PIT,1,0,2,0,0,0,0,0,1,1,11,1,0,0,0
