player_id,player_display_name,position,position_group,season,week,season_type,game_id,team,opponent_team,completions,attempts,passing_yards,passing_tds,passing_interceptions,passing_air_yards,passing_yards_after_catch,passing_first_downs,passing_epa,passing_cpoe,carries,rushing_yards,rushing_tds,rushing_first_downs,rushing_epa,receptions,targets,receiving_yards,receiving_tds,receiving_air_yards,receiving_yards_after_catch,receiving_first_downs,receiving_epa,target_share,air_yards_share,wopr,pacr,racr
00-0023459,Aaron Rodgers,QB,QB,2026,1,REG,2026_01_ATL_PIT,PIT,ATL,24,40,221,1,0,407,121,10,-7.8381452707295,1.23448287313049,3,-3,0,0,-1.43968164623948,0,0,0,0,0,0,0,,0,0,0,0.542997542997543,
00-0026498,Matthew Stafford,QB,QB,2026,1,REG,2026_01_SF_LA,LA,SF,15,25,155,0,1,232,85,5,-5.61114235420246,-4.68852035701275,2,-1,0,0,-3.81403467035852,0,0,0,0,0,0,0,,0,0,0,0.668103448275862,
00-0029604,Kirk Cousins,QB,QB,2026,1,REG,2026_01_MIA_LV,LV,MIA,21,30,160,3,2,226,70,10,0.393194662359296,0.708901060038599,5,-6,0,0,-3.76460217684507,0,0,0,0,0,0,0,,0,0,0,0.707964601769912,
00-0030279,Keenan Allen,WR,WR,2026,1,REG,2026_01_BAL_IND,IND,BAL,0,0,0,0,0,0,0,0,,,0,0,0,0,,6,6,32,0,22,10,1,-0.00896294851554558,0.206896551724138,0.109452736318408,0.386961743009092,,1.45454545454545
00-0030506,Travis Kelce,TE,TE,2026,1,REG,2026_01_DEN_KC,KC,DEN,0,0,0,0,0,0,0,0,,,0,0,0,0,,3,5,71,0,29,63,2,4.96814065461513,0.2,0.218045112781955,0.452631578947368,,2.44827586206897
00-0030565,Geno Smith,QB,QB,2026,1,REG,2026_01_NYJ_TEN,NYJ,TEN,19,24,215,0,0,168,82,7,9.75485210445876,12.8360209257706,6,7,0,0,-5.25670542404987,0,0,0,0,0,0,0,,0,0,0,1.2797619047619,
00-0031381,Davante Adams,WR,WR,2026,1,REG,2026_01_SF_LA,LA,SF,0,0,0,0,0,0,0,0,,,0,0,0,0,,3,6,26,0,73,9,1,-1.70472908939701,0.222222222222222,0.286274509803922,0.533725490196078,,0.356164383561644
00-0031408,Mike Evans,WR,WR,2026,1,REG,2026_01_SF_LA,SF,LA,0,0,0,0,0,0,0,0,,,0,0,0,0,,6,7,49,1,55,6,6,8.18519229372032,0.205882352941176,0.369127516778524,0.567212791156731,,0.890909090909091
00-0031588,Stefon Diggs,WR,WR,2026,1,REG,2026_01_WAS_PHI,WAS,PHI,0,0,0,0,0,0,0,0,,,0,0,0,0,,4,9,55,1,83,15,4,3.75257198052714,0.310344827586207,0.261829652996845,0.648797998477102,,0.662650602409639
00-0031610,Darren Waller,TE,TE,2026,1,REG,2026_01_CHI_CAR,CAR,CHI,0,0,0,0,0,0,0,0,,,0,0,0,0,,2,2,28,0,8,20,2,1.23824440309545,0.0588235294117647,0.0218579234972678,0.103535840565734,,3.5
00-0032104,Ameer Abdullah,RB,RB,2026,1,REG,2026_01_CLE_JAX,JAX,CLE,0,0,0,0,0,0,0,0,,,4,32,0,1,1.0198065017674,1,1,0,0,-3,3,0,-0.747522654477507,0.0476190476190476,-0.012396694214876,0.0627508854781582,,0
00-0032398,Chris Moore,WR,WR,2026,1,REG,2026_01_BAL_IND,BAL,IND,0,0,0,0,0,0,0,0,,,0,0,0,0,,1,2,53,0,68,23,1,3.20926064962987,0.0833333333333333,0.252788104089219,0.301951672862454,,0.779411764705882
00-0032464,Kalif Raymond,WR,WR,2026,1,REG,2026_01_CHI_CAR,CHI,CAR,0,0,0,0,0,0,0,0,,,0,0,0,0,,8,9,84,0,65,21,5,6.47426565661235,0.346153846153846,0.203761755485893,0.661863998070895,,1.29230769230769
00-0032764,Derrick Henry,RB,RB,2026,1,REG,2026_01_BAL_IND,BAL,IND,0,0,0,0,0,0,0,0,,,24,144,3,7,6.75778948888183,1,1,19,0,-1,20,1,1.70314843778033,0.0416666666666667,-0.00371747211895911,0.0598977695167286,,-19
00-0032775,Demarcus Robinson,WR,WR,2026,1,REG,2026_01_SF_LA,SF,LA,0,0,0,0,0,0,0,0,,,0,0,0,0,,2,3,50,1,45,7,2,2.95337476504783,0.0882352941176471,0.302013422818792,0.343762337149625,,1.11111111111111
00-0032950,Carson Wentz,QB,QB,2026,1,REG,2026_01_GB_MIN,MIN,GB,12,19,133,3,0,141,29,7,4.9871116107931,-7.26135169204913,5,-1,0,1,0.0453942799940705,0,0,0,0,0,0,0,,0,0,0,0.943262411347518,
00-0032951,Laquon Treadwell,WR,WR,2026,1,REG,2026_01_BAL_IND,IND,BAL,0,0,0,0,0,0,0,0,,,0,0,0,0,,0,1,0,0,4,0,0,-4.8116334649967,0.0344827586206897,0.0199004975124378,0.0656544861897409,,0
00-0033077,Dak Prescott,QB,QB,2026,1,REG,2026_01_DAL_NYG,DAL,NYG,22,34,175,2,1,309,91,12,10.3809027645621,7.72986660401026,2,14,0,1,0.936536743305624,0,0,0,0,0,0,0,,0,0,0,0.566343042071198,
00-0033090,Hunter Henry,TE,TE,2026,1,REG,2026_01_NE_SEA,NE,SEA,0,0,0,0,0,0,0,0,,,0,0,0,0,,3,3,26,0,12,14,1,0.0977376837981865,0.0967741935483871,0.0542986425339367,0.183170340096336,,2.16666666666667
00-0033106,Jared Goff,QB,QB,2026,1,REG,2026_01_NO_DET,DET,NO,26,39,206,2,0,207,97,10,5.85451096913376,-2.90968670294835,2,2,0,0,-1.50222795829177,0,0,0,0,0,0,0,,0,0,0,0.995169082125604,
00-0033110,Tyler Higbee,TE,TE,2026,1,REG,2026_01_SF_LA,LA,SF,0,0,0,0,0,0,0,0,,,0,0,0,0,,2,2,12,0,9,3,0,-4.7324243192561,0.0740740740740741,0.0352941176470588,0.135816993464052,,1.33333333333333
00-0033119,Jacoby Brissett,QB,QB,2026,1,REG,2026_01_ARI_LAC,ARI,LAC,27,37,277,1,0,283,98,15,9.01286468515324,4.60590309387929,6,14,0,3,2.06466043723049,0,0,0,0,0,0,0,,0,0,0,0.978798586572438,
00-0033280,Christian McCaffrey,RB,RB,2026,1,REG,2026_01_SF_LA,SF,LA,0,0,0,0,0,0,0,0,,,10,68,0,2,2.7396103811916,5,8,20,0,-3,30,0,-4.91340415015036,0.235294117647059,-0.0201342281879195,0.338847216739045,,-6.66666666666667
00-0033288,George Kittle,TE,TE,2026,1,REG,2026_01_SF_LA,SF,LA,0,0,0,0,0,0,0,0,,,0,0,0,0,,2,5,12,0,38,17,0,-5.58083584159613,0.147058823529412,0.25503355704698,0.399111725227004,,0.315789473684211
00-0033293,Aaron Jones,RB,RB,2026,1,REG,2026_01_GB_MIN,MIN,GB,0,0,0,0,0,0,0,0,,,12,40,1,3,-1.04638333478943,0,1,0,0,4,0,0,-0.883685847977176,0.0434782608695652,0.0227272727272727,0.0811264822134387,,0
00-0033307,Kendrick Bourne,WR,WR,2026,1,REG,2026_01_ARI_LAC,ARI,LAC,0,0,0,0,0,0,0,0,,,0,0,0,0,,8,8,75,0,40,35,5,5.81814638472861,0.216216216216216,0.141342756183746,0.423264253652946,,1.875
00-0033319,Nick Mullens,QB,QB,2026,1,REG,2026_01_CLE_JAX,JAX,CLE,0,0,0,0,0,0,0,0,,,3,-3,0,0,0,0,0,0,0,0,0,0,,0,0,0,,
00-0033376,Patrick Ricard,RB,RB,2026,1,REG,2026_01_DAL_NYG,NYG,DAL,0,0,0,0,0,0,0,0,,,0,0,0,0,,0,1,0,0,-4,0,0,-0.495520856464282,0.0344827586206897,-0.0163265306122449,0.0402955665024631,,0
00-0033526,Samaje Perine,RB,RB,2026,1,REG,2026_01_TB_CIN,CIN,TB,0,0,0,0,0,0,0,0,,,5,20,0,1,-0.560715940431692,3,3,30,0,3,27,2,3.11588981241221,0.0882352941176471,0.0132743362831858,0.141644976574701,,10
00-0033537,Deshaun Watson,QB,QB,2026,1,REG,2026_01_CLE_JAX,CLE,JAX,16,22,205,1,1,228,95,9,-5.56012219451874,10.3209957480431,6,38,0,3,4.20838451880263,0,0,0,0,0,0,0,,0,0,0,0.899122807017544,
00-0033555,Mack Hollins,WR,WR,2026,1,REG,2026_01_NE_SEA,NE,SEA,0,0,0,0,0,0,0,0,,,0,0,0,0,,4,5,51,0,62,5,1,2.78798099863343,0.161290322580645,0.280542986425339,0.438315574368705,,0.82258064516129
00-0033576,Eric Saubert,TE,TE,2026,1,REG,2026_01_NE_SEA,SEA,NE,0,0,0,0,0,0,0,0,,,0,0,0,0,,0,0,0,0,0,0,0,,0,0,0,,
00-0033662,Cooper Rush,QB,QB,2026,1,REG,2026_01_ATL_PIT,ATL,PIT,12,22,143,1,2,77,118,4,-15.7645474334581,-10.4180133656452,0,0,0,0,,0,0,0,0,0,0,0,,0,0,0,1.85714285714286,
00-0033858,Jonnu Smith,TE,TE,2026,1,REG,2026_01_GB_MIN,GB,MIN,0,0,0,0,0,0,0,0,,,0,0,0,0,,2,3,50,0,24,30,2,3.96298011025647,0.075,0.0511727078891258,0.148320895522388,,2.08333333333333
00-0033873,Patrick Mahomes,QB,QB,2026,1,REG,2026_01_DEN_KC,KC,DEN,15,27,184,2,1,133,166,7,-2.30183139477449,-11.91810131073,7,23,1,2,-1.1145332257729,0,0,0,0,0,0,0,,0,0,0,1.38345864661654,
00-0033881,Evan Engram,TE,TE,2026,1,REG,2026_01_DEN_KC,DEN,KC,0,0,0,0,0,0,0,0,,,0,0,0,0,,4,5,43,1,18,15,3,4.05413447407773,0.185185185185185,0.195652173913043,0.414734299516908,,2.38888888888889
00-0033885,David Njoku,TE,TE,2026,1,REG,2026_01_ARI_LAC,LAC,ARI,0,0,0,0,0,0,0,0,,,0,0,0,0,,5,5,58,0,28,30,3,-0.324215846543666,0.185185185185185,0.102564102564103,0.34957264957265,,2.07142857142857
00-0033908,Cooper Kupp,WR,WR,2026,1,REG,2026_01_NE_SEA,SEA,NE,0,0,0,0,0,0,0,0,,,0,0,0,0,,2,3,35,0,49,5,2,1.72321773739532,0.125,0.318181818181818,0.410227272727273,,0.714285714285714
00-0033921,Chris Godwin Jr.,WR,WR,2026,1,REG,2026_01_TB_CIN,TB,CIN,0,0,0,0,0,0,0,0,,,1,3,0,0,-0.131124019389972,4,4,40,0,3,37,2,2.8691691273707,0.148148148148148,0.020979020979021,0.236907536907537,,13.3333333333333
00-0034348,Courtland Sutton,WR,WR,2026,1,REG,2026_01_DEN_KC,DEN,KC,0,0,0,0,0,0,0,0,,,0,0,0,0,,2,5,11,0,40,4,0,-4.80634321924299,0.185185185185185,0.434782608695652,0.582125603864734,,0.275
00-0034351,Dallas Goedert,TE,TE,2026,1,REG,2026_01_WAS_PHI,PHI,WAS,0,0,0,0,0,0,0,0,,,0,0,0,0,,4,5,77,2,52,32,3,8.29784154849754,0.227272727272727,0.231111111111111,0.502686868686869,,1.48076923076923
00-0034383,Dalton Schultz,TE,TE,2026,1,REG,2026_01_BUF_HOU,HOU,BUF,0,0,0,0,0,0,0,0,,,0,0,0,0,,4,8,35,0,26,27,1,-2.52330097794766,0.216216216216216,0.0807453416149068,0.380846063454759,,1.34615384615385
00-0034419,Braxton Berrios,WR,WR,2026,1,REG,2026_01_DAL_NYG,NYG,DAL,0,0,0,0,0,0,0,0,,,0,0,0,0,,0,0,0,0,0,0,0,,0,0,0,,
00-0034613,Tanner Hudson,TE,TE,2026,1,REG,2026_01_TB_CIN,CIN,TB,0,0,0,0,0,0,0,0,,,0,0,0,0,,1,1,4,0,4,0,0,-0.059483043034561,0.0294117647058824,0.0176991150442478,0.056507027589797,,1
00-0034753,Mark Andrews,TE,TE,2026,1,REG,2026_01_BAL_IND,BAL,IND,0,0,0,0,0,0,0,0,,,0,0,0,0,,4,6,49,0,44,12,2,2.08282694523223,0.25,0.163568773234201,0.489498141263941,,1.11363636363636
00-0034796,Lamar Jackson,QB,QB,2026,1,REG,2026_01_BAL_IND,BAL,IND,17,25,324,1,0,269,169,11,10.3436732474516,4.80174024899801,7,40,1,3,2.25430682068691,0,0,0,0,0,0,0,,0,0,0,1.20446096654275,
00-0034798,Durham Smythe,TE,TE,2026,1,REG,2026_01_BAL_IND,BAL,IND,0,0,0,0,0,0,0,0,,,0,0,0,0,,1,1,4,0,4,0,0,0.0780366834951565,0.0416666666666667,0.0148698884758364,0.0729089219330855,,1
00-0034827,DJ Moore,WR,WR,2026,1,REG,2026_01_BUF_HOU,BUF,HOU,0,0,0,0,0,0,0,0,,,0,0,0,0,,5,8,100,1,158,24,4,6.37665451987414,0.285714285714286,0.412532637075718,0.717344274524431,,0.632911392405063
00-0034829,Mike Gesicki,TE,TE,2026,1,REG,2026_01_TB_CIN,CIN,TB,0,0,0,0,0,0,0,0,,,0,0,0,0,,5,7,78,1,63,21,5,6.85891047911719,0.205882352941176,0.278761061946903,0.503956272774597,,1.23809523809524
00-0034844,Saquon Barkley,RB,RB,2026,1,REG,2026_01_WAS_PHI,PHI,WAS,0,0,0,0,0,0,0,0,,,15,83,0,2,-0.664371837454382,1,2,-3,0,-1,2,0,-1.35727704223245,0.0909090909090909,-0.00444444444444444,0.133252525252525,,3
00-0034854,KhaDarel Hodge,WR,WR,2026,1,REG,2026_01_SF_LA,SF,LA,0,0,0,0,0,0,0,0,,,0,0,0,0,,0,0,0,0,0,0,0,,0,0,0,,
00-0034855,Baker Mayfield,QB,QB,2026,1,REG,2026_01_TB_CIN,TB,CIN,23,28,216,0,0,143,167,12,-5.41051944553709,14.0204619478296,5,30,1,1,-2.61708559188992,0,0,0,0,0,0,0,,0,0,0,1.51048951048951,
00-0034857,Josh Allen,QB,QB,2026,1,REG,2026_01_BUF_HOU,BUF,HOU,20,29,334,2,0,383,109,13,14.5350239260416,8.14148528235299,6,23,2,2,-2.31320906124893,0,0,0,0,0,0,0,,0,0,0,0.872062663185379,
00-0034869,Sam Darnold,QB,QB,2026,1,REG,2026_01_NE_SEA,SEA,NE,1,2,13,0,0,15,2,1,-2.0761460470967,-24.2113411426544,0,0,0,0,,0,0,0,0,0,0,0,,0,0,0,0.866666666666667,
00-0034960,Jakobi Meyers,WR,WR,2026,1,REG,2026_01_CLE_JAX,JAX,CLE,0,0,0,0,0,0,0,0,,,1,2,0,1,0.404034327017143,2,2,40,1,29,11,2,4.74274538678583,0.0952380952380952,0.119834710743802,0.226741440377804,,1.37931034482759
00-0034975,Justice Hill,RB,RB,2026,1,REG,2026_01_BAL_IND,BAL,IND,0,0,0,0,0,0,0,0,,,6,18,0,2,-2.35316453221633,1,1,10,0,-1,11,1,1.13617216539569,0.0416666666666667,-0.00371747211895911,0.0598977695167286,,-10
00-0034981,Foster Moreau,TE,TE,2026,1,REG,2026_01_BUF_HOU,HOU,BUF,0,0,0,0,0,0,0,0,,,0,0,0,0,,2,2,15,0,7,8,0,0.931147911353037,0.0540540540540541,0.0217391304347826,0.0962984723854289,,2.14285714285714
00-0035021,Ashton Dulin,WR,WR,2026,1,REG,2026_01_BAL_IND,IND,BAL,0,0,0,0,0,0,0,0,,,0,0,0,0,,0,1,0,0,0,0,0,-0.61307160416618,0.0344827586206897,0,0.0517241379310345,,
00-0035125,Alec Ingold,FB,RB,2026,1,REG,2026_01_ARI_LAC,LAC,ARI,0,0,0,0,0,0,0,0,,,0,0,0,0,,0,0,0,0,0,0,0,,0,0,0,,
00-0035208,Olamide Zaccheaus,WR,WR,2026,1,REG,2026_01_ATL_PIT,ATL,PIT,0,0,0,0,0,0,0,0,,,0,0,0,0,,1,1,5,0,5,0,0,-0.108711670909543,0.0526315789473684,0.0649350649350649,0.124401913875598,,1
00-0035228,Kyler Murray,QB,QB,2026,1,REG,2026_01_GB_MIN,MIN,GB,3,5,18,0,1,35,17,1,-4.46829484705813,6.35889917612076,2,9,0,0,2.29099782393314,0,0,0,0,0,0,0,,0,0,0,0.514285714285714,
00-0035229,T.J. Hockenson,TE,TE,2026,1,REG,2026_01_GB_MIN,MIN,GB,0,0,0,0,0,0,0,0,,,0,0,0,0,,4,5,36,1,17,13,2,3.17175681563094,0.217391304347826,0.0965909090909091,0.393700592885376,,2.11764705882353
00-0035249,Josh Oliver,TE,TE,2026,1,REG,2026_01_GB_MIN,MIN,GB,0,0,0,0,0,0,0,0,,,0,0,0,0,,2,4,22,0,13,5,1,-0.0295819991151802,0.173913043478261,0.0738636363636364,0.312574110671937,,1.69230769230769
00-0035250,Devin Singletary,RB,RB,2026,1,REG,2026_01_DAL_NYG,NYG,DAL,0,0,0,0,0,0,0,0,,,6,16,0,0,-1.03492048056796,4,4,22,1,-16,38,2,3.46941840823274,0.137931034482759,-0.0653061224489796,0.161182266009852,,-1.375
00-0035261,Tony Pollard,RB,RB,2026,1,REG,2026_01_NYJ_TEN,TEN,NYJ,0,0,0,0,0,0,0,0,,,7,35,0,1,-0.487543386640027,1,2,-1,0,24,1,0,-1.57559819926973,0.0714285714285714,0.126315789473684,0.195563909774436,,-0.0416666666666667
00-0035500,Greg Dortch,WR,WR,2026,1,REG,2026_01_BUF_HOU,BUF,HOU,0,0,0,0,0,0,0,0,,,0,0,0,0,,0,0,0,0,0,0,0,,0,0,0,,
00-0035544,Tom Kennedy,WR,WR,2026,1,REG,2026_01_NO_DET,DET,NO,0,0,0,0,0,0,0,0,,,0,0,0,0,,0,0,0,0,0,0,0,,0,0,0,,
00-0035631,Drew Sample,TE,TE,2026,1,REG,2026_01_TB_CIN,CIN,TB,0,0,0,0,0,0,0,0,,,0,0,0,0,,3,3,19,0,0,19,1,0.881284959963523,0.0882352941176471,0,0.132352941176471,,0
00-0035640,DK Metcalf,WR,WR,2026,1,REG,2026_01_ATL_PIT,PIT,ATL,0,0,0,0,0,0,0,0,,,0,0,0,0,,4,10,40,0,204,5,2,-5.44210947206011,0.27027027027027,0.501228501228501,0.756265356265356,,0.196078431372549
00-0035644,Noah Fant,TE,TE,2026,1,REG,2026_01_NO_DET,NO,DET,0,0,0,0,0,0,0,0,,,0,0,0,0,,4,8,33,1,48,15,2,-8.52552928170189,0.153846153846154,0.0993788819875776,0.300334448160535,,0.6875
00-0035659,Terry McLaurin,WR,WR,2026,1,REG,2026_01_WAS_PHI,WAS,PHI,0,0,0,0,0,0,0,0,,,0,0,0,0,,2,4,14,0,22,15,1,1.97057261219015,0.137931034482759,0.0694006309148265,0.255476993364516,,0.636363636363636
00-0035676,A.J. Brown,WR,WR,2026,1,REG,2026_01_NE_SEA,NE,SEA,0,0,0,0,0,0,0,0,,,0,0,0,0,,3,4,26,0,19,14,2,1.25107853568625,0.129032258064516,0.085972850678733,0.253729382571887,,1.36842105263158
00-0035685,David Montgomery,RB,RB,2026,1,REG,2026_01_BUF_HOU,HOU,BUF,0,0,0,0,0,0,0,0,,,20,60,2,4,-0.305665276246145,3,3,19,1,5,14,1,2.63787156331819,0.0810810810810811,0.015527950310559,0.132491186839013,,3.8
00-0035689,Dawson Knox,TE,TE,2026,1,REG,2026_01_BUF_HOU,BUF,HOU,0,0,0,0,0,0,0,0,,,0,0,0,0,,1,1,7,0,2,5,0,0.290546651929617,0.0357142857142857,0.00522193211488251,0.0572267810518463,,3.5
00-0035704,Drew Lock,QB,QB,2026,1,REG,2026_01_NE_SEA,SEA,NE,16,22,187,1,0,139,102,8,6.44459495016549,4.77941239422018,2,13,0,0,1.73395041114418,0,0,0,0,0,0,0,,0,0,0,1.34532374100719,
00-0035710,Daniel Jones,QB,QB,2026,1,REG,2026_01_BAL_IND,IND,BAL,19,31,166,1,1,201,76,8,-9.61222987736863,-5.06045787498869,1,4,0,1,0.244398751994595,0,0,0,0,0,0,0,,0,0,0,0.825870646766169,
00-0035719,Deebo Samuel Sr.,WR,WR,2026,1,REG,2026_01_SF_LA,SF,LA,0,0,0,0,0,0,0,0,,,1,12,0,1,0.380924516823143,6,7,48,1,17,28,3,2.92173303698655,0.205882352941176,0.114093959731544,0.388689301223845,,2.82352941176471
00-0035891,Cody White,WR,WR,2026,1,REG,2026_01_MIA_LV,LV,MIA,0,0,0,0,0,0,0,0,,,0,0,0,0,,0,1,0,0,3,0,0,-0.750253529055044,0.0344827586206897,0.0132743362831858,0.0610161733292646,,0
00-0036040,Juwan Johnson,TE,TE,2026,1,REG,2026_01_NO_DET,NO,DET,0,0,0,0,0,0,0,0,,,0,0,0,0,,3,7,54,1,77,4,3,0.980823072895873,0.134615384615385,0.159420289855072,0.313517279821628,,0.701298701298701
00-0036139,Rico Dowdle,RB,RB,2026,1,REG,2026_01_ATL_PIT,PIT,ATL,0,0,0,0,0,0,0,0,,,8,15,0,0,-3.29519674123731,2,5,6,0,4,12,0,-3.30180700980391,0.135135135135135,0.00982800982800983,0.20958230958231,,1.5
00-0036158,J.K. Dobbins,RB,RB,2026,1,REG,2026_01_DEN_KC,DEN,KC,0,0,0,0,0,0,0,0,,,8,36,0,1,-1.12913190689869,0,0,0,0,0,0,0,,0,0,0,,
00-0036223,Jonathan Taylor,RB,RB,2026,1,REG,2026_01_BAL_IND,IND,BAL,0,0,0,0,0,0,0,0,,,19,98,2,7,2.20308467058931,3,4,23,0,0,26,0,-4.98359160288237,0.137931034482759,0,0.206896551724138,,0
00-0036244,Colby Parkinson,TE,TE,2026,1,REG,2026_01_SF_LA,LA,SF,0,0,0,0,0,0,0,0,,,0,0,0,0,,1,2,6,0,9,4,0,-0.25877505610697,0.0740740740740741,0.0352941176470588,0.135816993464052,,0.666666666666667
00-0036252,Michael Pittman,WR,WR,2026,1,REG,2026_01_ATL_PIT,PIT,ATL,0,0,0,0,0,0,0,0,,,0,0,0,0,,3,3,58,0,33,25,2,3.44789096410386,0.0810810810810811,0.0810810810810811,0.178378378378378,,1.75757575757576
00-0036259,Jauan Jennings,WR,WR,2026,1,REG,2026_01_GB_MIN,MIN,GB,0,0,0,0,0,0,0,0,,,0,0,0,0,,0,1,0,0,30,0,0,-4.07392876828089,0.0434782608695652,0.170454545454545,0.18453557312253,,0
00-0036264,Jordan Love,QB,QB,2026,1,REG,2026_01_GB_MIN,GB,MIN,21,42,387,2,1,469,160,16,-2.70364609367362,-9.65405449271202,1,0,0,0,-4.35180443932768,0,0,0,0,0,0,0,,0,0,0,0.825159914712154,
00-0036265,AJ Dillon,RB,RB,2026,1,REG,2026_01_CHI_CAR,CAR,CHI,0,0,0,0,0,0,0,0,,,5,28,0,1,-1.98432166490238,0,0,0,0,0,0,0,,0,0,0,,
00-0036275,D'Andre Swift,RB,RB,2026,1,REG,2026_01_CHI_CAR,CHI,CAR,0,0,0,0,0,0,0,0,,,18,124,3,5,9.22019312880002,1,1,10,0,4,6,1,0.739021006971598,0.0384615384615385,0.0125391849529781,0.0664697371593923,,2.5
00-0036290,Cole Kmet,TE,TE,2026,1,REG,2026_01_CHI_CAR,CHI,CAR,0,0,0,0,0,0,0,0,,,0,0,0,0,,2,3,35,1,47,8,2,3.57649476337247,0.115384615384615,0.147335423197492,0.276211719315168,,0.74468085106383
00-0036309,Darnell Mooney,WR,WR,2026,1,REG,2026_01_DAL_NYG,NYG,DAL,0,0,0,0,0,0,0,0,,,0,0,0,0,,2,2,27,0,25,2,2,2.43315296579385,0.0689655172413793,0.102040816326531,0.17487684729064,,1.08
00-0036322,Justin Jefferson,WR,WR,2026,1,REG,2026_01_GB_MIN,MIN,GB,0,0,0,0,0,0,0,0,,,0,0,0,0,,8,9,92,2,80,28,5,12.5018565803622,0.391304347826087,0.454545454545455,0.905138339920949,,1.15
00-0036331,Devin Duvernay,WR,WR,2026,1,REG,2026_01_ARI_LAC,ARI,LAC,0,0,0,0,0,0,0,0,,,0,0,0,0,,0,0,0,0,0,0,0,,0,0,0,,
00-0036355,Justin Herbert,QB,QB,2026,1,REG,2026_01_ARI_LAC,LAC,ARI,17,27,209,1,1,273,78,9,-5.60766631702427,-6.20937612321642,5,29,0,1,-1.06714193610242,0,0,0,0,0,0,0,,0,0,0,0.765567765567766,
00-0036358,CeeDee Lamb,WR,WR,2026,1,REG,2026_01_DAL_NYG,DAL,NYG,0,0,0,0,0,0,0,0,,,1,0,0,0,-0.837553194956854,5,8,44,1,90,19,5,5.59327441145433,0.266666666666667,0.29126213592233,0.603883495145631,,0.488888888888889
00-0036389,Jalen Hurts,QB,QB,2026,1,REG,2026_01_WAS_PHI,PHI,WAS,14,25,203,3,0,225,65,6,1.27337632780823,0.867941298268058,7,46,0,2,4.19875540526118,0,0,0,0,0,0,0,,0,0,0,0.902222222222222,
00-0036407,Jerry Jeudy,WR,WR,2026,1,REG,2026_01_CLE_JAX,CLE,JAX,0,0,0,0,0,0,0,0,,,0,0,0,0,,2,4,26,0,40,9,1,-6.0874144253321,0.181818181818182,0.175438596491228,0.395534290271132,,0.65
00-0036410,Tee Higgins,WR,WR,2026,1,REG,2026_01_TB_CIN,CIN,TB,0,0,0,0,0,0,0,0,,,0,0,0,0,,3,6,59,0,117,26,3,2.33281312085455,0.176470588235294,0.517699115044248,0.627095262883915,,0.504273504273504
00-0036422,Adam Trautman,TE,TE,2026,1,REG,2026_01_DEN_KC,DEN,KC,0,0,0,0,0,0,0,0,,,0,0,0,0,,2,3,10,0,-1,8,0,-0.665217289701104,0.111111111111111,-0.0108695652173913,0.159057971014493,,0
00-0036425,DeeJay Dallas,RB,RB,2026,1,REG,2026_01_GB_MIN,MIN,GB,0,0,0,0,0,0,0,0,,,0,0,0,0,,1,1,1,0,1,0,0,-1.62547256168909,0.0434782608695652,0.00568181818181818,0.0691946640316206,,1
00-0036442,Joe Burrow,QB,QB,2026,1,REG,2026_01_TB_CIN,CIN,TB,25,35,254,1,1,226,144,14,-2.62695306242177,6.35173276943319,5,20,0,4,0.484639389935182,0,0,0,0,0,0,0,,0,0,0,1.12389380530973,
00-0036463,Chris Blair,WR,WR,2026,1,REG,2026_01_ATL_PIT,ATL,PIT,0,0,0,0,0,0,0,0,,,0,0,0,0,,0,0,0,0,0,0,0,,0,0,0,,
00-0036550,Rashod Bateman,WR,WR,2026,1,REG,2026_01_BAL_IND,BAL,IND,0,0,0,0,0,0,0,0,,,0,0,0,0,,0,1,0,0,23,0,0,-0.83109826920554,0.0416666666666667,0.0855018587360595,0.122351301115242,,0
00-0036554,Nico Collins,WR,WR,2026,1,REG,2026_01_BUF_HOU,HOU,BUF,0,0,0,0,0,0,0,0,,,1,7,0,1,0.906610255362466,7,10,75,1,120,8,3,4.90679983879016,0.27027027027027,0.372670807453416,0.666274970622797,,0.625
00-0036555,Chuba Hubbard,RB,RB,2026,1,REG,2026_01_CHI_CAR,CAR,CHI,0,0,0,0,0,0,0,0,,,10,49,1,2,1.46913529216545,3,3,38,1,0,38,2,4.32245056936517,0.0882352941176471,0,0.132352941176471,,0
00-0036590,Quintin Morris,TE,TE,2026,1,REG,2026_01_CLE_JAX,JAX,CLE,0,0,0,0,0,0,0,0,,,0,0,0,0,,0,1,0,0,2,0,0,-0.527358944877051,0.0476190476190476,0.00826446280991736,0.0772136953955136,,0
00-0036613,Jaylen Waddle,WR,WR,2026,1,REG,2026_01_DEN_KC,DEN,KC,0,0,0,0,0,0,0,0,,,0,0,0,0,,1,3,2,0,13,0,0,-4.27596350270323,0.111111111111111,0.141304347826087,0.265579710144928,,0.153846153846154
00-0036626,Dyami Brown,WR,WR,2026,1,REG,2026_01_WAS_PHI,WAS,PHI,0,0,0,0,0,0,0,0,,,0,0,0,0,,0,2,0,0,64,0,0,-2.04212499466093,0.0689655172413793,0.201892744479495,0.244773196997716,,0
00-0036628,John Bates,TE,TE,2026,1,REG,2026_01_WAS_PHI,WAS,PHI,0,0,0,0,0,0,0,0,,,0,0,0,0,,2,3,13,0,6,15,0,-1.63707323711412,0.103448275862069,0.0189274447949527,0.16842162514957,,2.16666666666667
00-0036637,Noah Gray,TE,TE,2026,1,REG,2026_01_DEN_KC,KC,DEN,0,0,0,0,0,0,0,0,,,0,0,0,0,,1,1,5,0,5,0,0,0.435155155893881,0.04,0.037593984962406,0.0863157894736842,,1
00-0036646,Simi Fehoko,WR,WR,2026,1,REG,2026_01_ARI_LAC,ARI,LAC,0,0,0,0,0,0,0,0,,,0,0,0,0,,0,0,0,0,0,0,0,,0,0,0,,
00-0036754,Brock Wright,TE,TE,2026,1,REG,2026_01_NO_DET,DET,NO,0,0,0,0,0,0,0,0,,,0,0,0,0,,1,1,5,0,2,3,0,-0.199289370793849,0.0256410256410256,0.00966183574879227,0.0452248234856931,,2.5
00-0036825,Feleipe Franks,TE,TE,2026,1,REG,2026_01_CHI_CAR,CAR,CHI,0,0,0,0,0,0,0,0,,,0,0,0,0,,0,0,0,0,0,0,0,,0,0,0,,
00-0036875,Rhamondre Stevenson,RB,RB,2026,1,REG,2026_01_NE_SEA,NE,SEA,0,0,0,0,0,0,0,0,,,18,51,0,2,-8.05034076428274,5,6,44,0,-6,45,1,-0.101129514170695,0.193548387096774,-0.0271493212669683,0.271318055758283,,-7.33333333333333
00-0036887,Luke Farrell,TE,TE,2026,1,REG,2026_01_SF_LA,SF,LA,0,0,0,0,0,0,0,0,,,0,0,0,0,,2,2,19,0,3,16,1,1.52484449348412,0.0588235294117647,0.0201342281879195,0.102329253849191,,6.33333333333333
00-0036894,Pat Freiermuth,TE,TE,2026,1,REG,2026_01_ATL_PIT,PIT,ATL,0,0,0,0,0,0,0,0,,,0,0,0,0,,5,5,46,1,21,25,3,3.73616116441553,0.135135135135135,0.0515970515970516,0.238820638820639,,2.19047619047619
00-0036900,Ja'Marr Chase,WR,WR,2026,1,REG,2026_01_TB_CIN,CIN,TB,0,0,0,0,0,0,0,0,,,0,0,0,0,,2,4,12,0,34,2,1,-2.53715490718605,0.117647058823529,0.150442477876106,0.281780322748568,,0.352941176470588
00-0036912,DeVonta Smith,WR,WR,2026,1,REG,2026_01_WAS_PHI,PHI,WAS,0,0,0,0,0,0,0,0,,,0,0,0,0,,3,6,53,0,79,5,1,0.817402785876766,0.272727272727273,0.351111111111111,0.654868686868687,,0.670886075949367
00-0036919,Kenny Gainwell,RB,RB,2026,1,REG,2026_01_TB_CIN,TB,CIN,0,0,0,0,0,0,0,0,,,5,15,0,1,-1.11748554528458,1,1,3,0,-5,8,0,-0.392871659016237,0.037037037037037,-0.034965034965035,0.0310800310800311,,-0.6
00-0036963,Amon-Ra St. Brown,WR,WR,2026,1,REG,2026_01_NO_DET,DET,NO,0,0,0,0,0,0,0,0,,,0,0,0,0,,10,14,67,2,70,27,4,0.810928608058666,0.358974358974359,0.338164251207729,0.775176514306949,,0.957142857142857
00-0036970,Kyle Pitts,TE,TE,2026,1,REG,2026_01_ATL_PIT,ATL,PIT,0,0,0,0,0,0,0,0,,,0,0,0,0,,0,1,0,0,26,0,0,-0.91247421503067,0.0526315789473684,0.337662337662338,0.315311004784689,,0
00-0036971,Trevor Lawrence,QB,QB,2026,1,REG,2026_01_CLE_JAX,JAX,CLE,18,23,245,4,0,242,61,13,19.021475746762,22.3253698576064,2,3,0,1,-0.399042708100751,0,0,0,0,0,0,0,,0,0,0,1.01239669421488,
00-0036973,Travis Etienne,RB,RB,2026,1,REG,2026_01_NO_DET,NO,DET,0,0,0,0,0,0,0,0,,,9,46,0,2,-1.83234053023625,7,9,32,0,-2,35,2,-0.994797872218927,0.173076923076923,-0.0041407867494824,0.256716833890747,,-16
00-0036988,Josh Palmer,WR,WR,2026,1,REG,2026_01_BUF_HOU,BUF,HOU,0,0,0,0,0,0,0,0,,,0,0,0,0,,1,2,34,1,62,6,1,4.11890889785718,0.0714285714285714,0.161879895561358,0.220458784035808,,0.548387096774194
00-0036997,Javonte Williams,RB,RB,2026,1,REG,2026_01_DAL_NYG,DAL,NYG,0,0,0,0,0,0,0,0,,,12,41,1,2,1.38681224867469,5,5,31,1,-11,42,2,1.63934679445811,0.166666666666667,-0.0355987055016181,0.225080906148867,,-2.81818181818182
00-0037004,Hunter Long,TE,TE,2026,1,REG,2026_01_ARI_LAC,ARI,LAC,0,0,0,0,0,0,0,0,,,0,0,0,0,,0,0,0,0,0,0,0,,0,0,0,,
00-0037005,Tommy Tremble,TE,TE,2026,1,REG,2026_01_CHI_CAR,CAR,CHI,0,0,0,0,0,0,0,0,,,0,0,0,0,,3,5,25,0,23,9,2,0.541267560445704,0.147058823529412,0.0628415300546448,0.264577306332369,,1.08695652173913
00-0037091,Bo Melton,WR,WR,2026,1,REG,2026_01_GB_MIN,GB,MIN,0,0,0,0,0,0,0,0,,,0,0,0,0,,1,1,10,0,10,0,1,0.996042763523292,0.025,0.0213219616204691,0.0524253731343284,,1
00-0037093,Dareke Young,WR,WR,2026,1,REG,2026_01_MIA_LV,LV,MIA,0,0,0,0,0,0,0,0,,,0,0,0,0,,0,0,0,0,0,0,0,,0,0,0,,
00-0037132,Britain Covey,WR,WR,2026,1,REG,2026_01_WAS_PHI,PHI,WAS,0,0,0,0,0,0,0,0,,,0,0,0,0,,0,0,0,0,0,0,0,,0,0,0,,
00-0037228,Jaylen Warren,RB,RB,2026,1,REG,2026_01_ATL_PIT,PIT,ATL,0,0,0,0,0,0,0,0,,,10,46,0,3,-1.24450429144781,5,6,27,0,-6,36,1,-4.96711773652351,0.162162162162162,-0.0147420147420147,0.232923832923833,,-4.5
00-0037238,Drake London,WR,WR,2026,1,REG,2026_01_ATL_PIT,ATL,PIT,0,0,0,0,0,0,0,0,,,1,6,0,0,0.585678446106613,2,4,29,0,22,7,1,0.719250586444868,0.210526315789474,0.285714285714286,0.51578947368421,,1.31818181818182
00-0037239,Chris Olave,WR,WR,2026,1,REG,2026_01_NO_DET,NO,DET,0,0,0,0,0,0,0,0,,,0,0,0,0,,10,13,182,0,234,33,7,13.709707931499,0.25,0.484472049689441,0.714130434782609,,0.777777777777778
00-0037240,Jameson Williams,WR,WR,2026,1,REG,2026_01_NO_DET,DET,NO,0,0,0,0,0,0,0,0,,,0,0,0,0,,4,9,45,0,127,2,2,0.444626706943382,0.230769230769231,0.613526570048309,0.775622445187663,,0.354330708661417
00-0037247,George Pickens,WR,WR,2026,1,REG,2026_01_DAL_NYG,DAL,NYG,0,0,0,0,0,0,0,0,,,0,0,0,0,,3,6,28,0,104,5,2,0.618737541371957,0.2,0.336569579288026,0.535598705501618,,0.269230769230769
00-0037248,James Cook,RB,RB,2026,1,REG,2026_01_BUF_HOU,BUF,HOU,0,0,0,0,0,0,0,0,,,13,57,0,3,-0.0903680950286798,3,4,12,0,-4,14,2,-0.378373864921741,0.142857142857143,-0.010443864229765,0.206975009324879,,-3
00-0037252,Greg Dulcich,TE,TE,2026,1,REG,2026_01_MIA_LV,MIA,LV,0,0,0,0,0,0,0,0,,,0,0,0,0,,2,2,18,0,1,17,1,1.6406516446732,0.0740740740740741,0.00323624595469256,0.113376483279396,,18
00-0037256,Rachaad White,RB,RB,2026,1,REG,2026_01_WAS_PHI,WAS,PHI,0,0,0,0,0,0,0,0,,,7,22,0,1,-2.76765998384035,2,2,5,0,-10,15,0,-1.67799055227079,0.0689655172413793,-0.0315457413249211,0.0813662569346242,,-0.5
00-0037261,Khalil Shakir,WR,WR,2026,1,REG,2026_01_BUF_HOU,BUF,HOU,0,0,0,0,0,0,0,0,,,0,0,0,0,,4,6,50,0,39,25,2,0.549217689313984,0.214285714285714,0.101827676240209,0.392707944796718,,1.28205128205128
00-0037263,Tyler Allgeier,RB,RB,2026,1,REG,2026_01_ARI_LAC,ARI,LAC,0,0,0,0,0,0,0,0,,,17,61,0,2,-2.96501528027531,2,2,9,0,-5,14,0,-0.168503512977622,0.0540540540540541,-0.0176678445229682,0.0687135899150033,,-1.8
00-0037291,Jalen Nailor,WR,WR,2026,1,REG,2026_01_MIA_LV,LV,MIA,0,0,0,0,0,0,0,0,,,0,0,0,0,,3,5,27,0,64,9,3,-1.64430593431462,0.172413793103448,0.283185840707965,0.456850778150748,,0.421875
00-0037292,Andrew Ogletree,TE,TE,2026,1,REG,2026_01_BAL_IND,IND,BAL,0,0,0,0,0,0,0,0,,,0,0,0,0,,0,1,0,0,3,0,0,-0.608843558933586,0.0344827586206897,0.0149253731343284,0.0621718991250643,,0
00-0037304,Connor Heyward,FB,RB,2026,1,REG,2026_01_MIA_LV,LV,MIA,0,0,0,0,0,0,0,0,,,1,1,0,1,1.84822383732535,0,0,0,0,0,0,0,,0,0,0,,
00-0037317,Nick Muse,TE,TE,2026,1,REG,2026_01_ATL_PIT,ATL,PIT,0,0,0,0,0,0,0,0,,,0,0,0,0,,0,0,0,0,0,0,0,,0,0,0,,
00-0037380,Kaden Davis,WR,WR,2026,1,REG,2026_01_CHI_CAR,CHI,CAR,0,0,0,0,0,0,0,0,,,0,0,0,0,,0,0,0,0,0,0,0,,0,0,0,,
00-0037524,Tay Martin,WR,WR,2026,1,REG,2026_01_NO_DET,DET,NO,0,0,0,0,0,0,0,0,,,0,0,0,0,,0,0,0,0,0,0,0,,0,0,0,,
00-0037525,Jordan Mason,RB,RB,2026,1,REG,2026_01_GB_MIN,MIN,GB,0,0,0,0,0,0,0,0,,,15,59,1,2,-2.96508915317827,0,0,0,0,0,0,0,,0,0,0,,
00-0037545,Rashid Shaheed,WR,WR,2026,1,REG,2026_01_NE_SEA,SEA,NE,0,0,0,0,0,0,0,0,,,0,0,0,0,,1,3,4,0,19,2,0,-2.89760249434039,0.125,0.123376623376623,0.273863636363636,,0.210526315789474
00-0037557,Ronnie Rivers,RB,RB,2026,1,REG,2026_01_SF_LA,LA,SF,0,0,0,0,0,0,0,0,,,5,19,0,1,-2.73792025452713,1,1,5,0,2,3,1,0.436692280520219,0.037037037037037,0.00784313725490196,0.0610457516339869,,2.5
00-0037664,Alec Pierce,WR,WR,2026,1,REG,2026_01_BAL_IND,IND,BAL,0,0,0,0,0,0,0,0,,,0,0,0,0,,4,6,61,0,103,9,4,1.89531610906124,0.206896551724138,0.512437810945274,0.669051295247899,,0.592233009708738
00-0037740,Garrett Wilson,WR,WR,2026,1,REG,2026_01_NYJ_TEN,NYJ,TEN,0,0,0,0,0,0,0,0,,,0,0,0,0,,6,7,79,0,77,18,3,5.48922100456324,0.304347826086957,0.458333333333333,0.777355072463768,,1.02597402597403
00-0037741,Jahan Dotson,WR,WR,2026,1,REG,2026_01_ATL_PIT,ATL,PIT,0,0,0,0,0,0,0,0,,,0,0,0,0,,1,3,19,0,52,1,1,-4.57413271139376,0.157894736842105,0.675324675324675,0.709569377990431,,0.365384615384615
00-0037744,Trey McBride,TE,TE,2026,1,REG,2026_01_ARI_LAC,ARI,LAC,0,0,0,0,0,0,0,0,,,0,0,0,0,,9,13,95,1,89,36,6,3.75088593887328,0.351351351351351,0.314487632508834,0.747168369783211,,1.06741573033708
00-0037746,Brian Robinson,RB,RB,2026,1,REG,2026_01_ATL_PIT,ATL,PIT,0,0,0,0,0,0,0,0,,,9,31,0,2,-1.05737868789583,0,0,0,0,0,0,0,,0,0,0,,
00-0037801,KaVontae Turpin,WR,WR,2026,1,REG,2026_01_DAL_NYG,DAL,NYG,0,0,0,0,0,0,0,0,,,0,0,0,0,,1,1,8,0,1,7,1,0.933485899469815,0.0333333333333333,0.00323624595469256,0.0522653721682848,,8
00-0037805,Jeremy Ruckert,TE,TE,2026,1,REG,2026_01_NYJ_TEN,NYJ,TEN,0,0,0,0,0,0,0,0,,,0,0,0,0,,1,1,4,0,1,3,0,-0.26420405972749,0.0434782608695652,0.00595238095238095,0.0693840579710145,,4
00-0037809,Chig Okonkwo,TE,TE,2026,1,REG,2026_01_WAS_PHI,WAS,PHI,0,0,0,0,0,0,0,0,,,0,0,0,0,,2,3,16,0,39,2,1,0.928091929177754,0.103448275862069,0.123028391167192,0.241292287610138,,0.41025641025641
00-0037816,Romeo Doubs,WR,WR,2026,1,REG,2026_01_NE_SEA,NE,SEA,0,0,0,0,0,0,0,0,,,0,0,0,0,,0,3,0,0,75,0,0,-5.96985967375804,0.0967741935483871,0.339366515837104,0.382717851408553,,0
00-0037834,Brock Purdy,QB,QB,2026,1,REG,2026_01_SF_LA,SF,LA,25,34,205,3,1,149,117,12,4.82562753588093,0.771556181066177,5,29,0,4,3.22245055087842,0,0,0,0,0,0,0,,0,0,0,1.3758389261745,
00-0037838,Isaiah Likely,TE,TE,2026,1,REG,2026_01_DAL_NYG,NYG,DAL,0,0,0,0,0,0,0,0,,,0,0,0,0,,8,8,78,2,64,14,6,11.0291232934978,0.275862068965517,0.261224489795918,0.596650246305419,,1.21875
00-0037840,Kyren Williams,RB,RB,2026,1,REG,2026_01_SF_LA,LA,SF,0,0,0,0,0,0,0,0,,,11,41,1,3,1.14232724759495,3,3,24,0,7,17,1,0.414404189679772,0.111111111111111,0.0274509803921569,0.185882352941176,,3.42857142857143
00-0038041,Jake Ferguson,TE,TE,2026,1,REG,2026_01_DAL_NYG,DAL,NYG,0,0,0,0,0,0,0,0,,,0,0,0,0,,2,2,6,0,6,0,0,-0.210477623593761,0.0666666666666667,0.0194174757281553,0.113592233009709,,1
00-0038046,Charlie Kolar,TE,TE,2026,1,REG,2026_01_ARI_LAC,LAC,ARI,0,0,0,0,0,0,0,0,,,0,0,0,0,,0,0,0,0,0,0,0,,0,0,0,,
00-0038090,Skyy Moore,WR,WR,2026,1,REG,2026_01_GB_MIN,GB,MIN,0,0,0,0,0,0,0,0,,,0,0,0,0,,0,1,0,0,12,0,0,-3.66071927163284,0.025,0.0255863539445629,0.055410447761194,,0
00-0038102,Kenny Pickett,QB,QB,2026,1,REG,2026_01_CHI_CAR,CAR,CHI,0,1,0,0,0,3,0,0,-0.381134943338111,-77.1572053432465,1,24,0,1,1.67775175964925,0,0,0,0,0,0,0,,0,0,0,0,
00-0038104,Tyquan Thornton,WR,WR,2026,1,REG,2026_01_DEN_KC,KC,DEN,0,0,0,0,0,0,0,0,,,0,0,0,0,,0,1,0,0,36,0,0,-0.561907757772133,0.04,0.270676691729323,0.249473684210526,,0
00-0038115,Daniel Bellinger,TE,TE,2026,1,REG,2026_01_NYJ_TEN,TEN,NYJ,0,0,0,0,0,0,0,0,,,0,0,0,0,,1,1,7,0,1,6,0,-0.36864963174626,0.0357142857142857,0.00526315789473684,0.0572556390977444,,7
00-0038117,Wan'Dale Robinson,WR,WR,2026,1,REG,2026_01_NYJ_TEN,TEN,NYJ,0,0,0,0,0,0,0,0,,,0,0,0,0,,5,6,38,0,23,13,3,2.96551320876461,0.214285714285714,0.121052631578947,0.406165413533835,,1.65217391304348
00-0038120,Breece Hall,RB,RB,2026,1,REG,2026_01_NYJ_TEN,NYJ,TEN,0,0,0,0,0,0,0,0,,,22,102,1,7,2.34956525173038,2,2,16,0,3,13,0,1.24271293135826,0.0869565217391304,0.0178571428571429,0.142934782608696,,5.33333333333333
00-0038124,Christian Watson,WR,WR,2026,1,REG,2026_01_GB_MIN,GB,MIN,0,0,0,0,0,0,0,0,,,0,0,0,0,,6,8,147,2,127,72,5,6.88224781749887,0.2,0.270788912579957,0.48955223880597,,1.15748031496063
00-0038128,Malik Willis,QB,QB,2026,1,REG,2026_01_MIA_LV,MIA,LV,15,27,220,0,1,309,96,7,-5.48974969708947,-8.85024655748297,6,39,1,2,1.04589421552373,0,0,0,0,0,0,0,,0,0,0,0.711974110032362,
00-0038129,Cade Otton,TE,TE,2026,1,REG,2026_01_TB_CIN,TB,CIN,0,0,0,0,0,0,0,0,,,0,0,0,0,,3,5,26,0,32,27,3,-0.089039068960119,0.185185185185185,0.223776223776224,0.434421134421134,,0.8125
00-0038134,Kenneth Walker III,RB,RB,2026,1,REG,2026_01_DEN_KC,KC,DEN,0,0,0,0,0,0,0,0,,,23,173,1,8,10.1025641742744,3,6,18,1,-2,18,2,0.642277418170124,0.24,-0.0150375939849624,0.349473684210526,,-9
00-0038359,Xavier Smith,WR,WR,2026,1,REG,2026_01_SF_LA,LA,SF,0,0,0,0,0,0,0,0,,,0,0,0,0,,0,0,0,0,0,0,0,,0,0,0,,
00-0038393,Dontayvion Wicks,WR,WR,2026,1,REG,2026_01_WAS_PHI,PHI,WAS,0,0,0,0,0,0,0,0,,,0,0,0,0,,2,4,73,1,79,21,2,3.75947187870042,0.181818181818182,0.351111111111111,0.518505050505051,,0.924050632911392
00-0038454,Keaton Mitchell,RB,RB,2026,1,REG,2026_01_ARI_LAC,LAC,ARI,0,0,0,0,0,0,0,0,,,4,9,0,0,-1.147076887195,0,0,0,0,0,0,0,,0,0,0,,
00-0038488,Brady Russell,RB,RB,2026,1,REG,2026_01_NE_SEA,SEA,NE,0,0,0,0,0,0,0,0,,,0,0,0,0,,2,2,20,0,6,14,1,1.07975835981779,0.0833333333333333,0.038961038961039,0.152272727272727,,3.33333333333333
00-0038489,Ben VanSumeren,RB,RB,2026,1,REG,2026_01_DEN_KC,KC,DEN,0,0,0,0,0,0,0,0,,,0,0,0,0,,0,0,0,0,0,0,0,,0,0,0,,
00-0038519,Nikko Remigio,WR,WR,2026,1,REG,2026_01_DEN_KC,KC,DEN,0,0,0,0,0,0,0,0,,,0,0,0,0,,0,0,0,0,0,0,0,,0,0,0,,
00-0038542,Bijan Robinson,RB,RB,2026,1,REG,2026_01_ATL_PIT,ATL,PIT,0,0,0,0,0,0,0,0,,,21,83,0,7,-2.06107826887382,8,10,90,1,-30,110,2,-2.13789269155889,0.526315789473684,-0.38961038961039,0.516746411483254,,-3
00-0038543,Jaxon Smith-Njigba,WR,WR,2026,1,REG,2026_01_NE_SEA,SEA,NE,0,0,0,0,0,0,0,0,,,0,0,0,0,,8,11,122,1,76,62,5,7.67704542934139,0.458333333333333,0.493506493506494,1.03295454545455,,1.60526315789474
00-0038544,Quentin Johnston,WR,WR,2026,1,REG,2026_01_ARI_LAC,LAC,ARI,0,0,0,0,0,0,0,0,,,0,0,0,0,,2,6,17,0,39,5,0,-1.09559556399472,0.222222222222222,0.142857142857143,0.433333333333333,,0.435897435897436
00-0038547,Luke Schoonmaker,TE,TE,2026,1,REG,2026_01_DAL_NYG,DAL,NYG,0,0,0,0,0,0,0,0,,,0,0,0,0,,1,1,12,0,12,0,0,0.869711147621274,0.0333333333333333,0.0388349514563107,0.0771844660194175,,1
00-0038551,Kendre Miller,RB,RB,2026,1,REG,2026_01_NO_DET,NO,DET,0,0,0,0,0,0,0,0,,,9,30,1,2,0.716897957259789,0,0,0,0,0,0,0,,0,0,0,,
00-0038555,Tank Bigsby,RB,RB,2026,1,REG,2026_01_WAS_PHI,PHI,WAS,0,0,0,0,0,0,0,0,,,1,3,0,0,-0.317280971154105,0,0,0,0,0,0,0,,0,0,0,,
00-0038558,Darnell Washington,TE,TE,2026,1,REG,2026_01_ATL_PIT,PIT,ATL,0,0,0,0,0,0,0,0,,,0,0,0,0,,2,2,18,0,6,12,1,0.635578643181361,0.0540540540540541,0.0147420147420147,0.0914004914004914,,3
00-0038559,Michael Wilson,WR,WR,2026,1,REG,2026_01_ARI_LAC,ARI,LAC,0,0,0,0,0,0,0,0,,,0,0,0,0,,5,7,56,0,83,3,3,1.92698321241642,0.189189189189189,0.293286219081272,0.489084137140674,,0.674698795180723
00-0038563,Tre Tucker,WR,WR,2026,1,REG,2026_01_MIA_LV,LV,MIA,0,0,0,0,0,0,0,0,,,0,0,0,0,,2,4,27,0,50,1,1,3.7979774218984,0.137931034482759,0.221238938053097,0.361763808361306,,0.54
00-0038573,Derius Davis,WR,WR,2026,1,REG,2026_01_ARI_LAC,LAC,ARI,0,0,0,0,0,0,0,0,,,0,0,0,0,,0,1,0,0,55,0,0,-2.34865460090805,0.037037037037037,0.201465201465201,0.196581196581197,,0
00-0038597,Chase Brown,RB,RB,2026,1,REG,2026_01_TB_CIN,CIN,TB,0,0,0,0,0,0,0,0,,,16,56,1,4,-1.0608258471475,5,6,22,0,-12,32,0,-1.13899782887893,0.176470588235294,-0.0530973451327434,0.227537740760021,,-1.83333333333333
00-0038606,Parker Washington,WR,WR,2026,1,REG,2026_01_CLE_JAX,JAX,CLE,0,0,0,0,0,0,0,0,,,0,0,0,0,,5,6,83,1,102,4,4,8.76231167913647,0.285714285714286,0.421487603305785,0.723612750885478,,0.813725490196078
00-0038608,Kayshon Boutte,WR,WR,2026,1,REG,2026_01_BUF_HOU,HOU,BUF,0,0,0,0,0,0,0,0,,,0,0,0,0,,1,2,21,0,32,7,1,0.423681794316508,0.0540540540540541,0.0993788819875776,0.150646298472385,,0.65625
00-0038611,Chris Rodriguez Jr.,RB,RB,2026,1,REG,2026_01_CLE_JAX,JAX,CLE,0,0,0,0,0,0,0,0,,,6,23,0,1,-0.764428105069338,0,0,0,0,0,0,0,,0,0,0,,
00-0038618,Xavier Hutchinson,WR,WR,2026,1,REG,2026_01_BUF_HOU,HOU,BUF,0,0,0,0,0,0,0,0,,,0,0,0,0,,3,6,32,0,57,21,1,0.908643428585492,0.162162162162162,0.177018633540373,0.367156286721504,,0.56140350877193
00-0038619,Andrei Iosivas,WR,WR,2026,1,REG,2026_01_TB_CIN,CIN,TB,0,0,0,0,0,0,0,0,,,0,0,0,0,,2,3,12,0,15,1,1,-8.35895217907387,0.0882352941176471,0.0663716814159292,0.178813118167621,,0.8
00-0038621,DeMario Douglas,WR,WR,2026,1,REG,2026_01_NE_SEA,NE,SEA,0,0,0,0,0,0,0,0,,,0,0,0,0,,5,7,20,0,44,21,2,0.511228462681174,0.225806451612903,0.199095022624434,0.478076193256459,,0.454545454545455
00-0038685,Chris Brooks,RB,RB,2026,1,REG,2026_01_GB_MIN,GB,MIN,0,0,0,0,0,0,0,0,,,7,29,0,1,-0.816976866364712,0,1,0,0,-6,0,0,-0.90747296763584,0.025,-0.0127931769722814,0.028544776119403,,0
00-0038705,Emari Demercado,RB,RB,2026,1,REG,2026_01_DAL_NYG,DAL,NYG,0,0,0,0,0,0,0,0,,,2,7,0,0,-0.320344359904993,0,0,0,0,0,0,0,,0,0,0,,
00-0038710,Blake Whiteheart,TE,TE,2026,1,REG,2026_01_CLE_JAX,CLE,JAX,0,0,0,0,0,0,0,0,,,0,0,0,0,,1,1,14,0,6,8,1,1.04551065270789,0.0454545454545455,0.0263157894736842,0.0866028708133971,,2.33333333333333
00-0038728,Jared Wayne,WR,WR,2026,1,REG,2026_01_BUF_HOU,HOU,BUF,0,0,0,0,0,0,0,0,,,0,0,0,0,,1,1,12,0,12,0,1,0.734404760762118,0.027027027027027,0.0372670807453416,0.0666274970622797,,1
00-0038738,Hunter Luepke,RB,RB,2026,1,REG,2026_01_DAL_NYG,DAL,NYG,0,0,0,0,0,0,0,0,,,1,7,0,1,-0.0715115060447715,0,0,0,0,0,0,0,,0,0,0,,
00-0038783,Nate Adkins,TE,TE,2026,1,REG,2026_01_DEN_KC,DEN,KC,0,0,0,0,0,0,0,0,,,0,0,0,0,,0,0,0,0,0,0,0,,0,0,0,,
00-0038797,Emanuel Wilson,RB,RB,2026,1,REG,2026_01_NE_SEA,SEA,NE,0,0,0,0,0,0,0,0,,,2,3,0,0,-1.8990639874246,0,0,0,0,0,0,0,,0,0,0,,
00-0038840,Brycen Tremayne,WR,WR,2026,1,REG,2026_01_CHI_CAR,CAR,CHI,0,0,0,0,0,0,0,0,,,0,0,0,0,,0,0,0,0,0,0,0,,0,0,0,,
00-0038896,Jacob Saylors,RB,RB,2026,1,REG,2026_01_NO_DET,DET,NO,0,0,0,0,0,0,0,0,,,0,0,0,0,,0,0,0,0,0,0,0,,0,0,0,,
00-0038933,Dalton Kincaid,TE,TE,2026,1,REG,2026_01_BUF_HOU,BUF,HOU,0,0,0,0,0,0,0,0,,,0,0,0,0,,5,6,130,0,98,38,4,7.6367580369697,0.214285714285714,0.255874673629243,0.500540842969041,,1.3265306122449
00-0038935,Brenton Strange,TE,TE,2026,1,REG,2026_01_CLE_JAX,JAX,CLE,0,0,0,0,0,0,0,0,,,0,0,0,0,,2,3,23,1,34,0,1,2.38338339846814,0.142857142857143,0.140495867768595,0.312632821723731,,0.676470588235294
00-0038976,Marvin Mims Jr.,WR,WR,2026,1,REG,2026_01_DEN_KC,DEN,KC,0,0,0,0,0,0,0,0,,,0,0,0,0,,0,0,0,0,0,0,0,,0,0,0,,
00-0038994,Jordan Addison,WR,WR,2026,1,REG,2026_01_GB_MIN,MIN,GB,0,0,0,0,0,0,0,0,,,0,0,0,0,,0,2,0,0,27,0,0,-3.27721051180963,0.0869565217391304,0.153409090909091,0.237821146245059,,0
00-0038996,Tucker Kraft,TE,TE,2026,1,REG,2026_01_GB_MIN,GB,MIN,0,0,0,0,0,0,0,0,,,0,0,0,0,,3,6,65,0,82,20,3,1.79798609722639,0.15,0.174840085287846,0.347388059701493,,0.792682926829268
00-0038997,Josh Downs,WR,WR,2026,1,REG,2026_01_BAL_IND,IND,BAL,0,0,0,0,0,0,0,0,,,0,0,0,0,,2,4,37,0,36,22,2,3.38771640451159,0.137931034482759,0.17910447761194,0.332269686052496,,1.02777777777778
00-0039021,Roschon Johnson,RB,RB,2026,1,REG,2026_01_CHI_CAR,CHI,CAR,0,0,0,0,0,0,0,0,,,0,0,0,0,,0,0,0,0,0,0,0,,0,0,0,,
00-0039032,Tyjae Spears,RB,RB,2026,1,REG,2026_01_NYJ_TEN,TEN,NYJ,0,0,0,0,0,0,0,0,,,3,12,0,1,-0.472741314297309,2,4,12,0,-12,23,0,-1.95825190457981,0.142857142857143,-0.0631578947368421,0.170075187969925,,-1
00-0039040,De'Von Achane,RB,RB,2026,1,REG,2026_01_MIA_LV,MIA,LV,0,0,0,0,0,0,0,0,,,11,36,0,2,-2.70958791230946,4,5,30,0,4,19,1,1.42939852131531,0.185185185185185,0.0129449838187702,0.286839266450917,,7.5
00-0039062,Jonathan Mingo,WR,WR,2026,1,REG,2026_01_DAL_NYG,DAL,NYG,0,0,0,0,0,0,0,0,,,0,0,0,0,,1,1,10,0,11,-1,1,1.01892146444879,0.0333333333333333,0.0355987055016181,0.0749190938511327,,0.909090909090909
00-0039064,Zay Flowers,WR,WR,2026,1,REG,2026_01_BAL_IND,BAL,IND,0,0,0,0,0,0,0,0,,,0,0,0,0,,5,6,150,1,91,83,5,13.0523024662398,0.25,0.338289962825279,0.611802973977695,,1.64835164835165
00-0039065,Sam LaPorta,TE,TE,2026,1,REG,2026_01_NO_DET,DET,NO,0,0,0,0,0,0,0,0,,,0,0,0,0,,5,8,48,0,7,22,2,3.04263815836748,0.205128205128205,0.0338164251207729,0.331363805276849,,6.85714285714286
00-0039066,Michael Mayer,TE,TE,2026,1,REG,2026_01_MIA_LV,LV,MIA,0,0,0,0,0,0,0,0,,,0,0,0,0,,6,7,32,0,28,19,3,0.0876459498063051,0.241379310344828,0.123893805309735,0.448794629234056,,1.14285714285714
00-0039067,Rashee Rice,WR,WR,2026,1,REG,2026_01_DEN_KC,KC,DEN,0,0,0,0,0,0,0,0,,,0,0,0,0,,2,2,19,1,6,13,1,2.12581796926679,0.08,0.0451127819548872,0.151578947368421,,3.16666666666667
00-0039074,Davis Allen,TE,TE,2026,1,REG,2026_01_SF_LA,LA,SF,0,0,0,0,0,0,0,0,,,0,0,0,0,,1,1,13,0,-1,14,1,1.19796585571021,0.037037037037037,-0.00392156862745098,0.0528104575163399,,0
00-0039075,Puka Nacua,WR,WR,2026,1,REG,2026_01_SF_LA,LA,SF,0,0,0,0,0,0,0,0,,,0,0,0,0,,5,9,74,0,115,38,2,-2.60725357441697,0.333333333333333,0.450980392156863,0.815686274509804,,0.643478260869565
00-0039107,Stetson Bennett,QB,QB,2026,1,REG,2026_01_SF_LA,LA,SF,2,3,13,0,0,23,3,1,0.188870187092107,-5.17047643661499,1,9,0,1,0.831906788866036,0,0,0,0,0,0,0,,0,0,0,0.565217391304348,
00-0039139,Jahmyr Gibbs,RB,RB,2026,1,REG,2026_01_NO_DET,DET,NO,0,0,0,0,0,0,0,0,,,29,156,2,14,1.43851342325797,5,5,30,0,-4,34,1,-2.88541411259212,0.128205128205128,-0.0193236714975845,0.178781122259383,,-7.5
00-0039146,Jayden Reed,WR,WR,2026,1,REG,2026_01_GB_MIN,GB,MIN,0,0,0,0,0,0,0,0,,,0,0,0,0,,3,7,20,0,50,3,1,-1.20480715277231,0.175,0.106609808102345,0.337126865671642,,0.4
00-0039150,Bryce Young,QB,QB,2026,1,REG,2026_01_CHI_CAR,CAR,CHI,23,37,361,3,1,363,156,17,15.5197632978258,6.63458533359296,2,10,1,1,1.68832572567044,0,0,0,0,0,0,0,,0,0,0,0.994490358126722,
00-0039163,C.J. Stroud,QB,QB,2026,1,REG,2026_01_BUF_HOU,HOU,BUF,26,38,274,2,0,322,114,11,1.49644281327999,3.16167747652209,2,15,0,1,1.46244827727787,0,0,0,0,0,0,0,,0,0,0,0.850931677018634,
00-0039299,George Holani,RB,RB,2026,1,REG,2026_01_NE_SEA,SEA,NE,0,0,0,0,0,0,0,0,,,8,29,0,0,-2.1458699531504,0,1,0,0,6,0,0,-0.0342817474738695,0.0416666666666667,0.038961038961039,0.0897727272727273,,0
00-0039337,Malik Nabers,WR,WR,2026,1,REG,2026_01_DAL_NYG,NYG,DAL,0,0,0,0,0,0,0,0,,,0,0,0,0,,6,9,69,0,103,10,3,5.01337674877141,0.310344827586207,0.420408163265306,0.759802955665025,,0.669902912621359
00-0039342,Xavier Legette,WR,WR,2026,1,REG,2026_01_CHI_CAR,CAR,CHI,0,0,0,0,0,0,0,0,,,0,0,0,0,,0,2,0,0,20,0,0,-0.983726365258917,0.0588235294117647,0.0546448087431694,0.126486660237866,,0
00-0039344,Jonathon Brooks,RB,RB,2026,1,REG,2026_01_CHI_CAR,CAR,CHI,0,0,0,0,0,0,0,0,,,4,14,0,0,-1.63801142212469,1,2,48,0,30,26,1,1.54809454240603,0.0588235294117647,0.0819672131147541,0.145612343297975,,1.6
00-0039359,Cade Stover,TE,TE,2026,1,REG,2026_01_BUF_HOU,HOU,BUF,0,0,0,0,0,0,0,0,,,0,0,0,0,,1,1,-2,0,-2,0,0,-0.936578081338666,0.027027027027027,-0.0062111801242236,0.036192714453584,,0
00-0039361,Bucky Irving,RB,RB,2026,1,REG,2026_01_TB_CIN,TB,CIN,0,0,0,0,0,0,0,0,,,8,45,1,3,3.55561617191415,7,7,48,0,-25,73,2,-0.299035264761187,0.259259259259259,-0.174825174825175,0.266511266511266,,-1.92
00-0039364,Sione Vaki,RB,RB,2026,1,REG,2026_01_NO_DET,DET,NO,0,0,0,0,0,0,0,0,,,2,7,0,0,-0.643492672941648,1,1,11,0,2,9,1,0.628779410733841,0.0256410256410256,0.00966183574879227,0.0452248234856931,,5.5
00-0039365,Jacob Cowing,WR,WR,2026,1,REG,2026_01_SF_LA,SF,LA,0,0,0,0,0,0,0,0,,,0,0,0,0,,0,0,0,0,0,0,0,,0,0,0,,
00-0039384,Tyrone Tracy Jr.,RB,RB,2026,1,REG,2026_01_DAL_NYG,NYG,DAL,0,0,0,0,0,0,0,0,,,2,14,0,1,-2.68944802333135,0,0,0,0,0,0,0,,0,0,0,,
00-0039407,Dylan Laube,RB,RB,2026,1,REG,2026_01_MIA_LV,LV,MIA,0,0,0,0,0,0,0,0,,,0,0,0,0,,0,0,0,0,0,0,0,,0,0,0,,
00-0039410,Ryan Flournoy,WR,WR,2026,1,REG,2026_01_DAL_NYG,DAL,NYG,0,0,0,0,0,0,0,0,,,0,0,0,0,,2,4,22,0,23,11,1,2.52842911207699,0.133333333333333,0.0744336569579288,0.25210355987055,,0.956521739130435
00-0039424,Devaughn Vele,WR,WR,2026,1,REG,2026_01_NO_DET,NO,DET,0,0,0,0,0,0,0,0,,,0,0,0,0,,7,9,69,1,63,18,3,4.85687719885027,0.173076923076923,0.130434782608696,0.350919732441472,,1.0952380952381
00-0039451,Isaiah Williams,WR,WR,2026,1,REG,2026_01_NYJ_TEN,NYJ,TEN,0,0,0,0,0,0,0,0,,,0,0,0,0,,1,1,7,0,7,0,1,0.214310623181518,0.0434782608695652,0.0416666666666667,0.0943840579710145,,1
00-0039471,Frank Gore Jr.,RB,RB,2026,1,REG,2026_01_BUF_HOU,BUF,HOU,0,0,0,0,0,0,0,0,,,1,3,0,0,-0.0592273413785733,0,0,0,0,0,0,0,,0,0,0,,
00-0039491,Jalen Coker,WR,WR,2026,1,REG,2026_01_CHI_CAR,CAR,CHI,0,0,0,0,0,0,0,0,,,0,0,0,0,,8,9,138,2,124,36,6,12.4554036712507,0.264705882352941,0.33879781420765,0.634217293474767,,1.11290322580645
00-0039518,Treyton Welch,TE,TE,2026,1,REG,2026_01_NO_DET,NO,DET,0,0,0,0,0,0,0,0,,,0,0,0,0,,0,0,0,0,0,0,0,,0,0,0,,
00-0039530,Brevyn Spann-Ford,TE,TE,2026,1,REG,2026_01_DAL_NYG,DAL,NYG,0,0,0,0,0,0,0,0,,,0,0,0,0,,2,2,14,0,6,8,0,0.516863168217242,0.0666666666666667,0.0194174757281553,0.113592233009709,,2.33333333333333
00-0039589,Kameron Johnson,WR,WR,2026,1,REG,2026_01_TB_CIN,TB,CIN,0,0,0,0,0,0,0,0,,,0,0,0,0,,0,0,0,0,0,0,0,,0,0,0,,
00-0039686,Colson Yankoff,TE,TE,2026,1,REG,2026_01_WAS_PHI,WAS,PHI,0,0,0,0,0,0,0,0,,,0,0,0,0,,0,0,0,0,0,0,0,,0,0,0,,
00-0039732,Bo Nix,QB,QB,2026,1,REG,2026_01_DEN_KC,DEN,KC,17,28,131,1,1,92,90,6,-14.381391775154,-7.77954083901865,3,2,0,0,-1.30865032331103,0,0,0,0,0,0,0,,0,0,0,1.42391304347826,
00-0039738,Blake Corum,RB,RB,2026,1,REG,2026_01_SF_LA,LA,SF,0,0,0,0,0,0,0,0,,,10,54,0,2,0.78580237692222,0,0,0,0,0,0,0,,0,0,0,,
00-0039739,Roman Wilson,WR,WR,2026,1,REG,2026_01_ATL_PIT,PIT,ATL,0,0,0,0,0,0,0,0,,,0,0,0,0,,3,6,26,0,126,6,1,-1.09436190896668,0.162162162162162,0.30958230958231,0.45995085995086,,0.206349206349206
00-0039746,Will Shipley,RB,RB,2026,1,REG,2026_01_WAS_PHI,PHI,WAS,0,0,0,0,0,0,0,0,,,2,4,0,0,-0.868644726928324,1,1,8,0,6,2,0,0.378289063926786,0.0454545454545455,0.0266666666666667,0.0868484848484848,,1.33333333333333
00-0039751,Jordan Whittington,WR,WR,2026,1,REG,2026_01_SF_LA,LA,SF,0,0,0,0,0,0,0,0,,,0,0,0,0,,1,1,8,0,8,0,0,0.320402403129265,0.037037037037037,0.0313725490196078,0.077516339869281,,1
00-0039793,AJ Barner,TE,TE,2026,1,REG,2026_01_NE_SEA,SEA,NE,0,0,0,0,0,0,0,0,,,0,0,0,0,,2,2,13,0,-1,14,1,0.877131494286005,0.0833333333333333,-0.00649350649350649,0.120454545454545,,0
00-0039794,Braelon Allen,RB,RB,2026,1,REG,2026_01_NYJ_TEN,NYJ,TEN,0,0,0,0,0,0,0,0,,,10,40,0,3,-0.566861051753554,0,1,0,0,0,0,0,-0.970727254496469,0.0434782608695652,0,0.0652173913043478,,
00-0039796,Rasheen Ali,RB,RB,2026,1,REG,2026_01_BAL_IND,BAL,IND,0,0,0,0,0,0,0,0,,,0,0,0,0,,0,0,0,0,0,0,0,,0,0,0,,
00-0039811,MarShawn Lloyd,RB,RB,2026,1,REG,2026_01_GB_MIN,GB,MIN,0,0,0,0,0,0,0,0,,,13,37,0,2,-3.84089302585926,0,1,0,0,18,0,0,-0.51332720508799,0.025,0.0383795309168444,0.0643656716417911,,0
00-0039847,Theo Johnson,TE,TE,2026,1,REG,2026_01_DAL_NYG,NYG,DAL,0,0,0,0,0,0,0,0,,,0,0,0,0,,1,1,9,0,2,7,0,0.858728714752942,0.0344827586206897,0.00816326530612245,0.0574384236453202,,4.5
00-0039849,Marvin Harrison Jr.,WR,WR,2026,1,REG,2026_01_ARI_LAC,ARI,LAC,0,0,0,0,0,0,0,0,,,0,0,0,0,,1,3,33,0,71,5,1,0.852314318530262,0.0810810810810811,0.250883392226148,0.297239996179925,,0.464788732394366
00-0039851,Drake Maye,QB,QB,2026,1,REG,2026_01_NE_SEA,NE,SEA,23,33,178,1,3,221,111,9,-4.62135415498598,5.97045065895204,7,47,0,5,7.31189035309944,0,0,0,0,0,0,0,,0,0,0,0.805429864253394,
00-0039868,Troy Franklin,WR,WR,2026,1,REG,2026_01_DEN_KC,DEN,KC,0,0,0,0,0,0,0,0,,,1,5,0,0,-0.158298062626272,0,1,0,0,31,0,0,-2.74830406502588,0.037037037037037,0.33695652173913,0.291425120772947,,0
00-0039874,Jaylen Wright,RB,RB,2026,1,REG,2026_01_MIA_LV,MIA,LV,0,0,0,0,0,0,0,0,,,1,-1,0,0,-0.900913973804563,0,0,0,0,0,0,0,,0,0,0,,
00-0039875,Ray Davis,RB,RB,2026,1,REG,2026_01_BUF_HOU,BUF,HOU,0,0,0,0,0,0,0,0,,,1,3,0,0,-0.150790573563427,0,0,0,0,0,0,0,,0,0,0,,
00-0039880,Malik Washington,WR,WR,2026,1,REG,2026_01_MIA_LV,MIA,LV,0,0,0,0,0,0,0,0,,,0,0,0,0,,3,8,53,0,135,22,1,-3.23389545310056,0.296296296296296,0.436893203883495,0.750269687162891,,0.392592592592593
00-0039890,Adonai Mitchell,WR,WR,2026,1,REG,2026_01_NYJ_TEN,NYJ,TEN,0,0,0,0,0,0,0,0,,,0,0,0,0,,3,3,60,0,59,1,2,3.09346480341628,0.130434782608696,0.351190476190476,0.441485507246377,,1.01694915254237
00-0039893,Brian Thomas Jr.,WR,WR,2026,1,REG,2026_01_CLE_JAX,JAX,CLE,0,0,0,0,0,0,0,0,,,0,0,0,0,,3,3,40,0,44,-4,3,2.97714831598569,0.142857142857143,0.181818181818182,0.341558441558442,,0.909090909090909
00-0039894,Xavier Worthy,WR,WR,2026,1,REG,2026_01_DEN_KC,KC,DEN,0,0,0,0,0,0,0,0,,,0,0,0,0,,3,6,18,0,42,15,1,-8.44858313005534,0.24,0.315789473684211,0.581052631578947,,0.428571428571429
00-0039901,Keon Coleman,WR,WR,2026,1,REG,2026_01_BUF_HOU,BUF,HOU,0,0,0,0,0,0,0,0,,,0,0,0,0,,1,1,1,0,4,-3,0,0.0488972848253325,0.0357142857142857,0.010443864229765,0.0608821335322641,,0.25
00-0039910,Jayden Daniels,QB,QB,2026,1,REG,2026_01_WAS_PHI,WAS,PHI,18,34,164,2,0,317,71,10,3.90583545517296,-3.44530277211091,5,31,0,1,0.501124679401983,0,0,0,0,0,0,0,,0,0,0,0.517350157728707,
00-0039915,Ladd McConkey,WR,WR,2026,1,REG,2026_01_ARI_LAC,LAC,ARI,0,0,0,0,0,0,0,0,,,0,0,0,0,,5,7,82,1,97,9,5,6.78497641690774,0.259259259259259,0.355311355311355,0.637606837606838,,0.845360824742268
00-0039918,Caleb Williams,QB,QB,2026,1,REG,2026_01_CHI_CAR,CHI,CAR,21,29,269,2,0,319,80,13,18.5652871718667,16.5803378591171,10,65,2,4,3.40844644146273,0,0,0,0,0,0,0,,0,0,0,0.843260188087774,
00-0039919,Rome Odunze,WR,WR,2026,1,REG,2026_01_CHI_CAR,CHI,CAR,0,0,0,0,0,0,0,0,,,0,0,0,0,,2,3,52,0,90,3,1,4.01706788834417,0.115384615384615,0.282131661442006,0.370569086086327,,0.577777777777778
00-0039920,Malachi Corley,WR,WR,2026,1,REG,2026_01_CLE_JAX,CLE,JAX,0,0,0,0,0,0,0,0,,,0,0,0,0,,0,0,0,0,0,0,0,,0,0,0,,
00-0040024,Darius Cooper,WR,WR,2026,1,REG,2026_01_WAS_PHI,PHI,WAS,0,0,0,0,0,0,0,0,,,0,0,0,0,,0,0,0,0,0,0,0,,0,0,0,,
00-0040075,LaJohntay Wester,WR,WR,2026,1,REG,2026_01_BAL_IND,BAL,IND,0,0,0,0,0,0,0,0,,,0,0,0,0,,2,2,15,0,11,4,0,-0.0498895170167089,0.0833333333333333,0.0408921933085502,0.153624535315985,,1.36363636363636
00-0040081,Jake Briningstool,TE,TE,2026,1,REG,2026_01_DEN_KC,KC,DEN,0,0,0,0,0,0,0,0,,,0,0,0,0,,1,1,9,0,4,5,0,0.793193971767323,0.04,0.0300751879699248,0.0810526315789474,,2.25
00-0040122,Ashton Jeanty,RB,RB,2026,1,REG,2026_01_MIA_LV,LV,MIA,0,0,0,0,0,0,0,0,,,23,102,0,7,-0.725173453218304,6,6,45,2,18,27,2,2.75880223937565,0.206896551724138,0.079646017699115,0.366097039975587,,2.5
00-0040124,Tetairoa McMillan,WR,WR,2026,1,REG,2026_01_CHI_CAR,CAR,CHI,0,0,0,0,0,0,0,0,,,0,0,0,0,,5,8,75,0,119,23,4,-2.51609776925761,0.235294117647059,0.325136612021858,0.580536804885889,,0.630252100840336
00-0040126,Colston Loveland,TE,TE,2026,1,REG,2026_01_CHI_CAR,CHI,CAR,0,0,0,0,0,0,0,0,,,0,0,0,0,,0,2,0,0,30,0,0,-1.0136120551615,0.0769230769230769,0.0940438871473354,0.18121533638775,,0
00-0040128,Tyler Warren,TE,TE,2026,1,REG,2026_01_BAL_IND,IND,BAL,0,0,0,0,0,0,0,0,,,0,0,0,0,,3,5,13,1,23,7,1,-0.55294385162415,0.172413793103448,0.114427860696517,0.338720192142735,,0.565217391304348
00-0040129,Emeka Egbuka,WR,WR,2026,1,REG,2026_01_TB_CIN,TB,CIN,0,0,0,0,0,0,0,0,,,0,0,0,0,,5,6,63,0,84,20,3,4.75172057142481,0.222222222222222,0.587412587412587,0.744522144522145,,0.75
00-0040131,Kyle Williams,WR,WR,2026,1,REG,2026_01_NE_SEA,NE,SEA,0,0,0,0,0,0,0,0,,,0,0,0,0,,0,0,0,0,0,0,0,,0,0,0,,
00-0040134,Pat Bryant,WR,WR,2026,1,REG,2026_01_DEN_KC,DEN,KC,0,0,0,0,0,0,0,0,,,0,0,0,0,,4,6,42,0,25,18,3,2.01835069159279,0.222222222222222,0.271739130434783,0.523550724637681,,1.68
00-0040138,Jaylin Noel,WR,WR,2026,1,REG,2026_01_BUF_HOU,HOU,BUF,0,0,0,0,0,0,0,0,,,0,0,0,0,,2,2,53,0,26,27,2,3.97936163333361,0.0540540540540541,0.0807453416149068,0.137602820211516,,2.03846153846154
00-0040142,Kaleb Johnson,RB,RB,2026,1,REG,2026_01_GB_MIN,GB,MIN,0,0,0,0,0,0,0,0,,,0,0,0,0,,0,0,0,0,0,0,0,,0,0,0,,
00-0040162,Dylan Sampson,RB,RB,2026,1,REG,2026_01_CLE_JAX,CLE,JAX,0,0,0,0,0,0,0,0,,,0,0,0,0,,0,0,0,0,0,0,0,,0,0,0,,
00-0040164,Jaylin Lane,WR,WR,2026,1,REG,2026_01_WAS_PHI,WAS,PHI,0,0,0,0,0,0,0,0,,,0,0,0,0,,1,1,4,0,4,0,0,-0.79734163871035,0.0344827586206897,0.0126182965299685,0.0605569455020124,,1
00-0040170,Elic Ayomanor,WR,WR,2026,1,REG,2026_01_NYJ_TEN,TEN,NYJ,0,0,0,0,0,0,0,0,,,0,0,0,0,,1,3,11,1,41,0,1,1.2419529404433,0.107142857142857,0.215789473684211,0.311766917293233,,0.268292682926829
00-0040187,Mitchell Evans,TE,TE,2026,1,REG,2026_01_CHI_CAR,CAR,CHI,0,0,0,0,0,0,0,0,,,0,0,0,0,,1,2,9,0,9,4,0,-0.0229926919564605,0.0588235294117647,0.0245901639344262,0.105448408871745,,1
00-0040189,Oronde Gadsden II,TE,TE,2026,1,REG,2026_01_ARI_LAC,LAC,ARI,0,0,0,0,0,0,0,0,,,0,0,0,0,,2,2,32,0,7,25,1,0.342562154459301,0.0740740740740741,0.0256410256410256,0.129059829059829,,4.57142857142857
00-0040208,Tahj Brooks,RB,RB,2026,1,REG,2026_01_TB_CIN,CIN,TB,0,0,0,0,0,0,0,0,,,0,0,0,0,,0,0,0,0,0,0,0,,0,0,0,,
00-0040218,Jimmy Horn Jr.,WR,WR,2026,1,REG,2026_01_CHI_CAR,CAR,CHI,0,0,0,0,0,0,0,0,,,0,0,0,0,,0,1,0,0,3,0,0,-0.381134943338111,0.0294117647058824,0.00819672131147541,0.0498553519768563,,0
00-0040236,Kyle Monangai,RB,RB,2026,1,REG,2026_01_CHI_CAR,CHI,CAR,0,0,0,0,0,0,0,0,,,10,100,1,2,2.45976466534194,2,2,24,0,9,15,1,1.46559946704656,0.0769230769230769,0.0282131661442006,0.135133831685556,,2.66666666666667
00-0040237,Tez Johnson,WR,WR,2026,1,REG,2026_01_TB_CIN,TB,CIN,0,0,0,0,0,0,0,0,,,1,-4,0,0,-1.22356549976394,0,1,0,0,9,0,0,-0.599597594409715,0.037037037037037,0.0629370629370629,0.0996114996114996,,0
00-0040242,Jacory Croskey-Merritt,RB,RB,2026,1,REG,2026_01_WAS_PHI,WAS,PHI,0,0,0,0,0,0,0,0,,,16,63,1,7,2.26378970494261,1,1,-7,0,-7,0,0,-1.34161964408122,0.0344827586206897,-0.0220820189274448,0.0362667246818231,,1
00-0040277,Jahdae Walker,WR,WR,2026,1,REG,2026_01_CHI_CAR,CHI,CAR,0,0,0,0,0,0,0,0,,,0,0,0,0,,1,1,1,1,1,0,1,1.37591298378538,0.0384615384615385,0.00313479623824451,0.0598866650590789,,1
00-0040363,Keleki Latu,TE,TE,2026,1,REG,2026_01_BUF_HOU,BUF,HOU,0,0,0,0,0,0,0,0,,,0,0,0,0,,0,0,0,0,0,0,0,,0,0,0,,
00-0040429,Josh Williams,RB,RB,2026,1,REG,2026_01_TB_CIN,TB,CIN,0,0,0,0,0,0,0,0,,,0,0,0,0,,0,0,0,0,0,0,0,,0,0,0,,
00-0040466,Raheim Sanders,RB,RB,2026,1,REG,2026_01_CLE_JAX,CLE,JAX,0,0,0,0,0,0,0,0,,,1,1,0,0,-0.754164027050138,3,3,25,0,-6,31,1,0.511455062776804,0.136363636363636,-0.0263157894736842,0.186124401913876,,-4.16666666666667
00-0040506,Myles Price,WR,WR,2026,1,REG,2026_01_GB_MIN,MIN,GB,0,0,0,0,0,0,0,0,,,0,0,0,0,,0,0,0,0,0,0,0,,0,0,0,,
00-0040556,Corey Kiner,RB,RB,2026,1,REG,2026_01_NE_SEA,NE,SEA,0,0,0,0,0,0,0,0,,,6,11,0,0,-1.98528956004884,0,0,0,0,0,0,0,,0,0,0,,
00-0040568,Lan Larison,RB,RB,2026,1,REG,2026_01_NE_SEA,NE,SEA,0,0,0,0,0,0,0,0,,,0,0,0,0,,2,2,9,0,-3,12,1,0.0763149423291907,0.0645161290322581,-0.0135746606334842,0.0872719311049482,,-3
00-0040582,Arian Smith,WR,WR,2026,1,REG,2026_01_NYJ_TEN,NYJ,TEN,0,0,0,0,0,0,0,0,,,0,0,0,0,,0,1,0,0,4,0,0,-0.597929609240964,0.0434782608695652,0.0238095238095238,0.0818840579710145,,0
00-0040583,Woody Marks,RB,RB,2026,1,REG,2026_01_BUF_HOU,HOU,BUF,0,0,0,0,0,0,0,0,,,9,42,0,4,1.47042560909176,1,1,-2,0,-2,0,0,-1.37441831594333,0.027027027027027,-0.0062111801242236,0.036192714453584,,1
00-0040584,Gunnar Helm,TE,TE,2026,1,REG,2026_01_NYJ_TEN,TEN,NYJ,0,0,0,0,0,0,0,0,,,0,0,0,0,,4,5,28,0,17,22,1,-0.861613036133349,0.178571428571429,0.0894736842105263,0.330488721804511,,1.64705882352941
00-0040590,Konata Mumpfield,WR,WR,2026,1,REG,2026_01_SF_LA,LA,SF,0,0,0,0,0,0,0,0,,,0,0,0,0,,0,1,0,0,13,0,0,-0.568224496557377,0.037037037037037,0.0509803921568627,0.0912418300653595,,0
00-0040621,Montorie Foster Jr,WR,WR,2026,1,REG,2026_01_NE_SEA,SEA,NE,0,0,0,0,0,0,0,0,,,0,0,0,0,,0,0,0,0,0,0,0,,0,0,0,,
00-0040646,Jalen Royals,WR,WR,2026,1,REG,2026_01_DEN_KC,KC,DEN,0,0,0,0,0,0,0,0,,,0,0,0,0,,0,0,0,0,0,0,0,,0,0,0,,
00-0040663,Harold Fannin Jr.,TE,TE,2026,1,REG,2026_01_CLE_JAX,CLE,JAX,0,0,0,0,0,0,0,0,,,0,0,0,0,,2,3,21,0,10,14,1,-0.18391186511144,0.136363636363636,0.043859649122807,0.235247208931419,,2.1
00-0040666,Omarion Hampton,RB,RB,2026,1,REG,2026_01_ARI_LAC,LAC,ARI,0,0,0,0,0,0,0,0,,,12,43,1,5,-4.62002403568476,0,0,0,0,0,0,0,,0,0,0,,
00-0040667,Matthew Golden,WR,WR,2026,1,REG,2026_01_GB_MIN,GB,MIN,0,0,0,0,0,0,0,0,,,0,0,0,0,,6,12,95,0,137,35,4,0.761358661252918,0.3,0.292110874200426,0.654477611940298,,0.693430656934307
00-0040669,Isaac TeSlaa,WR,WR,2026,1,REG,2026_01_NO_DET,DET,NO,0,0,0,0,0,0,0,0,,,0,0,0,0,,0,1,0,0,3,0,0,-0.571687055751681,0.0256410256410256,0.0144927536231884,0.0486064659977703,,0
00-0040676,Cam Ward,QB,QB,2026,1,REG,2026_01_NYJ_TEN,TEN,NYJ,19,32,140,1,0,190,78,6,-7.35125374553204,0.389746470110757,4,21,0,2,2.49897350056563,0,0,0,0,0,0,0,,0,0,0,0.736842105263158,
00-0040691,Jaxson Dart,QB,QB,2026,1,REG,2026_01_DAL_NYG,NYG,DAL,23,29,230,3,0,245,86,14,21.9124518483004,13.3835581869915,11,54,0,4,3.68802256340859,0,0,0,0,0,0,0,,0,0,0,0.938775510204082,
00-0040705,Chimere Dike,WR,WR,2026,1,REG,2026_01_NYJ_TEN,TEN,NYJ,0,0,0,0,0,0,0,0,,,0,0,0,0,,1,1,7,0,3,4,0,0.292017281404696,0.0357142857142857,0.0157894736842105,0.0646240601503759,,2.33333333333333
00-0040715,Cam Skattebo,RB,RB,2026,1,REG,2026_01_DAL_NYG,NYG,DAL,0,0,0,0,0,0,0,0,,,18,81,1,6,-0.645109943492571,0,0,0,0,0,0,0,,0,0,0,,
00-0040719,Bhayshul Tuten,RB,RB,2026,1,REG,2026_01_CLE_JAX,JAX,CLE,0,0,0,0,0,0,0,0,,,15,66,0,4,-1.08882716146763,1,1,22,0,-5,27,1,1.26137215935159,0.0476190476190476,-0.0206611570247934,0.0569657615112161,,-4.4
00-0040727,Tre Harris,WR,WR,2026,1,REG,2026_01_ARI_LAC,LAC,ARI,0,0,0,0,0,0,0,0,,,0,0,0,0,,3,6,20,0,47,9,0,-3.34935215313453,0.222222222222222,0.172161172161172,0.453846153846154,,0.425531914893617
00-0040729,Jack Bech,WR,WR,2026,1,REG,2026_01_MIA_LV,LV,MIA,0,0,0,0,0,0,0,0,,,0,0,0,0,,3,4,23,1,32,7,1,-2.95521616213955,0.137931034482759,0.141592920353982,0.306011595971926,,0.71875
00-0040730,RJ Harvey,RB,RB,2026,1,REG,2026_01_DEN_KC,DEN,KC,0,0,0,0,0,0,0,0,,,3,18,0,1,1.16021342179738,4,4,23,0,-22,45,0,-0.0804222719743848,0.148148148148148,-0.239130434782609,0.0548309178743961,,-1.04545454545455
00-0040735,Luther Burden III,WR,WR,2026,1,REG,2026_01_CHI_CAR,CHI,CAR,0,0,0,0,0,0,0,0,,,1,2,0,0,-0.356950203422457,5,5,63,0,36,27,2,1.54251239891164,0.192307692307692,0.112852664576803,0.3674584036653,,1.75
00-0040736,Mason Taylor,TE,TE,2026,1,REG,2026_01_NYJ_TEN,NYJ,TEN,0,0,0,0,0,0,0,0,,,0,0,0,0,,2,3,-2,0,1,0,0,-2.38240682665492,0.130434782608696,0.00595238095238095,0.19981884057971,,-2
00-0040737,Terrance Ferguson,TE,TE,2026,1,REG,2026_01_SF_LA,LA,SF,0,0,0,0,0,0,0,0,,,0,0,0,0,,0,1,0,0,24,0,0,-2.77673818939365,0.037037037037037,0.0941176470588235,0.121437908496732,,0
00-0040743,Tyler Shough,QB,QB,2026,1,REG,2026_01_NO_DET,NO,DET,35,56,410,3,2,483,116,19,-1.00732027256654,-1.20560446610818,4,8,0,1,-1.1607644535834,0,0,0,0,0,0,0,,0,0,0,0.848861283643892,
00-0040784,Quinshon Judkins,RB,RB,2026,1,REG,2026_01_CLE_JAX,CLE,JAX,0,0,0,0,0,0,0,0,,,12,33,0,1,-2.72711864858866,2,2,17,0,1,16,1,0.133373425633181,0.0909090909090909,0.0043859649122807,0.139433811802233,,17
00-0040785,Dohnte Meyers,WR,WR,2026,1,REG,2026_01_TB_CIN,CIN,TB,0,0,0,0,0,0,0,0,,,1,10,0,1,0.480721483821981,1,1,18,0,2,16,1,1.03430245193886,0.0294117647058824,0.00884955752212389,0.0503123373243103,,9
00-0040867,Makai Lemon,WR,WR,2026,1,REG,2026_01_WAS_PHI,PHI,WAS,0,0,0,0,0,0,0,0,,,0,0,0,0,,3,4,-5,0,0,3,0,-3.88518480863422,0.181818181818182,0,0.272727272727273,,0
00-0040870,Ja'Kobi Lane,WR,WR,2026,1,REG,2026_01_BAL_IND,BAL,IND,0,0,0,0,0,0,0,0,,,0,0,0,0,,1,3,11,0,30,4,0,-4.01956192951184,0.125,0.111524163568773,0.265566914498141,,0.366666666666667
00-0040878,Mike Washington Jr.,RB,RB,2026,1,REG,2026_01_MIA_LV,LV,MIA,0,0,0,0,0,0,0,0,,,7,41,0,1,-0.930282209941652,0,0,0,0,0,0,0,,0,0,0,,
00-0040879,Matthew Hibner,TE,TE,2026,1,REG,2026_01_BAL_IND,BAL,IND,0,0,0,0,0,0,0,0,,,0,0,0,0,,1,1,13,0,1,12,1,0.853725885564927,0.0416666666666667,0.00371747211895911,0.0651022304832714,,13
00-0040890,Cyrus Allen,WR,WR,2026,1,REG,2026_01_DEN_KC,KC,DEN,0,0,0,0,0,0,0,0,,,0,0,0,0,,0,1,0,0,5,0,0,-1.60270352917723,0.04,0.037593984962406,0.0863157894736842,,0
00-0040894,Malik Benson,WR,WR,2026,1,REG,2026_01_MIA_LV,LV,MIA,0,0,0,0,0,0,0,0,,,1,-8,0,0,-1.40319908829406,1,2,6,0,31,7,0,-0.387330326251686,0.0689655172413793,0.13716814159292,0.199465974977113,,0.193548387096774
00-0041013,Emmett Johnson,RB,RB,2026,1,REG,2026_01_DEN_KC,KC,DEN,0,0,0,0,0,0,0,0,,,8,24,0,1,-0.448486649431288,2,2,44,0,-8,52,1,4.31936525634956,0.08,-0.0601503759398496,0.0778947368421053,,-5.5
00-0041027,Jeremiyah Love,RB,RB,2026,1,REG,2026_01_ARI_LAC,ARI,LAC,0,0,0,0,0,0,0,0,,,11,41,1,2,0.304496043827385,2,4,9,0,5,5,0,-1.57084357133135,0.108108108108108,0.0176678445229682,0.17452965332824,,1.8
00-0041032,Kenyon Sadiq,TE,TE,2026,1,REG,2026_01_NYJ_TEN,NYJ,TEN,0,0,0,0,0,0,0,0,,,1,3,1,1,1.23996148013975,3,3,21,0,0,21,0,0.507726678508334,0.130434782608696,0,0.195652173913043,,0
00-0041037,Denzel Boston,WR,WR,2026,1,REG,2026_01_CLE_JAX,CLE,JAX,0,0,0,0,0,0,0,0,,,0,0,0,0,,2,4,59,1,114,2,2,5.16982886556729,0.181818181818182,0.5,0.622727272727273,,0.517543859649123
00-0041040,Antonio Williams,WR,WR,2026,1,REG,2026_01_WAS_PHI,WAS,PHI,0,0,0,0,0,0,0,0,,,0,0,0,0,,4,4,64,1,55,9,4,8.80670147121418,0.137931034482759,0.173501577287066,0.328347655825084,,1.16363636363636
00-0041042,Malachi Fields,WR,WR,2026,1,REG,2026_01_DAL_NYG,NYG,DAL,0,0,0,0,0,0,0,0,,,0,0,0,0,,2,4,25,0,71,15,1,0.529751836671494,0.137931034482759,0.289795918367347,0.409753694581281,,0.352112676056338
00-0041044,Zachariah Branch,WR,WR,2026,1,REG,2026_01_ATL_PIT,ATL,PIT,0,0,0,0,0,0,0,0,,,0,0,0,0,,0,0,0,0,0,0,0,,0,0,0,,
00-0041048,Ted Hurst III,WR,WR,2026,1,REG,2026_01_TB_CIN,TB,CIN,0,0,0,0,0,0,0,0,,,0,0,0,0,,3,3,36,0,34,2,2,2.31741993426112,0.111111111111111,0.237762237762238,0.333100233100233,,1.05882352941176
00-0041052,Kaelon Black,RB,RB,2026,1,REG,2026_01_SF_LA,SF,LA,0,0,0,0,0,0,0,0,,,14,65,0,3,0.272510947077535,1,1,5,0,-5,10,0,0.179298444883898,0.0294117647058824,-0.0335570469798658,0.0206277141729175,,-1
00-0041067,Bryce Lance,WR,WR,2026,1,REG,2026_01_NO_DET,NO,DET,0,0,0,0,0,0,0,0,,,0,0,0,0,,3,4,42,0,40,7,2,3.17787699772464,0.0769230769230769,0.082815734989648,0.173355629877369,,1.05
00-0041094,Bauer Sharp,TE,TE,2026,1,REG,2026_01_TB_CIN,TB,CIN,0,0,0,0,0,0,0,0,,,0,0,0,0,,0,0,0,0,0,0,0,,0,0,0,,
00-0041096,Kaytron Allen,RB,RB,2026,1,REG,2026_01_WAS_PHI,WAS,PHI,0,0,0,0,0,0,0,0,,,4,16,0,0,0.169891955447383,0,0,0,0,0,0,0,,0,0,0,,
00-0041099,Barion Brown,WR,WR,2026,1,REG,2026_01_NO_DET,NO,DET,0,0,0,0,0,0,0,0,,,1,3,0,0,-0.296891707926989,0,0,0,0,0,0,0,,0,0,0,,
00-0041100,Josh Cameron,WR,WR,2026,1,REG,2026_01_CLE_JAX,JAX,CLE,0,0,0,0,0,0,0,0,,,0,0,0,0,,2,2,20,1,18,2,2,2.19564546074253,0.0952380952380952,0.0743801652892562,0.194923258559622,,1.11111111111111
00-0041125,Seth McGowan,RB,RB,2026,1,REG,2026_01_BAL_IND,IND,BAL,0,0,0,0,0,0,0,0,,,0,0,0,0,,1,1,0,0,-2,2,0,-1.75167942097931,0.0344827586206897,-0.0099502487562189,0.0447589638016813,,0
00-0041131,Carsen Ryan,TE,TE,2026,1,REG,2026_01_CLE_JAX,CLE,JAX,0,0,0,0,0,0,0,0,,,0,0,0,0,,0,0,0,0,0,0,0,,0,0,0,,
00-0041326,CJ Donaldson,RB,RB,2026,1,REG,2026_01_NO_DET,NO,DET,0,0,0,0,0,0,0,0,,,2,4,0,2,0.91686132340692,1,2,-2,0,5,4,0,-1.28628242237028,0.0384615384615385,0.010351966873706,0.0649386845039019,,-0.4
00-0041395,Eli Raridon,TE,TE,2026,1,REG,2026_01_NE_SEA,NE,SEA,0,0,0,0,0,0,0,0,,,0,0,0,0,,1,1,2,1,2,0,1,0.840626145160059,0.032258064516129,0.00904977375565611,0.0547219384031528,,1
00-0041397,Kaden Wetjen,WR,WR,2026,1,REG,2026_01_ATL_PIT,PIT,ATL,0,0,0,0,0,0,0,0,,,0,0,0,0,,0,0,0,0,0,0,0,,0,0,0,,
00-0041398,Riley Nowakowski,FB,RB,2026,1,REG,2026_01_ATL_PIT,PIT,ATL,0,0,0,0,0,0,0,0,,,0,0,0,0,,0,0,0,0,0,0,0,,0,0,0,,
00-0041438,Carnell Tate,WR,WR,2026,1,REG,2026_01_NYJ_TEN,TEN,NYJ,0,0,0,0,0,0,0,0,,,0,0,0,0,,4,6,38,0,67,9,1,0.303613040363416,0.214285714285714,0.352631578947368,0.568270676691729,,0.567164179104478
00-0041472,Marlin Klein,TE,TE,2026,1,REG,2026_01_BUF_HOU,HOU,BUF,0,0,0,0,0,0,0,0,,,0,0,0,0,,1,1,16,0,14,2,1,1.04552066372707,0.027027027027027,0.0434782608695652,0.0709753231492362,,1.14285714285714
00-0041490,Eli Heidenreich,RB,RB,2026,1,REG,2026_01_ATL_PIT,PIT,ATL,0,0,0,0,0,0,0,0,,,0,0,0,0,,0,0,0,0,0,0,0,,0,0,0,,
00-0041496,Jonah Coleman,RB,RB,2026,1,REG,2026_01_DEN_KC,DEN,KC,0,0,0,0,0,0,0,0,,,0,0,0,0,,0,0,0,0,0,0,0,,0,0,0,,
00-0041503,Nate Boerkircher,TE,TE,2026,1,REG,2026_01_CLE_JAX,JAX,CLE,0,0,0,0,0,0,0,0,,,0,0,0,0,,1,1,9,0,2,7,0,0.931658236077055,0.0476190476190476,0.00826446280991736,0.0772136953955136,,4.5
00-0041511,Omar Cooper Jr.,WR,WR,2026,1,REG,2026_01_NYJ_TEN,NYJ,TEN,0,0,0,0,0,0,0,0,,,0,0,0,0,,1,1,30,0,4,26,1,3.58215110830497,0.0434782608695652,0.0238095238095238,0.0818840579710145,,7.5
00-0041512,Jadarian Price,RB,RB,2026,1,REG,2026_01_NE_SEA,SEA,NE,0,0,0,0,0,0,0,0,,,10,52,0,4,1.02588471770287,2,2,6,0,-1,7,0,-0.697155370609835,0.0833333333333333,-0.00649350649350649,0.120454545454545,,-6
00-0041523,Caleb Douglas,WR,WR,2026,1,REG,2026_01_MIA_LV,MIA,LV,0,0,0,0,0,0,0,0,,,0,0,0,0,,5,7,94,0,97,35,3,1.58381589963726,0.259259259259259,0.313915857605178,0.608629989212513,,0.969072164948454
00-0041524,Will Kacmarek,TE,TE,2026,1,REG,2026_01_MIA_LV,MIA,LV,0,0,0,0,0,0,0,0,,,0,0,0,0,,0,1,0,0,6,0,0,-0.635939047206193,0.037037037037037,0.0194174757281553,0.0691477885652643,,0
00-0041525,Chris Bell,WR,WR,2026,1,REG,2026_01_MIA_LV,MIA,LV,0,0,0,0,0,0,0,0,,,0,0,0,0,,1,2,25,0,42,3,1,1.47936001827475,0.0740740740740741,0.135922330097087,0.206256742179072,,0.595238095238095
00-0041529,Kevin Coleman Jr.,WR,WR,2026,1,REG,2026_01_MIA_LV,MIA,LV,0,0,0,0,0,0,0,0,,,0,0,0,0,,0,2,0,0,24,0,0,-2.97507894452428,0.0740740740740741,0.0776699029126214,0.165480043149946,,0
00-0041547,KC Concepcion,WR,WR,2026,1,REG,2026_01_CLE_JAX,CLE,JAX,0,0,0,0,0,0,0,0,,,3,15,0,1,0.0786754116415978,4,5,43,0,63,15,2,-1.8038932220079,0.227272727272727,0.276315789473684,0.53433014354067,,0.682539682539683
00-0023459,Aaron Rodgers,QB,QB,2026,2,REG,2026_02_PIT_NE,PIT,NE,23,39,187,0,1,209,130,10,-21.4094302124879,-6.41056704852316,1,5,0,0,0.23470135719981,0,0,0,0,0,0,0,,0,0,0,0.894736842105263,
00-0026498,Matthew Stafford,QB,QB,2026,2,REG,2026_02_NYG_LA,LA,NYG,22,31,327,4,1,331,127,15,18.633953401768,7.27263748645783,4,-1,0,0,-5.06525587034412,0,0,0,0,0,0,0,,0,0,0,0.987915407854985,
00-0029604,Kirk Cousins,QB,QB,2026,2,REG,2026_02_LV_LAC,LV,LAC,19,29,253,3,1,283,78,11,5.97274090570863,2.89057739849748,4,1,0,0,-2.05798425327521,0,0,0,0,0,0,0,,0,0,0,0.893992932862191,
00-0029892,Kyle Juszczyk,FB,RB,2026,2,REG,2026_02_MIA_SF,SF,MIA,0,0,0,0,0,0,0,0,,,0,0,0,0,,2,2,27,1,19,8,2,3.64390833571088,0.0952380952380952,0.105555555555556,0.216746031746032,,1.42105263157895
00-0030279,Keenan Allen,WR,WR,2026,2,REG,2026_02_IND_KC,IND,KC,0,0,0,0,0,0,0,0,,,0,0,0,0,,1,5,5,0,31,0,0,-7.63333810380843,0.166666666666667,0.191358024691358,0.383950617283951,,0.161290322580645
00-0030506,Travis Kelce,TE,TE,2026,2,REG,2026_02_IND_KC,KC,IND,0,0,0,0,0,0,0,0,,,0,0,0,0,,9,11,101,1,56,66,7,5.10771950898762,0.255813953488372,0.213740458015267,0.533339250843245,,1.80357142857143
00-0030565,Geno Smith,QB,QB,2026,2,REG,2026_02_GB_NYJ,NYJ,GB,27,41,247,1,0,251,160,11,4.28423701151041,5.86481971873177,5,17,0,1,-2.93676051928196,0,0,0,0,0,0,0,,0,0,0,0.98406374501992,
00-0031381,Davante Adams,WR,WR,2026,2,REG,2026_02_NYG_LA,LA,NYG,0,0,0,0,0,0,0,0,,,0,0,0,0,,8,10,195,2,198,46,7,11.7529493872426,0.333333333333333,0.598187311178248,0.918731117824773,,0.984848484848485
00-0031408,Mike Evans,WR,WR,2026,2,REG,2026_02_MIA_SF,SF,MIA,0,0,0,0,0,0,0,0,,,0,0,0,0,,3,3,54,0,40,14,3,4.73052399620065,0.142857142857143,0.222222222222222,0.36984126984127,,1.35
00-0031503,Jameis Winston,QB,QB,2026,2,REG,2026_02_NYG_LA,NYG,LA,11,27,111,0,1,294,53,6,-16.4904649579566,-25.3325961254261,2,1,0,1,0.328010444180109,0,0,0,0,0,0,0,,0,0,0,0.377551020408163,
00-0031588,Stefon Diggs,WR,WR,2026,2,REG,2026_02_WAS_DAL,WAS,DAL,0,0,0,0,0,0,0,0,,,0,0,0,0,,5,6,47,2,72,4,4,5.55637339532148,0.176470588235294,0.200557103064067,0.405095854497788,,0.652777777777778
00-0031610,Darren Waller,TE,TE,2026,2,REG,2026_02_CAR_ATL,CAR,ATL,0,0,0,0,0,0,0,0,,,0,0,0,0,,3,3,33,2,26,7,3,5.5692339699599,0.09375,0.0836012861736334,0.199145900321543,,1.26923076923077
00-0032104,Ameer Abdullah,RB,RB,2026,2,REG,2026_02_JAX_DEN,JAX,DEN,0,0,0,0,0,0,0,0,,,3,11,0,2,0.560814540600404,1,1,2,0,-6,8,0,-0.403705245116726,0.0357142857142857,-0.0198675496688742,0.0396641438032166,,-0.333333333333333
00-0032268,Marcus Mariota,QB,QB,2026,2,REG,2026_02_WAS_DAL,WAS,DAL,11,16,111,1,0,187,37,7,6.73201822161098,8.00724439322949,1,3,0,1,-0.0667867003940046,0,0,0,0,0,0,0,,0,0,0,0.593582887700535,
00-0032392,Austin Hooper,TE,TE,2026,2,REG,2026_02_CAR_ATL,ATL,CAR,0,0,0,0,0,0,0,0,,,0,0,0,0,,2,4,20,0,13,15,2,1.57264766545268,0.129032258064516,0.0817610062893082,0.25078109149929,,1.53846153846154
00-0032398,Chris Moore,WR,WR,2026,2,REG,2026_02_NO_BAL,BAL,NO,0,0,0,0,0,0,0,0,,,0,0,0,0,,1,3,6,0,93,0,1,-1.93360796011984,0.103448275862069,0.289719626168224,0.35797615211086,,0.0645161290322581
00-0032464,Kalif Raymond,WR,WR,2026,2,REG,2026_02_MIN_CHI,CHI,MIN,0,0,0,0,0,0,0,0,,,0,0,0,0,,5,5,40,0,7,33,2,5.18972944156849,0.166666666666667,0.037037037037037,0.275925925925926,,5.71428571428571
00-0032764,Derrick Henry,RB,RB,2026,2,REG,2026_02_NO_BAL,BAL,NO,0,0,0,0,0,0,0,0,,,16,68,1,5,2.90964314161101,3,3,19,0,-13,32,1,0.207428513327613,0.103448275862069,-0.0404984423676012,0.126823504135783,,-1.46153846153846
00-0032775,Demarcus Robinson,WR,WR,2026,2,REG,2026_02_MIA_SF,SF,MIA,0,0,0,0,0,0,0,0,,,0,0,0,0,,3,3,34,0,27,7,3,3.36045677351649,0.142857142857143,0.15,0.319285714285714,,1.25925925925926
00-0032950,Carson Wentz,QB,QB,2026,2,REG,2026_02_MIN_CHI,MIN,CHI,11,20,143,0,0,157,70,6,0.513303766384119,-8.32055571832155,3,6,0,1,-2.15216757089365,0,0,0,0,0,0,0,,0,0,0,0.910828025477707,
00-0032951,Laquon Treadwell,WR,WR,2026,2,REG,2026_02_IND_KC,IND,KC,0,0,0,0,0,0,0,0,,,0,0,0,0,,3,3,61,0,54,7,1,3.56498473556712,0.1,0.333333333333333,0.383333333333333,,1.12962962962963
00-0033077,Dak Prescott,QB,QB,2026,2,REG,2026_02_WAS_DAL,DAL,WAS,26,31,279,4,0,244,88,16,15.1040259846231,18.0240679171778,4,26,0,2,1.89160879759584,0,0,0,0,0,0,0,,0,0,0,1.14344262295082,
00-0033090,Hunter Henry,TE,TE,2026,2,REG,2026_02_PIT_NE,NE,PIT,0,0,0,0,0,0,0,0,,,0,0,0,0,,3,5,40,0,57,18,1,-2.86921163613442,0.238095238095238,0.290816326530612,0.560714285714286,,0.701754385964912
00-0033106,Jared Goff,QB,QB,2026,2,REG,2026_02_DET_BUF,DET,BUF,26,38,327,4,0,337,126,19,18.5762867453741,5.99711796170787,3,7,0,0,-2.15346481953748,0,0,0,0,0,0,0,,0,0,0,0.970326409495549,
00-0033119,Jacoby Brissett,QB,QB,2026,2,REG,2026_02_SEA_ARI,ARI,SEA,17,28,95,1,1,109,58,4,-8.08428018429549,-5.56912662891241,1,7,0,0,-0.772654672968201,0,0,0,0,0,0,0,,0,0,0,0.871559633027523,
00-0033246,Johnny Mundt,TE,TE,2026,2,REG,2026_02_PHI_TEN,PHI,TEN,0,0,0,0,0,0,0,0,,,0,0,0,0,,2,3,8,0,8,3,0,-1.76260289526545,0.0882352941176471,0.0273972602739726,0.151531023368251,,1
00-0033280,Christian McCaffrey,RB,RB,2026,2,REG,2026_02_MIA_SF,SF,MIA,0,0,0,0,0,0,0,0,,,10,23,2,2,-0.563817018235568,4,4,43,0,11,32,4,5.50573469500523,0.19047619047619,0.0611111111111111,0.328492063492064,,3.90909090909091
00-0033288,George Kittle,TE,TE,2026,2,REG,2026_02_MIA_SF,SF,MIA,0,0,0,0,0,0,0,0,,,0,0,0,0,,4,4,80,1,50,30,3,5.76795010227943,0.19047619047619,0.277777777777778,0.48015873015873,,1.6
00-0033293,Aaron Jones,RB,RB,2026,2,REG,2026_02_MIN_CHI,MIN,CHI,0,0,0,0,0,0,0,0,,,23,105,0,3,-2.35539375984808,0,0,0,0,0,0,0,,0,0,0,,
00-0033307,Kendrick Bourne,WR,WR,2026,2,REG,2026_02_SEA_ARI,ARI,SEA,0,0,0,0,0,0,0,0,,,0,0,0,0,,2,3,11,0,10,4,0,-1.72605081752408,0.115384615384615,0.091743119266055,0.237297106563162,,1.1
00-0033526,Samaje Perine,RB,RB,2026,2,REG,2026_02_CIN_HOU,CIN,HOU,0,0,0,0,0,0,0,0,,,2,6,0,0,-0.914070595288649,1,1,16,0,7,9,1,2.52036335400771,0.032258064516129,0.0404624277456647,0.0767107961961589,,2.28571428571429
00-0033537,Deshaun Watson,QB,QB,2026,2,REG,2026_02_CLE_TB,CLE,TB,24,30,238,2,0,108,163,10,10.3738102972507,6.42843763033549,7,22,0,2,1.4642875273712,0,0,0,0,0,0,0,,0,0,0,2.2037037037037,
00-0033555,Mack Hollins,WR,WR,2026,2,REG,2026_02_PIT_NE,NE,PIT,0,0,0,0,0,0,0,0,,,0,0,0,0,,2,2,18,0,12,6,1,1.0692280260846,0.0952380952380952,0.0612244897959184,0.185714285714286,,1.5
00-0033576,Eric Saubert,TE,TE,2026,2,REG,2026_02_SEA_ARI,SEA,ARI,0,0,0,0,0,0,0,0,,,0,0,0,0,,1,1,-10,0,-10,0,0,-1.63183920487063,0.0384615384615385,-0.0440528634361234,0.0268553032870214,,0
00-0033662,Cooper Rush,QB,QB,2026,2,REG,2026_02_CAR_ATL,ATL,CAR,10,17,86,0,2,106,54,6,-12.1910760655409,-16.8088516768287,2,20,0,1,-2.98615755001083,0,0,0,0,0,0,0,,0,0,0,0.811320754716981,
00-0033873,Patrick Mahomes,QB,QB,2026,2,REG,2026_02_IND_KC,KC,IND,32,47,382,3,0,262,220,19,13.4245551243568,3.73128153557001,2,17,0,1,0.492859988065902,0,0,0,0,0,0,0,,0,0,0,1.45801526717557,
00-0033881,Evan Engram,TE,TE,2026,2,REG,2026_02_JAX_DEN,DEN,JAX,0,0,0,0,0,0,0,0,,,0,0,0,0,,1,1,17,0,17,0,1,1.01084500644356,0.0344827586206897,0.0634328358208955,0.0961271230056613,,1
00-0033885,David Njoku,TE,TE,2026,2,REG,2026_02_LV_LAC,LAC,LV,0,0,0,0,0,0,0,0,,,0,0,0,0,,1,3,9,0,25,8,0,-4.73688694671728,0.115384615384615,0.0929368029739777,0.238132685158707,,0.36
00-0033906,Alvin Kamara,RB,RB,2026,2,REG,2026_02_NO_BAL,NO,BAL,0,0,0,0,0,0,0,0,,,9,15,0,1,-3.78834946046118,5,6,7,0,-6,14,0,-3.49666708509903,0.1875,-0.028169014084507,0.261531690140845,,-1.16666666666667
00-0033908,Cooper Kupp,WR,WR,2026,2,REG,2026_02_SEA_ARI,SEA,ARI,0,0,0,0,0,0,0,0,,,0,0,0,0,,2,2,20,0,14,6,1,0.237160971679259,0.0769230769230769,0.0616740088105727,0.158556421552016,,1.42857142857143
00-0033921,Chris Godwin Jr.,WR,WR,2026,2,REG,2026_02_CLE_TB,TB,CLE,0,0,0,0,0,0,0,0,,,1,12,0,1,0.47688365355134,3,3,46,0,33,13,3,3.90023174835369,0.0909090909090909,0.0783847980997625,0.19123299503347,,1.39393939393939
00-0034348,Courtland Sutton,WR,WR,2026,2,REG,2026_02_JAX_DEN,DEN,JAX,0,0,0,0,0,0,0,0,,,0,0,0,0,,3,4,25,0,31,2,1,-2.51810322864912,0.137931034482759,0.115671641791045,0.287866700977869,,0.806451612903226
00-0034351,Dallas Goedert,TE,TE,2026,2,REG,2026_02_PHI_TEN,PHI,TEN,0,0,0,0,0,0,0,0,,,0,0,0,0,,1,2,4,0,4,0,0,-0.617143890471198,0.0588235294117647,0.0136986301369863,0.0978243352135375,,1
00-0034365,Ian Thomas,TE,TE,2026,2,REG,2026_02_LV_LAC,LV,LAC,0,0,0,0,0,0,0,0,,,0,0,0,0,,1,1,11,0,1,10,1,0.721764938673005,0.0344827586206897,0.00353356890459364,0.05419763616425,,11
00-0034383,Dalton Schultz,TE,TE,2026,2,REG,2026_02_CIN_HOU,HOU,CIN,0,0,0,0,0,0,0,0,,,0,0,0,0,,12,14,140,0,104,63,6,7.4916954839917,0.28,0.218947368421053,0.573263157894737,,1.34615384615385
00-0034419,Braxton Berrios,WR,WR,2026,2,REG,2026_02_NYG_LA,NYG,LA,0,0,0,0,0,0,0,0,,,0,0,0,0,,0,0,0,0,0,0,0,,0,0,0,,
00-0034753,Mark Andrews,TE,TE,2026,2,REG,2026_02_NO_BAL,BAL,NO,0,0,0,0,0,0,0,0,,,0,0,0,0,,6,7,49,0,47,9,4,3.95677970867837,0.241379310344828,0.146417445482866,0.464561177355248,,1.04255319148936
00-0034771,Mason Rudolph,QB,QB,2026,2,REG,2026_02_PIT_NE,PIT,NE,0,1,0,0,0,6,0,0,-0.417870544595644,-76.3355851173401,1,3,0,0,-0.696471540722996,0,0,0,0,0,0,0,,0,0,0,0,
00-0034796,Lamar Jackson,QB,QB,2026,2,REG,2026_02_NO_BAL,BAL,NO,21,31,235,1,1,321,84,11,3.31739675468343,7.85623542193709,4,34,0,3,0.312908550084103,0,0,0,0,0,0,0,,0,0,0,0.73208722741433,
00-0034798,Durham Smythe,TE,TE,2026,2,REG,2026_02_NO_BAL,BAL,NO,0,0,0,0,0,0,0,0,,,0,0,0,0,,0,1,0,0,-3,0,0,-0.827045261859894,0.0344827586206897,-0.00934579439252336,0.0451820818562681,,0
00-0034827,DJ Moore,WR,WR,2026,2,REG,2026_02_DET_BUF,BUF,DET,0,0,0,0,0,0,0,0,,,1,-1,0,0,-0.935742837842554,0,0,0,0,0,0,0,,0,0,0,,
00-0034837,Calvin Ridley,WR,WR,2026,2,REG,2026_02_PHI_TEN,TEN,PHI,0,0,0,0,0,0,0,0,,,0,0,0,0,,2,2,35,0,27,8,2,2.20121364615625,0.117647058823529,0.192857142857143,0.311470588235294,,1.2962962962963
00-0034844,Saquon Barkley,RB,RB,2026,2,REG,2026_02_PHI_TEN,PHI,TEN,0,0,0,0,0,0,0,0,,,4,9,0,0,-1.4125095338095,1,2,11,0,4,7,1,0.727484521688893,0.0588235294117647,0.0136986301369863,0.0978243352135375,,2.75
00-0034854,KhaDarel Hodge,WR,WR,2026,2,REG,2026_02_MIA_SF,SF,MIA,0,0,0,0,0,0,0,0,,,0,0,0,0,,1,1,18,0,15,3,0,1.03852834762074,0.0476190476190476,0.0833333333333333,0.129761904761905,,1.2
00-0034855,Baker Mayfield,QB,QB,2026,2,REG,2026_02_CLE_TB,TB,CLE,21,34,182,1,1,421,84,7,-13.5605912591436,4.24985966899178,4,29,0,3,4.64024902199162,0,0,0,0,0,0,0,,0,0,0,0.432304038004751,
00-0034857,Josh Allen,QB,QB,2026,2,REG,2026_02_DET_BUF,BUF,DET,20,31,248,3,0,235,87,14,15.0488080361392,5.71868526084082,14,69,2,8,5.70216229438665,0,0,0,0,0,0,0,,0,0,0,1.05531914893617,
00-0034959,Andrew Beck,FB,RB,2026,2,REG,2026_02_GB_NYJ,NYJ,GB,0,0,0,0,0,0,0,0,,,0,0,0,0,,0,0,0,0,0,0,0,,0,0,0,,
00-0034960,Jakobi Meyers,WR,WR,2026,2,REG,2026_02_JAX_DEN,JAX,DEN,0,0,0,0,0,0,0,0,,,0,0,0,0,,1,1,28,0,21,7,1,3.13896105263848,0.0357142857142857,0.0695364238410596,0.10224692526017,,1.33333333333333
00-0034975,Justice Hill,RB,RB,2026,2,REG,2026_02_NO_BAL,BAL,NO,0,0,0,0,0,0,0,0,,,2,6,0,0,-0.227979526505806,2,2,12,0,-9,21,0,0.0354609988589099,0.0689655172413793,-0.0280373831775701,0.0838221076377699,,-1.33333333333333
00-0034981,Foster Moreau,TE,TE,2026,2,REG,2026_02_CIN_HOU,HOU,CIN,0,0,0,0,0,0,0,0,,,0,0,0,0,,2,2,34,0,14,20,2,2.48988876258954,0.04,0.0294736842105263,0.0806315789473684,,2.42857142857143
00-0035125,Alec Ingold,FB,RB,2026,2,REG,2026_02_LV_LAC,LAC,LV,0,0,0,0,0,0,0,0,,,0,0,0,0,,0,0,0,0,0,0,0,,0,0,0,,
00-0035208,Olamide Zaccheaus,WR,WR,2026,2,REG,2026_02_CAR_ATL,ATL,CAR,0,0,0,0,0,0,0,0,,,0,0,0,0,,1,3,3,0,7,1,0,-2.08436837508257,0.0967741935483871,0.0440251572327044,0.175978900385474,,0.428571428571429
00-0035229,T.J. Hockenson,TE,TE,2026,2,REG,2026_02_MIN_CHI,MIN,CHI,0,0,0,0,0,0,0,0,,,0,0,0,0,,3,4,29,0,32,8,2,3.27506100283397,0.210526315789474,0.203821656050955,0.458464632919879,,0.90625
00-0035249,Josh Oliver,TE,TE,2026,2,REG,2026_02_MIN_CHI,MIN,CHI,0,0,0,0,0,0,0,0,,,0,0,0,0,,1,1,24,0,5,19,1,1.60812324378639,0.0526315789473684,0.0318471337579618,0.101240362051626,,4.8
00-0035250,Devin Singletary,RB,RB,2026,2,REG,2026_02_NYG_LA,NYG,LA,0,0,0,0,0,0,0,0,,,3,9,0,0,-1.39255813683849,0,1,0,0,-1,0,0,-1.49806567421183,0.03125,-0.00293255131964809,0.0448222140762463,,0
00-0035261,Tony Pollard,RB,RB,2026,2,REG,2026_02_PHI_TEN,TEN,PHI,0,0,0,0,0,0,0,0,,,14,64,0,3,-0.170748664642074,1,1,1,0,-7,8,0,-0.749599168542773,0.0588235294117647,-0.05,0.0532352941176471,,-0.142857142857143
00-0035406,Lil'Jordan Humphrey,WR,WR,2026,2,REG,2026_02_JAX_DEN,DEN,JAX,0,0,0,0,0,0,0,0,,,0,0,0,0,,0,1,0,0,14,0,0,-0.361851957044564,0.0344827586206897,0.0522388059701493,0.088291302110139,,0
00-0035500,Greg Dortch,WR,WR,2026,2,REG,2026_02_DET_BUF,BUF,DET,0,0,0,0,0,0,0,0,,,0,0,0,0,,0,0,0,0,0,0,0,,0,0,0,,
00-0035544,Tom Kennedy,WR,WR,2026,2,REG,2026_02_DET_BUF,DET,BUF,0,0,0,0,0,0,0,0,,,0,0,0,0,,0,0,0,0,0,0,0,,0,0,0,,
00-0035594,Travis Homer,RB,RB,2026,2,REG,2026_02_PIT_NE,PIT,NE,0,0,0,0,0,0,0,0,,,2,16,0,1,0.923946629860438,0,0,0,0,0,0,0,,0,0,0,,
00-0035640,DK Metcalf,WR,WR,2026,2,REG,2026_02_PIT_NE,PIT,NE,0,0,0,0,0,0,0,0,,,0,0,0,0,,4,9,27,0,62,15,1,-3.18392978300108,0.243243243243243,0.288372093023256,0.566725329981144,,0.435483870967742
00-0035644,Noah Fant,TE,TE,2026,2,REG,2026_02_NO_BAL,NO,BAL,0,0,0,0,0,0,0,0,,,0,0,0,0,,0,0,0,0,0,0,0,,0,0,0,,
00-0035659,Terry McLaurin,WR,WR,2026,2,REG,2026_02_WAS_DAL,WAS,DAL,0,0,0,0,0,0,0,0,,,0,0,0,0,,2,9,50,0,154,24,2,1.89532411727123,0.264705882352941,0.428969359331476,0.697337375061445,,0.324675324675325
00-0035662,Marquise Brown,WR,WR,2026,2,REG,2026_02_PHI_TEN,PHI,TEN,0,0,0,0,0,0,0,0,,,2,12,0,0,0.100091207074001,0,0,0,0,0,0,0,,0,0,0,,
00-0035685,David Montgomery,RB,RB,2026,2,REG,2026_02_CIN_HOU,HOU,CIN,0,0,0,0,0,0,0,0,,,6,10,0,0,-6.39366524945945,2,2,14,0,9,5,0,0.430184500524774,0.04,0.0189473684210526,0.0732631578947368,,1.55555555555556
00-0035689,Dawson Knox,TE,TE,2026,2,REG,2026_02_DET_BUF,BUF,DET,0,0,0,0,0,0,0,0,,,0,0,0,0,,2,2,5,1,3,2,2,1.76901946787257,0.0714285714285714,0.0127659574468085,0.116079027355623,,1.66666666666667
00-0035704,Drew Lock,QB,QB,2026,2,REG,2026_02_SEA_ARI,SEA,ARI,19,26,235,3,0,227,108,12,16.0892754879684,8.66398329918201,0,0,0,0,,0,0,0,0,0,0,0,,0,0,0,1.0352422907489,
00-0035710,Daniel Jones,QB,QB,2026,2,REG,2026_02_IND_KC,IND,KC,22,31,210,1,1,162,106,12,5.88635097563383,3.94283811251322,3,10,0,1,0.052381890185643,0,0,0,0,0,0,0,,0,0,0,1.2962962962963,
00-0035719,Deebo Samuel Sr.,WR,WR,2026,2,REG,2026_02_MIA_SF,SF,MIA,0,0,0,0,0,0,0,0,,,1,4,0,0,-0.120405136607587,3,4,31,0,19,16,1,2.04018201329745,0.19047619047619,0.105555555555556,0.359603174603175,,1.63157894736842
00-0035891,Cody White,WR,WR,2026,2,REG,2026_02_LV_LAC,LV,LAC,0,0,0,0,0,0,0,0,,,0,0,0,0,,2,2,24,2,24,0,2,5.87482248456217,0.0689655172413793,0.0848056537102474,0.162812233459242,,1
00-0036040,Juwan Johnson,TE,TE,2026,2,REG,2026_02_NO_BAL,NO,BAL,0,0,0,0,0,0,0,0,,,0,0,0,0,,4,4,66,0,11,55,2,7.01426014734898,0.125,0.0516431924882629,0.223650234741784,,6
00-0036139,Rico Dowdle,RB,RB,2026,2,REG,2026_02_PIT_NE,PIT,NE,0,0,0,0,0,0,0,0,,,7,22,0,1,-2.36328254942782,2,2,22,0,2,20,2,1.36490103183314,0.0540540540540541,0.00930232558139535,0.0875927089880578,,11
00-0036158,J.K. Dobbins,RB,RB,2026,2,REG,2026_02_JAX_DEN,DEN,JAX,0,0,0,0,0,0,0,0,,,10,36,0,1,-3.24188372376834,0,0,0,0,0,0,0,,0,0,0,,
00-0036187,Reggie Gilliam,RB,RB,2026,2,REG,2026_02_PIT_NE,NE,PIT,0,0,0,0,0,0,0,0,,,0,0,0,0,,1,2,4,0,-1,4,0,-0.61818577023223,0.0952380952380952,-0.00510204081632653,0.139285714285714,,-4
00-0036223,Jonathan Taylor,RB,RB,2026,2,REG,2026_02_IND_KC,IND,KC,0,0,0,0,0,0,0,0,,,24,92,2,6,3.82668391929474,4,4,40,0,-1,41,3,2.52719888086265,0.133333333333333,-0.00617283950617284,0.195679012345679,,-40
00-0036244,Colby Parkinson,TE,TE,2026,2,REG,2026_02_NYG_LA,LA,NYG,0,0,0,0,0,0,0,0,,,0,0,0,0,,2,2,15,0,-3,18,1,1.41755132435355,0.0666666666666667,-0.00906344410876133,0.0936555891238671,,0
00-0036264,Jordan Love,QB,QB,2026,2,REG,2026_02_GB_NYJ,GB,NYJ,16,29,145,2,0,216,94,8,-3.16850428629777,-13.596061694211,0,0,0,0,,0,0,0,0,0,0,0,,0,0,0,0.671296296296296,
00-0036265,AJ Dillon,RB,RB,2026,2,REG,2026_02_CAR_ATL,CAR,ATL,0,0,0,0,0,0,0,0,,,3,-3,0,0,-3.10489704762585,0,0,0,0,0,0,0,,0,0,0,,
00-0036275,D'Andre Swift,RB,RB,2026,2,REG,2026_02_MIN_CHI,CHI,MIN,0,0,0,0,0,0,0,0,,,16,45,0,3,-8.87366569109145,5,5,54,0,-15,69,2,4.6145097570261,0.166666666666667,-0.0793650793650794,0.194444444444444,,-3.6
00-0036290,Cole Kmet,TE,TE,2026,2,REG,2026_02_MIN_CHI,CHI,MIN,0,0,0,0,0,0,0,0,,,0,0,0,0,,0,1,0,0,9,0,0,-1.19211084954441,0.0333333333333333,0.0476190476190476,0.0833333333333333,,0
00-0036309,Darnell Mooney,WR,WR,2026,2,REG,2026_02_NYG_LA,NYG,LA,0,0,0,0,0,0,0,0,,,0,0,0,0,,2,3,48,0,35,18,2,3.51064061163925,0.09375,0.102639296187683,0.212472507331378,,1.37142857142857
00-0036322,Justin Jefferson,WR,WR,2026,2,REG,2026_02_MIN_CHI,MIN,CHI,0,0,0,0,0,0,0,0,,,0,0,0,0,,3,6,55,0,91,10,2,1.49381303131683,0.315789473684211,0.579617834394905,0.879416694602749,,0.604395604395604
00-0036331,Devin Duvernay,WR,WR,2026,2,REG,2026_02_SEA_ARI,ARI,SEA,0,0,0,0,0,0,0,0,,,0,0,0,0,,0,0,0,0,0,0,0,,0,0,0,,
00-0036355,Justin Herbert,QB,QB,2026,2,REG,2026_02_LV_LAC,LAC,LV,15,27,192,1,2,269,104,8,-0.563133629146047,-6.27663032366679,3,2,0,0,-4.11116544494871,0,0,0,0,0,0,0,,0,0,0,0.713754646840149,
00-0036358,CeeDee Lamb,WR,WR,2026,2,REG,2026_02_WAS_DAL,DAL,WAS,0,0,0,0,0,0,0,0,,,0,0,0,0,,8,9,153,2,136,28,7,11.3683332446318,0.290322580645161,0.557377049180328,0.825647805393971,,1.125
00-0036389,Jalen Hurts,QB,QB,2026,2,REG,2026_02_PHI_TEN,PHI,TEN,26,37,264,2,2,292,62,16,8.76701317328149,15.9417549476904,5,16,0,2,-0.0865605510189198,0,0,0,0,0,0,0,,0,0,0,0.904109589041096,
00-0036407,Jerry Jeudy,WR,WR,2026,2,REG,2026_02_CLE_TB,CLE,TB,0,0,0,0,0,0,0,0,,,0,0,0,0,,0,1,0,0,10,0,0,-0.893932536710054,0.0333333333333333,0.0925925925925926,0.114814814814815,,0
00-0036410,Tee Higgins,WR,WR,2026,2,REG,2026_02_CIN_HOU,CIN,HOU,0,0,0,0,0,0,0,0,,,0,0,0,0,,5,10,95,0,93,33,5,5.46393185236242,0.32258064516129,0.53757225433526,0.860171545776618,,1.02150537634409
00-0036425,DeeJay Dallas,RB,RB,2026,2,REG,2026_02_MIN_CHI,MIN,CHI,0,0,0,0,0,0,0,0,,,2,8,0,0,0.0219555054791272,1,1,12,0,-4,16,0,0.364559409441426,0.0526315789473684,-0.0254777070063694,0.061112973516594,,-3
00-0036429,Charlie Woerner,TE,TE,2026,2,REG,2026_02_CAR_ATL,ATL,CAR,0,0,0,0,0,0,0,0,,,0,0,0,0,,0,1,0,0,1,0,0,-0.551501363748685,0.032258064516129,0.00628930817610063,0.052789612497464,,0
00-0036442,Joe Burrow,QB,QB,2026,2,REG,2026_02_CIN_HOU,CIN,HOU,20,31,207,2,0,173,75,9,-0.547725591643175,-6.50844410542519,1,-1,0,0,0,0,0,0,0,0,0,0,,0,0,0,1.19653179190751,
00-0036463,Chris Blair,WR,WR,2026,2,REG,2026_02_CAR_ATL,ATL,CAR,0,0,0,0,0,0,0,0,,,0,0,0,0,,1,3,6,0,24,1,0,-1.80463285231963,0.0967741935483871,0.150943396226415,0.250821667681071,,0.25
00-0036550,Rashod Bateman,WR,WR,2026,2,REG,2026_02_NO_BAL,BAL,NO,0,0,0,0,0,0,0,0,,,0,0,0,0,,7,9,88,1,125,2,3,5.57205615914427,0.310344827586207,0.389408099688474,0.738102911161242,,0.704
00-0036555,Chuba Hubbard,RB,RB,2026,2,REG,2026_02_CAR_ATL,CAR,ATL,0,0,0,0,0,0,0,0,,,12,53,0,4,0.169136296957731,2,2,11,1,-4,15,1,4.63368985662237,0.0625,-0.0128617363344051,0.0847467845659164,,-2.75
00-0036590,Quintin Morris,TE,TE,2026,2,REG,2026_02_JAX_DEN,JAX,DEN,0,0,0,0,0,0,0,0,,,0,0,0,0,,1,1,7,0,3,4,0,0.513706741232594,0.0357142857142857,0.00993377483443709,0.0605250709555345,,2.33333333333333
00-0036613,Jaylen Waddle,WR,WR,2026,2,REG,2026_02_JAX_DEN,DEN,JAX,0,0,0,0,0,0,0,0,,,0,0,0,0,,8,10,138,0,153,35,6,8.74865595909068,0.344827586206897,0.57089552238806,0.916868244981987,,0.901960784313725
00-0036626,Dyami Brown,WR,WR,2026,2,REG,2026_02_WAS_DAL,WAS,DAL,1,1,0,0,0,-6,6,0,-0.464697045225403,11.77077293396,0,0,0,0,,4,6,21,0,48,3,2,-5.6215166420443,0.176470588235294,0.133704735376045,0.358299197116172,0,0.4375
00-0036637,Noah Gray,TE,TE,2026,2,REG,2026_02_IND_KC,KC,IND,0,0,0,0,0,0,0,0,,,0,0,0,0,,0,1,0,0,11,0,0,-0.818287746049464,0.0232558139534884,0.0419847328244275,0.0642730339073318,,0
00-0036727,Adam Prentice,FB,RB,2026,2,REG,2026_02_JAX_DEN,DEN,JAX,0,0,0,0,0,0,0,0,,,0,0,0,0,,1,1,2,0,2,0,0,-0.291516063734889,0.0344827586206897,0.00746268656716418,0.0569480185280494,,1
00-0036754,Brock Wright,TE,TE,2026,2,REG,2026_02_DET_BUF,DET,BUF,0,0,0,0,0,0,0,0,,,0,0,0,0,,0,0,0,0,0,0,0,,0,0,0,,
00-0036825,Feleipe Franks,TE,TE,2026,2,REG,2026_02_CAR_ATL,CAR,ATL,0,0,0,0,0,0,0,0,,,0,0,0,0,,0,0,0,0,0,0,0,,0,0,0,,
00-0036849,Tutu Atwell,WR,WR,2026,2,REG,2026_02_NYG_LA,LA,NYG,0,0,0,0,0,0,0,0,,,0,0,0,0,,1,2,19,0,58,0,1,1.31840372132137,0.0666666666666667,0.175226586102719,0.222658610271903,,0.327586206896552
00-0036862,Ben Skowronek,WR,WR,2026,2,REG,2026_02_PIT_NE,PIT,NE,0,0,0,0,0,0,0,0,,,0,0,0,0,,1,1,2,0,1,1,0,-0.468048979295418,0.027027027027027,0.00465116279069768,0.0437963544940289,,2
00-0036875,Rhamondre Stevenson,RB,RB,2026,2,REG,2026_02_PIT_NE,NE,PIT,0,0,0,0,0,0,0,0,,,6,43,0,3,1.8175322865136,1,2,3,0,3,5,0,-4.94787088979501,0.0952380952380952,0.0153061224489796,0.153571428571429,,1
00-0036887,Luke Farrell,TE,TE,2026,2,REG,2026_02_MIA_SF,SF,MIA,0,0,0,0,0,0,0,0,,,0,0,0,0,,0,0,0,0,0,0,0,,0,0,0,,
00-0036893,Najee Harris,RB,RB,2026,2,REG,2026_02_NYG_LA,NYG,LA,0,0,0,0,0,0,0,0,,,4,6,0,0,-2.74711455798499,0,0,0,0,0,0,0,,0,0,0,,
00-0036894,Pat Freiermuth,TE,TE,2026,2,REG,2026_02_PIT_NE,PIT,NE,0,0,0,0,0,0,0,0,,,1,2,0,1,2.12668753904291,4,5,32,0,47,14,1,-0.330227559141349,0.135135135135135,0.218604651162791,0.355725958516656,,0.680851063829787
00-0036900,Ja'Marr Chase,WR,WR,2026,2,REG,2026_02_CIN_HOU,CIN,HOU,0,0,0,0,0,0,0,0,,,0,0,0,0,,7,9,75,2,81,15,3,3.89433384983568,0.290322580645161,0.468208092485549,0.763229535707627,,0.925925925925926
00-0036912,DeVonta Smith,WR,WR,2026,2,REG,2026_02_PHI_TEN,PHI,TEN,0,0,0,0,0,0,0,0,,,0,0,0,0,,10,13,117,1,188,7,7,1.2649134840467,0.382352941176471,0.643835616438356,1.02421434327156,,0.622340425531915
00-0036919,Kenny Gainwell,RB,RB,2026,2,REG,2026_02_CLE_TB,TB,CLE,0,0,0,0,0,0,0,0,,,2,10,0,2,1.15030691787251,3,4,5,0,-15,25,0,-2.70143725089038,0.121212121212121,-0.0356294536817102,0.156877564240985,,-0.333333333333333
00-0036963,Amon-Ra St. Brown,WR,WR,2026,2,REG,2026_02_DET_BUF,DET,BUF,0,0,0,0,0,0,0,0,,,0,0,0,0,,9,13,142,2,148,43,7,10.7018913011416,0.342105263157895,0.439169139465875,0.820576292362955,,0.959459459459459
00-0036970,Kyle Pitts,TE,TE,2026,2,REG,2026_02_CAR_ATL,ATL,CAR,0,0,0,0,0,0,0,0,,,0,0,0,0,,1,3,15,0,26,4,1,-8.31052091124002,0.0967741935483871,0.163522012578616,0.259626699127612,,0.576923076923077
00-0036971,Trevor Lawrence,QB,QB,2026,2,REG,2026_02_JAX_DEN,JAX,DEN,17,29,189,0,1,302,36,8,-4.11505365912874,0.915374340755599,2,6,0,1,0.387543015007395,0,0,0,0,0,0,0,,0,0,0,0.625827814569536,
00-0036972,Mac Jones,QB,QB,2026,2,REG,2026_02_MIA_SF,SF,MIA,0,0,0,0,0,0,0,0,,,2,-2,0,0,0,0,0,0,0,0,0,0,,0,0,0,,
00-0036973,Travis Etienne,RB,RB,2026,2,REG,2026_02_NO_BAL,NO,BAL,0,0,0,0,0,0,0,0,,,8,25,0,1,0.380867370797321,2,2,6,0,-7,13,0,-0.447876913589425,0.0625,-0.0328638497652582,0.0707453051643193,,-0.857142857142857
00-0036988,Josh Palmer,WR,WR,2026,2,REG,2026_02_DET_BUF,BUF,DET,0,0,0,0,0,0,0,0,,,0,0,0,0,,1,3,43,1,39,10,1,4.82008575508371,0.107142857142857,0.165957446808511,0.276884498480243,,1.1025641025641
00-0036997,Javonte Williams,RB,RB,2026,2,REG,2026_02_WAS_DAL,DAL,WAS,0,0,0,0,0,0,0,0,,,12,30,0,0,-3.74253865104402,3,4,20,0,-12,28,0,0.243172286194749,0.129032258064516,-0.0491803278688525,0.159122157588577,,-1.66666666666667
00-0037004,Hunter Long,TE,TE,2026,2,REG,2026_02_SEA_ARI,ARI,SEA,0,0,0,0,0,0,0,0,,,0,0,0,0,,0,0,0,0,0,0,0,,0,0,0,,
00-0037005,Tommy Tremble,TE,TE,2026,2,REG,2026_02_CAR_ATL,CAR,ATL,0,0,0,0,0,0,0,0,,,0,0,0,0,,1,2,4,0,19,4,0,-0.883956002246123,0.0625,0.0610932475884244,0.136515273311897,,0.210526315789474
00-0037085,Tyler Badie,RB,RB,2026,2,REG,2026_02_JAX_DEN,DEN,JAX,0,0,0,0,0,0,0,0,,,1,1,0,0,-0.56060580292251,2,3,28,0,-9,32,1,0.0223814398632385,0.103448275862069,-0.0335820895522388,0.131664951106536,,-3.11111111111111
00-0037091,Bo Melton,WR,WR,2026,2,REG,2026_02_GB_NYJ,GB,NYJ,0,0,0,0,0,0,0,0,,,0,0,0,0,,0,1,0,0,8,0,0,-0.592051459942013,0.0344827586206897,0.037037037037037,0.0776500638569604,,0
00-0037093,Dareke Young,WR,WR,2026,2,REG,2026_02_LV_LAC,LV,LAC,0,0,0,0,0,0,0,0,,,0,0,0,0,,1,1,27,0,13,14,1,1.78471834259108,0.0344827586206897,0.0459363957597173,0.0838796149628366,,2.07692307692308
00-0037132,Britain Covey,WR,WR,2026,2,REG,2026_02_PHI_TEN,PHI,TEN,0,0,0,0,0,0,0,0,,,0,0,0,0,,0,0,0,0,0,0,0,,0,0,0,,
00-0037157,Bam Knight,RB,RB,2026,2,REG,2026_02_SEA_ARI,ARI,SEA,0,0,0,0,0,0,0,0,,,2,24,0,1,-1.12571102147922,0,0,0,0,0,0,0,,0,0,0,,
00-0037228,Jaylen Warren,RB,RB,2026,2,REG,2026_02_PIT_NE,PIT,NE,0,0,0,0,0,0,0,0,,,11,43,0,1,-2.23265914415242,2,4,34,0,-11,39,1,-0.0250917259424885,0.108108108108108,-0.0511627906976744,0.12634820867379,,-3.09090909090909
00-0037231,Kevin Austin Jr.,WR,WR,2026,2,REG,2026_02_NO_BAL,NO,BAL,0,0,0,0,0,0,0,0,,,0,0,0,0,,1,1,7,0,6,1,0,0.38609720725799,0.03125,0.028169014084507,0.0665933098591549,,1.16666666666667
00-0037238,Drake London,WR,WR,2026,2,REG,2026_02_CAR_ATL,ATL,CAR,0,0,0,0,0,0,0,0,,,1,-2,0,0,-4.0876256324118,4,5,51,0,23,33,4,3.30427900882205,0.161290322580645,0.144654088050314,0.343193345506188,,2.21739130434783
00-0037239,Chris Olave,WR,WR,2026,2,REG,2026_02_NO_BAL,NO,BAL,0,0,0,0,0,0,0,0,,,0,0,0,0,,8,10,86,1,104,18,6,6.47423115190922,0.3125,0.488262910798122,0.810534037558685,,0.826923076923077
00-0037240,Jameson Williams,WR,WR,2026,2,REG,2026_02_DET_BUF,DET,BUF,0,0,0,0,0,0,0,0,,,0,0,0,0,,2,4,33,0,50,1,2,1.49683080165414,0.105263157894737,0.148367952522255,0.261752303607684,,0.66
00-0037247,George Pickens,WR,WR,2026,2,REG,2026_02_WAS_DAL,DAL,WAS,0,0,0,0,0,0,0,0,,,0,0,0,0,,6,8,40,0,83,2,4,0.481996901237861,0.258064516129032,0.34016393442623,0.625211528291909,,0.481927710843373
00-0037248,James Cook,RB,RB,2026,2,REG,2026_02_DET_BUF,BUF,DET,0,0,0,0,0,0,0,0,,,21,135,1,7,5.04298063798342,1,3,4,0,1,2,0,-1.15964489540784,0.107142857142857,0.00425531914893617,0.163693009118541,,4
00-0037252,Greg Dulcich,TE,TE,2026,2,REG,2026_02_MIA_SF,MIA,SF,0,0,0,0,0,0,0,0,,,0,0,0,0,,2,3,17,0,10,15,1,0.153479987115134,0.130434782608696,0.0591715976331361,0.237072292256239,,1.7
00-0037256,Rachaad White,RB,RB,2026,2,REG,2026_02_WAS_DAL,WAS,DAL,0,0,0,0,0,0,0,0,,,7,43,0,4,3.56587216540356,6,6,40,0,8,32,1,0.926539305268561,0.176470588235294,0.0222841225626741,0.280304768146813,,5
00-0037261,Khalil Shakir,WR,WR,2026,2,REG,2026_02_DET_BUF,BUF,DET,0,0,0,0,0,0,0,0,,,0,0,0,0,,3,6,38,0,73,19,2,0.549903965438716,0.214285714285714,0.31063829787234,0.53887537993921,,0.520547945205479
00-0037263,Tyler Allgeier,RB,RB,2026,2,REG,2026_02_SEA_ARI,ARI,SEA,0,0,0,0,0,0,0,0,,,5,10,0,2,-2.78317370824516,2,2,9,0,-3,12,0,-0.406009509111755,0.0769230769230769,-0.0275229357798165,0.0961185603387438,,-3
00-0037291,Jalen Nailor,WR,WR,2026,2,REG,2026_02_LV_LAC,LV,LAC,0,0,0,0,0,0,0,0,,,0,0,0,0,,1,3,9,0,27,3,1,0.626363877439871,0.103448275862069,0.0954063604240283,0.221956866089923,,0.333333333333333
00-0037292,Andrew Ogletree,TE,TE,2026,2,REG,2026_02_IND_KC,IND,KC,0,0,0,0,0,0,0,0,,,0,0,0,0,,0,1,0,0,4,0,0,-0.557626492343843,0.0333333333333333,0.0246913580246914,0.067283950617284,,0
00-0037304,Connor Heyward,FB,RB,2026,2,REG,2026_02_LV_LAC,LV,LAC,0,0,0,0,0,0,0,0,,,1,1,0,1,2.22324372036383,0,0,0,0,0,0,0,,0,0,0,,
00-0037524,Tay Martin,WR,WR,2026,2,REG,2026_02_DET_BUF,DET,BUF,0,0,0,0,0,0,0,0,,,0,0,0,0,,0,0,0,0,0,0,0,,0,0,0,,
00-0037545,Rashid Shaheed,WR,WR,2026,2,REG,2026_02_SEA_ARI,SEA,ARI,0,0,0,0,0,0,0,0,,,1,4,0,0,-0.402099287020974,3,6,35,0,67,25,1,-1.55927495785667,0.230769230769231,0.295154185022026,0.552761775669265,,0.522388059701493
00-0037594,Julius Chestnut,RB,RB,2026,2,REG,2026_02_PHI_TEN,TEN,PHI,0,0,0,0,0,0,0,0,,,0,0,0,0,,0,0,0,0,0,0,0,,0,0,0,,
00-0037614,John Metchie III,WR,WR,2026,2,REG,2026_02_CAR_ATL,CAR,ATL,0,0,0,0,0,0,0,0,,,0,0,0,0,,0,0,0,0,0,0,0,,0,0,0,,
00-0037664,Alec Pierce,WR,WR,2026,2,REG,2026_02_IND_KC,IND,KC,0,0,0,0,0,0,0,0,,,0,0,0,0,,1,1,11,0,10,1,1,0.670511801494286,0.0333333333333333,0.0617283950617284,0.0932098765432099,,1.1
00-0037740,Garrett Wilson,WR,WR,2026,2,REG,2026_02_GB_NYJ,NYJ,GB,0,0,0,0,0,0,0,0,,,0,0,0,0,,5,7,57,1,75,3,4,2.66148250183323,0.194444444444444,0.298804780876494,0.500830013280213,,0.76
00-0037741,Jahan Dotson,WR,WR,2026,2,REG,2026_02_CAR_ATL,ATL,CAR,0,0,0,0,0,0,0,0,,,0,0,0,0,,2,4,11,0,48,7,1,-5.99570282443892,0.129032258064516,0.30188679245283,0.404869141813755,,0.229166666666667
00-0037742,Treylon Burks,WR,WR,2026,2,REG,2026_02_WAS_DAL,WAS,DAL,0,0,0,0,0,0,0,0,,,0,0,0,0,,0,1,0,0,56,0,0,-0.646116067306139,0.0294117647058824,0.155988857938719,0.153309847615927,,0
00-0037744,Trey McBride,TE,TE,2026,2,REG,2026_02_SEA_ARI,ARI,SEA,0,0,0,0,0,0,0,0,,,0,0,0,0,,8,10,41,1,36,15,3,5.13086431106785,0.384615384615385,0.330275229357798,0.808115737473536,,1.13888888888889
00-0037746,Brian Robinson,RB,RB,2026,2,REG,2026_02_CAR_ATL,ATL,CAR,0,0,0,0,0,0,0,0,,,11,51,0,2,0.810908317565918,2,2,16,0,0,16,1,1.2034323135158,0.0645161290322581,0,0.0967741935483871,,0
00-0037801,KaVontae Turpin,WR,WR,2026,2,REG,2026_02_WAS_DAL,DAL,WAS,0,0,0,0,0,0,0,0,,,1,1,0,0,-0.480386554030702,0,0,0,0,0,0,0,,0,0,0,,
00-0037805,Jeremy Ruckert,TE,TE,2026,2,REG,2026_02_GB_NYJ,NYJ,GB,0,0,0,0,0,0,0,0,,,0,0,0,0,,2,2,5,0,-10,15,0,-0.868503438774496,0.0555555555555556,-0.0398406374501992,0.0554448871181939,,0
00-0037816,Romeo Doubs,WR,WR,2026,2,REG,2026_02_PIT_NE,NE,PIT,0,0,0,0,0,0,0,0,,,0,0,0,0,,3,4,96,0,76,26,2,5.55759400641546,0.19047619047619,0.387755102040816,0.557142857142857,,1.26315789473684
00-0037834,Brock Purdy,QB,QB,2026,2,REG,2026_02_MIA_SF,SF,MIA,20,22,287,2,0,180,110,16,23.3304135263315,29.0404030254909,3,30,1,3,3.11681103758747,0,0,0,0,0,0,0,,0,0,0,1.59444444444444,
00-0037838,Isaiah Likely,TE,TE,2026,2,REG,2026_02_NYG_LA,NYG,LA,0,0,0,0,0,0,0,0,,,0,0,0,0,,5,10,33,0,48,4,3,-0.378315518144518,0.3125,0.140762463343109,0.567283724340176,,0.6875
00-0037840,Kyren Williams,RB,RB,2026,2,REG,2026_02_NYG_LA,LA,NYG,0,0,0,0,0,0,0,0,,,12,85,0,3,-3.91388814948732,2,2,12,1,5,7,1,2.34797885152511,0.0666666666666667,0.0151057401812689,0.110574018126888,,2.4
00-0038041,Jake Ferguson,TE,TE,2026,2,REG,2026_02_WAS_DAL,DAL,WAS,0,0,0,0,0,0,0,0,,,0,0,0,0,,4,4,43,2,29,14,3,6.47267655603355,0.129032258064516,0.118852459016393,0.27674510840825,,1.48275862068966
00-0038046,Charlie Kolar,TE,TE,2026,2,REG,2026_02_LV_LAC,LAC,LV,0,0,0,0,0,0,0,0,,,0,0,0,0,,3,3,21,0,11,10,1,1.26244820444845,0.115384615384615,0.0408921933085502,0.201701458392908,,1.90909090909091
00-0038090,Skyy Moore,WR,WR,2026,2,REG,2026_02_GB_NYJ,GB,NYJ,0,0,0,0,0,0,0,0,,,0,0,0,0,,2,3,6,0,43,6,0,-1.45394554338418,0.103448275862069,0.199074074074074,0.294524265644955,,0.13953488372093
00-0038102,Kenny Pickett,QB,QB,2026,2,REG,2026_02_CAR_ATL,CAR,ATL,0,0,0,0,0,0,0,0,,,1,-4,0,0,-2.38200149277691,0,0,0,0,0,0,0,,0,0,0,,
00-0038104,Tyquan Thornton,WR,WR,2026,2,REG,2026_02_IND_KC,KC,IND,0,0,0,0,0,0,0,0,,,0,0,0,0,,4,4,86,0,85,1,2,8.17121685793973,0.0930232558139535,0.324427480916031,0.366634120362152,,1.01176470588235
00-0038115,Daniel Bellinger,TE,TE,2026,2,REG,2026_02_PHI_TEN,TEN,PHI,0,0,0,0,0,0,0,0,,,0,0,0,0,,0,1,0,0,4,0,0,-0.621908008586615,0.0588235294117647,0.0285714285714286,0.108235294117647,,0
00-0038117,Wan'Dale Robinson,WR,WR,2026,2,REG,2026_02_PHI_TEN,TEN,PHI,0,0,0,0,0,0,0,0,,,0,0,0,0,,1,1,9,0,6,3,1,1.62332643289119,0.0588235294117647,0.0428571428571429,0.118235294117647,,1.5
00-0038120,Breece Hall,RB,RB,2026,2,REG,2026_02_GB_NYJ,NYJ,GB,0,0,0,0,0,0,0,0,,,16,29,0,2,-7.02309399802471,5,5,63,0,-1,64,2,5.07217273052083,0.138888888888889,-0.00398406374501992,0.205544488711819,,-63
00-0038124,Christian Watson,WR,WR,2026,2,REG,2026_02_GB_NYJ,GB,NYJ,0,0,0,0,0,0,0,0,,,0,0,0,0,,4,11,41,1,86,6,2,-3.75424749107495,0.379310344827586,0.398148148148148,0.847669220945083,,0.476744186046512
00-0038128,Malik Willis,QB,QB,2026,2,REG,2026_02_MIA_SF,MIA,SF,14,23,197,1,0,169,105,8,4.45391675174808,-8.61711048561594,2,6,0,1,1.82602884806693,0,0,0,0,0,0,0,,0,0,0,1.16568047337278,
00-0038129,Cade Otton,TE,TE,2026,2,REG,2026_02_CLE_TB,TB,CLE,0,0,0,0,0,0,0,0,,,0,0,0,0,,5,6,38,0,45,15,1,-1.45477002655081,0.181818181818182,0.106888361045131,0.347549125458864,,0.844444444444445
00-0038134,Kenneth Walker III,RB,RB,2026,2,REG,2026_02_IND_KC,KC,IND,0,0,0,0,0,0,0,0,,,24,117,0,7,0.82592641666814,6,10,61,0,13,54,2,-0.491874216710828,0.232558139534884,0.049618320610687,0.383570033729807,,4.69230769230769
00-0038359,Xavier Smith,WR,WR,2026,2,REG,2026_02_NYG_LA,LA,NYG,0,0,0,0,0,0,0,0,,,0,0,0,0,,0,1,0,0,0,0,0,-0.781027704360895,0.0333333333333333,0,0.05,,
00-0038393,Dontayvion Wicks,WR,WR,2026,2,REG,2026_02_PHI_TEN,PHI,TEN,0,0,0,0,0,0,0,0,,,0,0,0,0,,5,6,74,0,69,8,5,11.0542262168019,0.176470588235294,0.236301369863014,0.430116841257051,,1.07246376811594
00-0038416,Tyson Bagent,QB,QB,2026,2,REG,2026_02_MIN_CHI,CHI,MIN,5,9,54,0,0,71,10,2,-2.84436900234695,8.03351998329163,0,0,0,0,,0,0,0,0,0,0,0,,0,0,0,0.76056338028169,
00-0038454,Keaton Mitchell,RB,RB,2026,2,REG,2026_02_LV_LAC,LAC,LV,0,0,0,0,0,0,0,0,,,5,24,0,1,-0.822222036018502,1,1,15,0,3,12,0,1.2378554593306,0.0384615384615385,0.0111524163568773,0.0654989991421218,,5
00-0038519,Nikko Remigio,WR,WR,2026,2,REG,2026_02_IND_KC,KC,IND,0,0,0,0,0,0,0,0,,,0,0,0,0,,0,0,0,0,0,0,0,,0,0,0,,
00-0038542,Bijan Robinson,RB,RB,2026,2,REG,2026_02_CAR_ATL,ATL,CAR,0,0,0,0,0,0,0,0,,,16,72,0,2,-1.88170575961703,3,4,9,0,12,8,0,-4.50992916384712,0.129032258064516,0.0754716981132076,0.246378575776019,,0.75
00-0038543,Jaxon Smith-Njigba,WR,WR,2026,2,REG,2026_02_SEA_ARI,SEA,ARI,0,0,0,0,0,0,0,0,,,0,0,0,0,,9,11,155,3,121,52,8,17.8788050301082,0.423076923076923,0.533039647577093,1.00774313791935,,1.28099173553719
00-0038544,Quentin Johnston,WR,WR,2026,2,REG,2026_02_LV_LAC,LAC,LV,0,0,0,0,0,0,0,0,,,1,7,0,0,0.318128297105432,1,5,7,0,64,11,1,-2.35988854721654,0.192307692307692,0.237918215613383,0.455004289390907,,0.109375
00-0038555,Tank Bigsby,RB,RB,2026,2,REG,2026_02_PHI_TEN,PHI,TEN,0,0,0,0,0,0,0,0,,,13,33,1,2,-1.73392797156703,2,2,5,0,-8,13,0,-0.769827450858429,0.0588235294117647,-0.0273972602739726,0.0690572119258662,,-0.625
00-0038558,Darnell Washington,TE,TE,2026,2,REG,2026_02_PIT_NE,PIT,NE,0,0,0,0,0,0,0,0,,,0,0,0,0,,1,2,7,0,4,7,0,-0.0686917069251649,0.0540540540540541,0.0186046511627907,0.0941043368950346,,1.75
00-0038559,Michael Wilson,WR,WR,2026,2,REG,2026_02_SEA_ARI,ARI,SEA,0,0,0,0,0,0,0,0,,,0,0,0,0,,2,7,18,0,50,11,1,-4.99126032431377,0.269230769230769,0.458715596330275,0.724947071277347,,0.36
00-0038563,Tre Tucker,WR,WR,2026,2,REG,2026_02_LV_LAC,LV,LAC,0,0,0,0,0,0,0,0,,,0,0,0,0,,5,7,119,1,143,2,4,3.36599905689945,0.241379310344828,0.505300353356891,0.715779212867065,,0.832167832167832
00-0038564,Cameron Latu,TE,TE,2026,2,REG,2026_02_PIT_NE,NE,PIT,0,0,0,0,0,0,0,0,,,0,0,0,0,,0,0,0,0,0,0,0,,0,0,0,,
00-0038573,Derius Davis,WR,WR,2026,2,REG,2026_02_LV_LAC,LAC,LV,0,0,0,0,0,0,0,0,,,0,0,0,0,,0,1,0,0,14,0,0,-3.34750582359266,0.0384615384615385,0.0520446096654275,0.0941235344581069,,0
00-0038597,Chase Brown,RB,RB,2026,2,REG,2026_02_CIN_HOU,CIN,HOU,0,0,0,0,0,0,0,0,,,20,80,0,3,-3.86972758889897,3,5,2,0,-15,11,0,-4.13806181307882,0.161290322580645,-0.0867052023121387,0.181241842252471,,-0.133333333333333
00-0038606,Parker Washington,WR,WR,2026,2,REG,2026_02_JAX_DEN,JAX,DEN,0,0,0,0,0,0,0,0,,,0,0,0,0,,7,12,98,0,177,5,3,-0.374510088133583,0.428571428571429,0.586092715231788,1.05312204351939,,0.553672316384181
00-0038608,Kayshon Boutte,WR,WR,2026,2,REG,2026_02_CIN_HOU,HOU,CIN,0,0,0,0,0,0,0,0,,,0,0,0,0,,3,5,37,0,66,2,1,0.435483615263365,0.1,0.138947368421053,0.247263157894737,,0.560606060606061
00-0038611,Chris Rodriguez Jr.,RB,RB,2026,2,REG,2026_02_JAX_DEN,JAX,DEN,0,0,0,0,0,0,0,0,,,6,13,0,2,-0.649777775222901,0,0,0,0,0,0,0,,0,0,0,,
00-0038618,Xavier Hutchinson,WR,WR,2026,2,REG,2026_02_CIN_HOU,HOU,CIN,0,0,0,0,0,0,0,0,,,0,0,0,0,,3,9,37,0,112,12,2,-2.01701084233355,0.18,0.235789473684211,0.435052631578947,,0.330357142857143
00-0038619,Andrei Iosivas,WR,WR,2026,2,REG,2026_02_CIN_HOU,CIN,HOU,0,0,0,0,0,0,0,0,,,0,0,0,0,,1,1,7,0,6,1,0,-0.314184204386307,0.032258064516129,0.0346820809248555,0.0726645534215924,,1.16666666666667
00-0038621,DeMario Douglas,WR,WR,2026,2,REG,2026_02_PIT_NE,NE,PIT,0,0,0,0,0,0,0,0,,,0,0,0,0,,1,2,9,0,0,4,0,-0.1713877026923,0.0952380952380952,0,0.142857142857143,,0
00-0038640,Jalen Brooks,WR,WR,2026,2,REG,2026_02_SEA_ARI,ARI,SEA,0,0,0,0,0,0,0,0,,,0,0,0,0,,0,0,0,0,0,0,0,,0,0,0,,
00-0038643,Brayden Willis,TE,TE,2026,2,REG,2026_02_MIA_SF,SF,MIA,0,0,0,0,0,0,0,0,,,0,0,0,0,,0,0,0,0,0,0,0,,0,0,0,,
00-0038685,Chris Brooks,RB,RB,2026,2,REG,2026_02_GB_NYJ,GB,NYJ,0,0,0,0,0,0,0,0,,,4,11,0,0,-1.03291736432584,1,2,15,0,-2,19,1,1.75607763358857,0.0689655172413793,-0.00925925925925926,0.0969667943805875,,-7.5
00-0038705,Emari Demercado,RB,RB,2026,2,REG,2026_02_WAS_DAL,DAL,WAS,0,0,0,0,0,0,0,0,,,3,8,0,0,-0.826654769887682,0,0,0,0,0,0,0,,0,0,0,,
00-0038710,Blake Whiteheart,TE,TE,2026,2,REG,2026_02_CLE_TB,CLE,TB,0,0,0,0,0,0,0,0,,,0,0,0,0,,1,2,17,1,6,14,1,2.51437441539019,0.0666666666666667,0.0555555555555556,0.138888888888889,,2.83333333333333
00-0038728,Jared Wayne,WR,WR,2026,2,REG,2026_02_CIN_HOU,HOU,CIN,0,0,0,0,0,0,0,0,,,0,0,0,0,,2,7,33,0,104,17,2,-4.47017207433237,0.14,0.218947368421053,0.363263157894737,,0.317307692307692
00-0038738,Hunter Luepke,RB,RB,2026,2,REG,2026_02_WAS_DAL,DAL,WAS,0,0,0,0,0,0,0,0,,,1,1,0,1,0.293010244495235,0,0,0,0,0,0,0,,0,0,0,,
00-0038783,Nate Adkins,TE,TE,2026,2,REG,2026_02_JAX_DEN,DEN,JAX,0,0,0,0,0,0,0,0,,,1,6,0,0,0.32031120127067,3,3,32,1,24,8,3,3.71368009847356,0.103448275862069,0.0895522388059701,0.217858980957283,,1.33333333333333
00-0038794,Jaleel McLaughlin,RB,RB,2026,2,REG,2026_02_CLE_TB,CLE,TB,0,0,0,0,0,0,0,0,,,1,3,0,0,-0.121203893329948,0,1,0,0,1,0,0,-0.412490890477784,0.0333333333333333,0.00925925925925926,0.0564814814814815,,0
00-0038797,Emanuel Wilson,RB,RB,2026,2,REG,2026_02_SEA_ARI,SEA,ARI,0,0,0,0,0,0,0,0,,,21,92,0,6,-3.89694649027661,0,1,0,0,1,0,0,-0.474854191590566,0.0384615384615385,0.00440528634361234,0.0607760081328363,,0
00-0038824,Ryan Miller,WR,WR,2026,2,REG,2026_02_MIA_SF,MIA,SF,0,0,0,0,0,0,0,0,,,0,0,0,0,,1,1,77,1,41,36,1,7.01091622002423,0.0434782608695652,0.242603550295858,0.235039876511448,,1.8780487804878
00-0038840,Brycen Tremayne,WR,WR,2026,2,REG,2026_02_CAR_ATL,CAR,ATL,0,0,0,0,0,0,0,0,,,0,0,0,0,,0,0,0,0,0,0,0,,0,0,0,,
00-0038896,Jacob Saylors,RB,RB,2026,2,REG,2026_02_DET_BUF,DET,BUF,0,0,0,0,0,0,0,0,,,0,0,0,0,,0,0,0,0,0,0,0,,0,0,0,,
00-0038933,Dalton Kincaid,TE,TE,2026,2,REG,2026_02_DET_BUF,BUF,DET,0,0,0,0,0,0,0,0,,,0,0,0,0,,7,8,95,1,84,39,5,7.19145823072176,0.285714285714286,0.357446808510638,0.678784194528875,,1.13095238095238
00-0038935,Brenton Strange,TE,TE,2026,2,REG,2026_02_JAX_DEN,JAX,DEN,0,0,0,0,0,0,0,0,,,0,0,0,0,,2,2,17,0,17,0,1,1.96670041041216,0.0714285714285714,0.0562913907284768,0.146546830652791,,1
00-0038994,Jordan Addison,WR,WR,2026,2,REG,2026_02_MIN_CHI,MIN,CHI,0,0,0,0,0,0,0,0,,,0,0,0,0,,2,5,21,0,43,8,1,-0.603559652576223,0.263157894736842,0.273885350318471,0.586456587328193,,0.488372093023256
00-0038996,Tucker Kraft,TE,TE,2026,2,REG,2026_02_GB_NYJ,GB,NYJ,0,0,0,0,0,0,0,0,,,0,0,0,0,,2,3,15,0,10,12,0,-0.221275021438487,0.103448275862069,0.0462962962962963,0.187579821200511,,1.5
00-0038997,Josh Downs,WR,WR,2026,2,REG,2026_02_IND_KC,IND,KC,0,0,0,0,0,0,0,0,,,0,0,0,0,,7,9,72,0,73,22,6,8.18299789173761,0.3,0.450617283950617,0.765432098765432,,0.986301369863014
00-0039032,Tyjae Spears,RB,RB,2026,2,REG,2026_02_PHI_TEN,TEN,PHI,0,0,0,0,0,0,0,0,,,7,41,0,1,1.22764707834882,2,2,29,0,1,28,1,1.48782484786352,0.117647058823529,0.00714285714285714,0.181470588235294,,29
00-0039040,De'Von Achane,RB,RB,2026,2,REG,2026_02_MIA_SF,MIA,SF,0,0,0,0,0,0,0,0,,,20,74,0,2,-3.88305821351392,3,6,19,0,24,15,1,-0.697421925743308,0.260869565217391,0.142011834319527,0.490712631849756,,0.791666666666667
00-0039041,Elijah Higgins,TE,TE,2026,2,REG,2026_02_SEA_ARI,ARI,SEA,0,0,0,0,0,0,0,0,,,0,0,0,0,,0,0,0,0,0,0,0,,0,0,0,,
00-0039065,Sam LaPorta,TE,TE,2026,2,REG,2026_02_DET_BUF,DET,BUF,0,0,0,0,0,0,0,0,,,0,0,0,0,,6,7,52,1,23,38,4,5.68004742753692,0.184210526315789,0.0682492581602374,0.32409027018585,,2.26086956521739
00-0039066,Michael Mayer,TE,TE,2026,2,REG,2026_02_LV_LAC,LV,LAC,0,0,0,0,0,0,0,0,,,0,0,0,0,,3,4,23,0,18,17,1,1.25822292000521,0.137931034482759,0.0636042402826855,0.251419519922018,,1.27777777777778
00-0039067,Rashee Rice,WR,WR,2026,2,REG,2026_02_IND_KC,KC,IND,0,0,0,0,0,0,0,0,,,0,0,0,0,,4,6,83,0,45,51,3,1.33097723716924,0.13953488372093,0.17175572519084,0.329531333214983,,1.84444444444444
00-0039074,Davis Allen,TE,TE,2026,2,REG,2026_02_NYG_LA,LA,NYG,0,0,0,0,0,0,0,0,,,0,0,0,0,,1,1,7,0,2,5,1,1.21332770393929,0.0333333333333333,0.00604229607250755,0.0542296072507553,,3.5
00-0039139,Jahmyr Gibbs,RB,RB,2026,2,REG,2026_02_DET_BUF,DET,BUF,0,0,0,0,0,0,0,0,,,16,52,0,2,-2.52241259950717,6,8,61,1,34,28,5,6.00146745471284,0.210526315789474,0.100890207715134,0.386412619084804,,1.79411764705882
00-0039146,Jayden Reed,WR,WR,2026,2,REG,2026_02_GB_NYJ,GB,NYJ,0,0,0,0,0,0,0,0,,,0,0,0,0,,1,1,4,0,-5,9,0,-0.0983551582321525,0.0344827586206897,-0.0231481481481482,0.0355204342273308,,0
00-0039150,Bryce Young,QB,QB,2026,2,REG,2026_02_CAR_ATL,CAR,ATL,23,36,287,3,0,311,88,12,11.0700347998962,11.5891645196825,1,6,0,1,1.07953948574141,0,0,0,0,0,0,0,,0,0,0,0.922829581993569,
00-0039163,C.J. Stroud,QB,QB,2026,2,REG,2026_02_CIN_HOU,HOU,CIN,30,55,353,0,0,475,139,15,-6.35923937652331,-8.43130749464035,3,29,0,1,2.23739480413497,0,0,0,0,0,0,0,,0,0,0,0.743157894736842,
00-0039299,George Holani,RB,RB,2026,2,REG,2026_02_SEA_ARI,SEA,ARI,0,0,0,0,0,0,0,0,,,4,13,0,0,2.174646490952,1,1,2,0,-4,6,0,-0.404104145476595,0.0384615384615385,-0.0176211453744493,0.0453575059301932,,-0.5
00-0039337,Malik Nabers,WR,WR,2026,2,REG,2026_02_NYG_LA,NYG,LA,0,0,0,0,0,0,0,0,,,0,0,0,0,,1,4,1,0,77,4,0,-7.10667754523456,0.125,0.225806451612903,0.345564516129032,,0.012987012987013
00-0039342,Xavier Legette,WR,WR,2026,2,REG,2026_02_CAR_ATL,CAR,ATL,0,0,0,0,0,0,0,0,,,0,0,0,0,,2,4,64,0,77,10,1,3.07007559151589,0.125,0.247588424437299,0.360811897106109,,0.831168831168831
00-0039344,Jonathon Brooks,RB,RB,2026,2,REG,2026_02_CAR_ATL,CAR,ATL,0,0,0,0,0,0,0,0,,,5,16,0,0,-0.829961235518567,1,1,-5,0,-6,1,0,-1.4787289230735,0.03125,-0.0192926045016077,0.0333701768488746,,0.833333333333333
00-0039361,Bucky Irving,RB,RB,2026,2,REG,2026_02_CLE_TB,TB,CLE,0,0,0,0,0,0,0,0,,,17,89,0,3,-0.138937112234999,4,4,1,0,-22,23,0,-2.318469845457,0.121212121212121,-0.0522565320665083,0.145238609371626,,-0.0454545454545455
00-0039364,Sione Vaki,RB,RB,2026,2,REG,2026_02_DET_BUF,DET,BUF,0,0,0,0,0,0,0,0,,,1,7,0,0,0.509084439836443,1,1,13,0,1,12,0,0.563216327456757,0.0263157894736842,0.0029673590504451,0.0415508355458379,,13
00-0039365,Jacob Cowing,WR,WR,2026,2,REG,2026_02_MIA_SF,SF,MIA,0,0,0,0,0,0,0,0,,,0,0,0,0,,0,0,0,0,0,0,0,,0,0,0,,
00-0039384,Tyrone Tracy Jr.,RB,RB,2026,2,REG,2026_02_NYG_LA,NYG,LA,0,0,0,0,0,0,0,0,,,0,0,0,0,,0,0,0,0,0,0,0,,0,0,0,,
00-0039391,Kimani Vidal,RB,RB,2026,2,REG,2026_02_LV_LAC,LAC,LV,0,0,0,0,0,0,0,0,,,0,0,0,0,,0,0,0,0,0,0,0,,0,0,0,,
00-0039407,Dylan Laube,RB,RB,2026,2,REG,2026_02_LV_LAC,LV,LAC,0,0,0,0,0,0,0,0,,,0,0,0,0,,0,0,0,0,0,0,0,,0,0,0,,
00-0039410,Ryan Flournoy,WR,WR,2026,2,REG,2026_02_WAS_DAL,DAL,WAS,0,0,0,0,0,0,0,0,,,0,0,0,0,,5,6,23,0,8,16,2,0.195149514009245,0.193548387096774,0.0327868852459016,0.313273400317292,,2.875
00-0039424,Devaughn Vele,WR,WR,2026,2,REG,2026_02_NO_BAL,NO,BAL,0,0,0,0,0,0,0,0,,,0,0,0,0,,5,7,64,0,69,13,3,5.42739935894497,0.21875,0.323943661971831,0.554885563380282,,0.927536231884058
00-0039451,Isaiah Williams,WR,WR,2026,2,REG,2026_02_GB_NYJ,NYJ,GB,0,0,0,0,0,0,0,0,,,1,14,0,1,0.842949120677076,6,6,34,0,2,32,0,-0.0642621741571929,0.166666666666667,0.00796812749003984,0.255577689243028,,17
00-0039491,Jalen Coker,WR,WR,2026,2,REG,2026_02_CAR_ATL,CAR,ATL,0,0,0,0,0,0,0,0,,,0,0,0,0,,8,9,66,0,48,21,3,1.6981778909103,0.28125,0.154340836012862,0.529913585209003,,1.375
00-0039530,Brevyn Spann-Ford,TE,TE,2026,2,REG,2026_02_WAS_DAL,DAL,WAS,0,0,0,0,0,0,0,0,,,0,0,0,0,,0,0,0,0,0,0,0,,0,0,0,,
00-0039589,Kameron Johnson,WR,WR,2026,2,REG,2026_02_CLE_TB,TB,CLE,0,0,0,0,0,0,0,0,,,0,0,0,0,,0,0,0,0,0,0,0,,0,0,0,,
00-0039603,British Brooks,RB,RB,2026,2,REG,2026_02_CIN_HOU,HOU,CIN,0,0,0,0,0,0,0,0,,,0,0,0,0,,0,0,0,0,0,0,0,,0,0,0,,
00-0039686,Colson Yankoff,TE,TE,2026,2,REG,2026_02_WAS_DAL,WAS,DAL,0,0,0,0,0,0,0,0,,,0,0,0,0,,1,1,14,0,4,10,1,0.835508469026536,0.0294117647058824,0.011142061281337,0.0519170899557595,,3.5
00-0039732,Bo Nix,QB,QB,2026,2,REG,2026_02_JAX_DEN,DEN,JAX,22,31,288,1,1,268,97,13,8.43086637615208,11.4757875944006,5,6,0,2,-2.09934482583776,0,0,0,0,0,0,0,,0,0,0,1.07462686567164,
00-0039738,Blake Corum,RB,RB,2026,2,REG,2026_02_NYG_LA,LA,NYG,0,0,0,0,0,0,0,0,,,12,79,0,5,2.30068487708923,1,1,13,0,-6,19,1,1.28598926746054,0.0333333333333333,-0.0181268882175227,0.0373111782477341,,-2.16666666666667
00-0039739,Roman Wilson,WR,WR,2026,2,REG,2026_02_PIT_NE,PIT,NE,0,0,0,0,0,0,0,0,,,0,0,0,0,,5,6,28,0,21,22,3,0.369486310577486,0.162162162162162,0.0976744186046512,0.311615336266499,,1.33333333333333
00-0039746,Will Shipley,RB,RB,2026,2,REG,2026_02_PHI_TEN,PHI,TEN,0,0,0,0,0,0,0,0,,,7,24,0,1,-1.49889478209661,2,2,5,0,0,5,0,-1.27726040693233,0.0588235294117647,0,0.0882352941176471,,0
00-0039792,Devontez Walker,WR,WR,2026,2,REG,2026_02_NO_BAL,BAL,NO,0,0,0,0,0,0,0,0,,,0,0,0,0,,1,2,47,0,60,1,1,2.93449549120851,0.0689655172413793,0.186915887850467,0.234289397357396,,0.783333333333333
00-0039793,AJ Barner,TE,TE,2026,2,REG,2026_02_SEA_ARI,SEA,ARI,0,0,0,0,0,0,0,0,,,1,1,1,1,2.46090677328175,1,1,8,0,8,0,0,0.530166474170983,0.0384615384615385,0.0352422907488987,0.0823619112165368,,1
00-0039794,Braelon Allen,RB,RB,2026,2,REG,2026_02_GB_NYJ,NYJ,GB,0,0,0,0,0,0,0,0,,,5,7,1,2,-2.72481765545672,1,1,8,0,3,5,0,1.04064964322606,0.0277777777777778,0.0119521912350598,0.0500332005312085,,2.66666666666667
00-0039796,Rasheen Ali,RB,RB,2026,2,REG,2026_02_NO_BAL,BAL,NO,0,0,0,0,0,0,0,0,,,0,0,0,0,,0,0,0,0,0,0,0,,0,0,0,,
00-0039798,Isaiah Davis,RB,RB,2026,2,REG,2026_02_GB_NYJ,NYJ,GB,0,0,0,0,0,0,0,0,,,0,0,0,0,,0,0,0,0,0,0,0,,0,0,0,,
00-0039811,MarShawn Lloyd,RB,RB,2026,2,REG,2026_02_GB_NYJ,GB,NYJ,0,0,0,0,0,0,0,0,,,6,20,0,1,-5.2697881279164,2,2,6,1,-4,10,1,1.4928581250133,0.0689655172413793,-0.0185185185185185,0.090485312899106,,-1.5
00-0039814,Erick All,TE,TE,2026,2,REG,2026_02_CIN_HOU,CIN,HOU,0,0,0,0,0,0,0,0,,,0,0,0,0,,2,3,5,0,-1,5,0,-0.967733216355555,0.0967741935483871,-0.00578034682080925,0.141115047548014,,0
00-0039816,Anthony Gould,WR,WR,2026,2,REG,2026_02_IND_KC,IND,KC,0,0,0,0,0,0,0,0,,,0,0,0,0,,0,0,0,0,0,0,0,,0,0,0,,
00-0039847,Theo Johnson,TE,TE,2026,2,REG,2026_02_NYG_LA,NYG,LA,0,0,0,0,0,0,0,0,,,0,0,0,0,,0,4,0,0,55,0,0,-3.41785472305492,0.125,0.161290322580645,0.300403225806452,,0
00-0039849,Marvin Harrison Jr.,WR,WR,2026,2,REG,2026_02_SEA_ARI,ARI,SEA,0,0,0,0,0,0,0,0,,,0,0,0,0,,0,1,0,0,3,0,0,-0.2550798021839,0.0384615384615385,0.0275229357798165,0.0769583627381793,,0
00-0039851,Drake Maye,QB,QB,2026,2,REG,2026_02_PIT_NE,NE,PIT,14,22,208,0,1,196,69,6,-1.26341785136516,0.852363592102414,4,17,0,1,1.77928946260363,0,0,0,0,0,0,0,,0,0,0,1.06122448979592,
00-0039868,Troy Franklin,WR,WR,2026,2,REG,2026_02_JAX_DEN,DEN,JAX,0,0,0,0,0,0,0,0,,,0,0,0,0,,1,2,27,0,33,1,1,1.56929362966912,0.0689655172413793,0.123134328358209,0.189642305712815,,0.818181818181818
00-0039874,Jaylen Wright,RB,RB,2026,2,REG,2026_02_MIA_SF,MIA,SF,0,0,0,0,0,0,0,0,,,2,11,0,1,1.25694812345319,0,0,0,0,0,0,0,,0,0,0,,
00-0039875,Ray Davis,RB,RB,2026,2,REG,2026_02_DET_BUF,BUF,DET,0,0,0,0,0,0,0,0,,,0,0,0,0,,0,0,0,0,0,0,0,,0,0,0,,
00-0039880,Malik Washington,WR,WR,2026,2,REG,2026_02_MIA_SF,MIA,SF,0,0,0,0,0,0,0,0,,,1,4,0,0,0.0214466813486069,4,5,43,0,27,20,2,1.75435912254034,0.217391304347826,0.159763313609467,0.437921276048366,,1.59259259259259
00-0039890,Adonai Mitchell,WR,WR,2026,2,REG,2026_02_GB_NYJ,NYJ,GB,0,0,0,0,0,0,0,0,,,0,0,0,0,,6,12,63,0,178,25,5,5.5507979040267,0.333333333333333,0.709163346613546,0.996414342629482,,0.353932584269663
00-0039893,Brian Thomas Jr.,WR,WR,2026,2,REG,2026_02_JAX_DEN,JAX,DEN,0,0,0,0,0,0,0,0,,,0,0,0,0,,3,8,40,0,82,7,3,-1.19087304873392,0.285714285714286,0.271523178807947,0.618637653736991,,0.487804878048781
00-0039894,Xavier Worthy,WR,WR,2026,2,REG,2026_02_IND_KC,KC,IND,0,0,0,0,0,0,0,0,,,0,0,0,0,,5,7,25,1,40,19,2,0.446146015543491,0.162790697674419,0.152671755725191,0.351056275519262,,0.625
00-0039901,Keon Coleman,WR,WR,2026,2,REG,2026_02_DET_BUF,BUF,DET,0,0,0,0,0,0,0,0,,,0,0,0,0,,6,6,63,0,48,15,4,5.86813501321012,0.214285714285714,0.204255319148936,0.464407294832827,,1.3125
00-0039910,Jayden Daniels,QB,QB,2026,2,REG,2026_02_WAS_DAL,WAS,DAL,11,17,96,1,0,155,46,4,0.179363804171552,3.49460132420063,7,69,0,5,3.37357030587737,0,0,0,0,0,0,0,,0,0,0,0.619354838709677,
00-0039912,Ben Sinnott,TE,TE,2026,2,REG,2026_02_WAS_DAL,WAS,DAL,0,0,0,0,0,0,0,0,,,0,0,0,0,,1,1,6,0,4,2,0,0.327493563294411,0.0294117647058824,0.011142061281337,0.0519170899557595,,1.5
00-0039915,Ladd McConkey,WR,WR,2026,2,REG,2026_02_LV_LAC,LAC,LV,0,0,0,0,0,0,0,0,,,0,0,0,0,,3,3,35,0,34,1,2,5.14228158688638,0.115384615384615,0.12639405204461,0.26155275950815,,1.02941176470588
00-0039918,Caleb Williams,QB,QB,2026,2,REG,2026_02_MIN_CHI,CHI,MIN,15,26,138,0,1,118,120,5,-1.04788204640499,-5.57705721129542,5,42,0,3,2.9637913201285,0,0,0,0,0,0,0,,0,0,0,1.16949152542373,
00-0039919,Rome Odunze,WR,WR,2026,2,REG,2026_02_MIN_CHI,CHI,MIN,0,0,0,0,0,0,0,0,,,0,0,0,0,,3,4,43,0,47,2,2,1.55297601834172,0.133333333333333,0.248677248677249,0.374074074074074,,0.914893617021277
00-0039920,Malachi Corley,WR,WR,2026,2,REG,2026_02_CLE_TB,CLE,TB,0,0,0,0,0,0,0,0,,,0,0,0,0,,0,0,0,0,0,0,0,,0,0,0,,
00-0040024,Darius Cooper,WR,WR,2026,2,REG,2026_02_PHI_TEN,PHI,TEN,0,0,0,0,0,0,0,0,,,0,0,0,0,,2,3,26,1,25,18,2,3.19774804764893,0.0882352941176471,0.0856164383561644,0.192284448025786,,1.04
00-0040075,LaJohntay Wester,WR,WR,2026,2,REG,2026_02_NO_BAL,BAL,NO,0,0,0,0,0,0,0,0,,,0,0,0,0,,1,2,14,0,10,19,1,0.0697465799748898,0.0689655172413793,0.0311526479750779,0.125255129444623,,1.4
00-0040078,Brashard Smith,RB,RB,2026,2,REG,2026_02_IND_KC,KC,IND,0,0,0,0,0,0,0,0,,,0,0,0,0,,0,0,0,0,0,0,0,,0,0,0,,
00-0040122,Ashton Jeanty,RB,RB,2026,2,REG,2026_02_LV_LAC,LV,LAC,0,0,0,0,0,0,0,0,,,21,48,0,1,-12.2465548617662,4,7,15,0,2,25,0,-4.52646994398674,0.241379310344828,0.00706713780918728,0.367015961983673,,7.5
00-0040124,Tetairoa McMillan,WR,WR,2026,2,REG,2026_02_CAR_ATL,CAR,ATL,0,0,0,0,0,0,0,0,,,0,0,0,0,,5,10,101,0,132,16,4,3.58151851549688,0.3125,0.42443729903537,0.765856109324759,,0.765151515151515
00-0040126,Colston Loveland,TE,TE,2026,2,REG,2026_02_MIN_CHI,CHI,MIN,0,0,0,0,0,0,0,0,,,0,0,0,0,,1,3,3,0,13,-1,0,-1.51002908332157,0.1,0.0687830687830688,0.198148148148148,,0.230769230769231
00-0040128,Tyler Warren,TE,TE,2026,2,REG,2026_02_IND_KC,IND,KC,0,0,0,0,0,0,0,0,,,1,3,0,1,0.67952828318812,6,7,21,1,-13,35,1,-0.0624571716762148,0.233333333333333,-0.0802469135802469,0.293827160493827,,0
00-0040129,Emeka Egbuka,WR,WR,2026,2,REG,2026_02_CLE_TB,TB,CLE,0,0,0,0,0,0,0,0,,,1,-3,0,0,-1.62271137186326,3,5,16,1,75,0,1,-1.72427658253582,0.151515151515152,0.178147268408551,0.351975815158713,,0.213333333333333
00-0040131,Kyle Williams,WR,WR,2026,2,REG,2026_02_PIT_NE,NE,PIT,0,0,0,0,0,0,0,0,,,0,0,0,0,,1,2,10,0,23,1,1,0.965879045426846,0.0952380952380952,0.11734693877551,0.225,,0.434782608695652
00-0040134,Pat Bryant,WR,WR,2026,2,REG,2026_02_JAX_DEN,DEN,JAX,0,0,0,0,0,0,0,0,,,1,16,0,1,0.991467546555214,0,1,0,0,5,0,0,-1.42391652241349,0.0344827586206897,0.0186567164179104,0.0647838394235718,,0
00-0040138,Jaylin Noel,WR,WR,2026,2,REG,2026_02_CIN_HOU,HOU,CIN,0,0,0,0,0,0,0,0,,,1,13,0,1,1.12176272831857,1,5,31,0,39,0,1,-0.167162879370153,0.1,0.0821052631578947,0.207473684210526,,0.794871794871795
00-0040142,Kaleb Johnson,RB,RB,2026,2,REG,2026_02_GB_NYJ,GB,NYJ,0,0,0,0,0,0,0,0,,,8,32,0,3,-1.63785884046229,0,0,0,0,0,0,0,,0,0,0,,
00-0040164,Jaylin Lane,WR,WR,2026,2,REG,2026_02_WAS_DAL,WAS,DAL,0,0,0,0,0,0,0,0,,,0,0,0,0,,0,0,0,0,0,0,0,,0,0,0,,
00-0040170,Elic Ayomanor,WR,WR,2026,2,REG,2026_02_PHI_TEN,TEN,PHI,0,0,0,0,0,0,0,0,,,0,0,0,0,,2,3,69,0,33,41,2,3.77939836541191,0.176470588235294,0.235714285714286,0.429705882352941,,2.09090909090909
00-0040177,Jordan James,RB,RB,2026,2,REG,2026_02_MIA_SF,SF,MIA,0,0,0,0,0,0,0,0,,,4,15,0,1,-2.14314701629337,0,0,0,0,0,0,0,,0,0,0,,
00-0040187,Mitchell Evans,TE,TE,2026,2,REG,2026_02_CAR_ATL,CAR,ATL,0,0,0,0,0,0,0,0,,,0,0,0,0,,1,1,13,0,-1,14,0,0.0207993627991527,0.03125,-0.00321543408360129,0.0446241961414791,,0
00-0040189,Oronde Gadsden II,TE,TE,2026,2,REG,2026_02_LV_LAC,LAC,LV,0,0,0,0,0,0,0,0,,,0,0,0,0,,2,2,18,1,18,0,1,2.01429672772065,0.0769230769230769,0.0669144981412639,0.1622247640835,,1
00-0040198,Ollie Gordon II,RB,RB,2026,2,REG,2026_02_MIA_SF,MIA,SF,0,0,0,0,0,0,0,0,,,3,7,0,0,-0.511095525347628,0,0,0,0,0,0,0,,0,0,0,,
00-0040236,Kyle Monangai,RB,RB,2026,2,REG,2026_02_MIN_CHI,CHI,MIN,0,0,0,0,0,0,0,0,,,10,47,0,3,0.950942615862004,2,2,11,0,1,10,0,-0.678499951667618,0.0666666666666667,0.00529100529100529,0.103703703703704,,11
00-0040237,Tez Johnson,WR,WR,2026,2,REG,2026_02_CLE_TB,TB,CLE,0,0,0,0,0,0,0,0,,,0,0,0,0,,1,4,49,0,152,6,1,0.97564354603011,0.121212121212121,0.36104513064133,0.434549773267113,,0.322368421052632
00-0040238,LeQuint Allen Jr.,RB,RB,2026,2,REG,2026_02_JAX_DEN,JAX,DEN,0,0,0,0,0,0,0,0,,,0,0,0,0,,0,1,0,0,4,0,0,-1.33137250563967,0.0357142857142857,0.0132450331125828,0.0628429517502365,,0
00-0040242,Jacory Croskey-Merritt,RB,RB,2026,2,REG,2026_02_WAS_DAL,WAS,DAL,0,0,0,0,0,0,0,0,,,12,43,0,0,-1.38672599726124,1,1,5,0,-1,6,0,-0.028810620540753,0.0294117647058824,-0.00278551532033426,0.0421677863345895,,-5
00-0040363,Keleki Latu,TE,TE,2026,2,REG,2026_02_DET_BUF,BUF,DET,0,0,0,0,0,0,0,0,,,0,0,0,0,,0,0,0,0,0,0,0,,0,0,0,,
00-0040466,Raheim Sanders,RB,RB,2026,2,REG,2026_02_CLE_TB,CLE,TB,0,0,0,0,0,0,0,0,,,2,4,0,0,-0.979457563720644,1,1,7,0,-4,11,0,0.183977598673664,0.0333333333333333,-0.037037037037037,0.0240740740740741,,-1.75
00-0040506,Myles Price,WR,WR,2026,2,REG,2026_02_MIN_CHI,MIN,CHI,0,0,0,0,0,0,0,0,,,0,0,0,0,,0,1,0,0,2,0,0,-0.208184669609182,0.0526315789473684,0.0127388535031847,0.0878645658732819,,0
00-0040556,Corey Kiner,RB,RB,2026,2,REG,2026_02_PIT_NE,NE,PIT,0,0,0,0,0,0,0,0,,,2,0,0,0,-0.271798979025334,0,0,0,0,0,0,0,,0,0,0,,
00-0040563,Efton Chism III,WR,WR,2026,2,REG,2026_02_PIT_NE,NE,PIT,0,0,0,0,0,0,0,0,,,0,0,0,0,,1,1,-2,0,-2,0,0,-2.37572271311738,0.0476190476190476,-0.0102040816326531,0.0642857142857143,,0
00-0040582,Arian Smith,WR,WR,2026,2,REG,2026_02_GB_NYJ,NYJ,GB,0,0,0,0,0,0,0,0,,,0,0,0,0,,0,0,0,0,0,0,0,,0,0,0,,
00-0040583,Woody Marks,RB,RB,2026,2,REG,2026_02_CIN_HOU,HOU,CIN,0,0,0,0,0,0,0,0,,,8,8,0,1,-6.65472908533315,5,6,27,0,11,20,1,-0.146359348320402,0.12,0.0231578947368421,0.196210526315789,,2.45454545454545
00-0040584,Gunnar Helm,TE,TE,2026,2,REG,2026_02_PHI_TEN,TEN,PHI,0,0,0,0,0,0,0,0,,,0,0,0,0,,2,2,13,0,-1,14,0,-0.0235805520205759,0.117647058823529,-0.00714285714285714,0.171470588235294,,0
00-0040590,Konata Mumpfield,WR,WR,2026,2,REG,2026_02_NYG_LA,LA,NYG,0,0,0,0,0,0,0,0,,,0,0,0,0,,1,2,12,0,23,8,1,-0.384115369757637,0.0666666666666667,0.0694864048338369,0.148640483383686,,0.521739130434783
00-0040646,Jalen Royals,WR,WR,2026,2,REG,2026_02_IND_KC,KC,IND,0,0,0,0,0,0,0,0,,,0,0,0,0,,2,2,6,1,1,5,2,2.56288306869101,0.0465116279069768,0.00381679389312977,0.072439197585656,,6
00-0040663,Harold Fannin Jr.,TE,TE,2026,2,REG,2026_02_CLE_TB,CLE,TB,0,0,0,0,0,0,0,0,,,0,0,0,0,,5,6,54,0,24,34,3,2.14661248965422,0.2,0.222222222222222,0.455555555555556,,2.25
00-0040666,Omarion Hampton,RB,RB,2026,2,REG,2026_02_LV_LAC,LAC,LV,0,0,0,0,0,0,0,0,,,23,94,1,6,-11.0084445039392,2,2,21,0,-8,29,1,0.979474595515057,0.0769230769230769,-0.0297397769516729,0.0945667715184444,,-2.625
00-0040667,Matthew Golden,WR,WR,2026,2,REG,2026_02_GB_NYJ,GB,NYJ,0,0,0,0,0,0,0,0,,,0,0,0,0,,4,6,58,0,80,32,4,1.29303065626235,0.206896551724138,0.37037037037037,0.569604086845466,,0.725
00-0040669,Isaac TeSlaa,WR,WR,2026,2,REG,2026_02_DET_BUF,DET,BUF,0,0,0,0,0,0,0,0,,,0,0,0,0,,2,5,26,0,81,4,1,1.80134439014364,0.131578947368421,0.240356083086053,0.365617679212869,,0.320987654320988
00-0040676,Cam Ward,QB,QB,2026,2,REG,2026_02_PHI_TEN,TEN,PHI,13,20,183,0,0,140,104,7,-0.0977145342912991,6.54484454323264,4,7,2,3,4.09406330721686,0,0,0,0,0,0,0,,0,0,0,1.30714285714286,
00-0040691,Jaxson Dart,QB,QB,2026,2,REG,2026_02_NYG_LA,NYG,LA,3,5,20,0,0,47,2,2,-1.11578912171535,-5.34137725830078,0,0,0,0,,0,0,0,0,0,0,0,,0,0,0,0.425531914893617,
00-0040705,Chimere Dike,WR,WR,2026,2,REG,2026_02_PHI_TEN,TEN,PHI,0,0,0,0,0,0,0,0,,,0,0,0,0,,0,0,0,0,0,0,0,,0,0,0,,
00-0040715,Cam Skattebo,RB,RB,2026,2,REG,2026_02_NYG_LA,NYG,LA,0,0,0,0,0,0,0,0,,,12,36,0,1,-2.18799493851839,4,4,19,0,-4,23,1,-1.77020948461723,0.125,-0.0117302052785924,0.179288856304985,,-4.75
00-0040719,Bhayshul Tuten,RB,RB,2026,2,REG,2026_02_JAX_DEN,JAX,DEN,0,0,0,0,0,0,0,0,,,13,65,1,4,1.20036442976561,2,2,-3,0,-8,5,0,-1.9394659648533,0.0714285714285714,-0.0264900662251656,0.0885998107852413,,0.375
00-0040727,Tre Harris,WR,WR,2026,2,REG,2026_02_LV_LAC,LAC,LV,0,0,0,0,0,0,0,0,,,0,0,0,0,,1,3,53,0,56,33,1,3.86769987782463,0.115384615384615,0.20817843866171,0.31880183014012,,0.946428571428571
00-0040729,Jack Bech,WR,WR,2026,2,REG,2026_02_LV_LAC,LV,LAC,0,0,0,0,0,0,0,0,,,0,0,0,0,,2,2,25,0,18,7,1,1.51895602769218,0.0689655172413793,0.0636042402826855,0.147971244059949,,1.38888888888889
00-0040734,TreVeyon Henderson,RB,RB,2026,2,REG,2026_02_PIT_NE,NE,PIT,0,0,0,0,0,0,0,0,,,16,76,1,3,-1.59804351010825,0,0,0,0,0,0,0,,0,0,0,,
00-0040735,Luther Burden III,WR,WR,2026,2,REG,2026_02_MIN_CHI,CHI,MIN,0,0,0,0,0,0,0,0,,,0,0,0,0,,3,7,32,0,87,5,1,-3.59284738701535,0.233333333333333,0.46031746031746,0.672222222222222,,0.367816091954023
00-0040737,Terrance Ferguson,TE,TE,2026,2,REG,2026_02_NYG_LA,LA,NYG,0,0,0,0,0,0,0,0,,,0,0,0,0,,6,9,54,1,54,24,2,1.78823560447199,0.3,0.163141993957704,0.564199395770393,,1
00-0040739,Elijah Arroyo,TE,TE,2026,2,REG,2026_02_SEA_ARI,SEA,ARI,0,0,0,0,0,0,0,0,,,0,0,0,0,,1,1,17,0,14,3,1,1.36316828615963,0.0384615384615385,0.0616740088105727,0.100864113859709,,1.21428571428571
00-0040743,Tyler Shough,QB,QB,2026,2,REG,2026_02_NO_BAL,NO,BAL,27,34,252,1,0,213,115,11,10.9289833450863,14.0510380268097,9,23,1,3,1.65955904062112,0,0,0,0,0,0,0,,0,0,0,1.1830985915493,
00-0040782,Isaiah Bond,WR,WR,2026,2,REG,2026_02_CLE_TB,CLE,TB,0,0,0,0,0,0,0,0,,,0,0,0,0,,1,1,10,0,7,3,1,0.716024308232591,0.0333333333333333,0.0648148148148148,0.0953703703703704,,1.42857142857143
00-0040784,Quinshon Judkins,RB,RB,2026,2,REG,2026_02_CLE_TB,CLE,TB,0,0,0,0,0,0,0,0,,,12,21,0,1,-8.32149213051889,5,5,27,0,-8,35,1,1.11786701413803,0.166666666666667,-0.0740740740740741,0.198148148148148,,-3.375
00-0040785,Dohnte Meyers,WR,WR,2026,2,REG,2026_02_CIN_HOU,CIN,HOU,0,0,0,0,0,0,0,0,,,0,0,0,0,,0,1,0,0,-4,0,0,-0.80325392074883,0.032258064516129,-0.023121387283237,0.0322021256759277,,0
00-0040867,Makai Lemon,WR,WR,2026,2,REG,2026_02_PHI_TEN,PHI,TEN,0,0,0,0,0,0,0,0,,,1,-5,0,0,-1.32893741689622,1,1,14,0,13,1,1,2.49466600152664,0.0294117647058824,0.0445205479452055,0.0752820306204674,,1.07692307692308
00-0040878,Mike Washington Jr.,RB,RB,2026,2,REG,2026_02_LV_LAC,LV,LAC,0,0,0,0,0,0,0,0,,,3,7,0,0,-1.43887083855225,0,1,0,0,10,0,0,-0.539872482419014,0.0344827586206897,0.0353356890459364,0.07645912026319,,0
00-0040886,Nicholas Singleton,RB,RB,2026,2,REG,2026_02_PHI_TEN,TEN,PHI,0,0,0,0,0,0,0,0,,,4,10,0,0,-1.22702336043585,0,0,0,0,0,0,0,,0,0,0,,
00-0040894,Malik Benson,WR,WR,2026,2,REG,2026_02_LV_LAC,LV,LAC,0,0,0,0,0,0,0,0,,,0,0,0,0,,0,1,0,0,27,0,0,-1.73706076061353,0.0344827586206897,0.0954063604240283,0.118508590227854,,0
00-0040948,J. Michael Sturdivant,WR,WR,2026,2,REG,2026_02_GB_NYJ,GB,NYJ,0,0,0,0,0,0,0,0,,,0,0,0,0,,0,0,0,0,0,0,0,,0,0,0,,
00-0041013,Emmett Johnson,RB,RB,2026,2,REG,2026_02_IND_KC,KC,IND,0,0,0,0,0,0,0,0,,,2,15,0,1,0.875801516696811,2,2,20,0,-4,24,1,0.778652964392677,0.0465116279069768,-0.0152671755725191,0.0590804189597018,,-5
00-0041027,Jeremiyah Love,RB,RB,2026,2,REG,2026_02_SEA_ARI,ARI,SEA,0,0,0,0,0,0,0,0,,,9,29,0,1,-2.52027224213816,3,3,16,0,0,16,0,0.125897116726264,0.115384615384615,0,0.173076923076923,,0
00-0041032,Kenyon Sadiq,TE,TE,2026,2,REG,2026_02_GB_NYJ,NYJ,GB,0,0,0,0,0,0,0,0,,,0,0,0,0,,2,3,17,0,8,16,0,-0.51331116235815,0.0833333333333333,0.0318725099601594,0.147310756972112,,2.125
00-0041037,Denzel Boston,WR,WR,2026,2,REG,2026_02_CLE_TB,CLE,TB,0,0,0,0,0,0,0,0,,,0,0,0,0,,5,7,95,1,60,50,3,6.99395908871656,0.233333333333333,0.555555555555556,0.738888888888889,,1.58333333333333
00-0041040,Antonio Williams,WR,WR,2026,2,REG,2026_02_WAS_DAL,WAS,DAL,0,1,0,0,0,23,0,0,-0.581719929818064,-30.8303147554398,0,0,0,0,,3,3,24,0,16,8,1,1.66176331421593,0.0882352941176471,0.0445682451253482,0.163550712764214,0,1.5
00-0041041,Oscar Delp,TE,TE,2026,2,REG,2026_02_NO_BAL,NO,BAL,0,0,0,0,0,0,0,0,,,0,0,0,0,,1,1,8,0,7,1,0,0.639764283318073,0.03125,0.0328638497652582,0.0698796948356808,,1.14285714285714
00-0041042,Malachi Fields,WR,WR,2026,2,REG,2026_02_NYG_LA,NYG,LA,0,0,0,0,0,0,0,0,,,0,0,0,0,,2,6,30,0,131,6,2,-5.12694226042368,0.1875,0.3841642228739,0.55016495601173,,0.229007633587786
00-0041044,Zachariah Branch,WR,WR,2026,2,REG,2026_02_CAR_ATL,ATL,CAR,0,0,0,0,0,0,0,0,,,0,0,0,0,,2,2,14,0,-7,21,1,0.516296314192005,0.0645161290322581,-0.0440251572327044,0.065956583485494,,0
00-0041048,Ted Hurst III,WR,WR,2026,2,REG,2026_02_CLE_TB,TB,CLE,0,0,0,0,0,0,0,0,,,0,0,0,0,,2,7,27,0,145,2,1,-6.44278152041161,0.212121212121212,0.344418052256532,0.559274454761391,,0.186206896551724
00-0041051,Zavion Thomas,WR,WR,2026,2,REG,2026_02_MIN_CHI,CHI,MIN,0,0,0,0,0,0,0,0,,,0,0,0,0,,0,0,0,0,0,0,0,,0,0,0,,
00-0041052,Kaelon Black,RB,RB,2026,2,REG,2026_02_MIA_SF,SF,MIA,0,0,0,0,0,0,0,0,,,7,25,0,0,-1.97878664691234,0,0,0,0,0,0,0,,0,0,0,,
00-0041067,Bryce Lance,WR,WR,2026,2,REG,2026_02_NO_BAL,NO,BAL,0,0,0,0,0,0,0,0,,,0,0,0,0,,1,1,8,0,8,0,0,0.490383297903463,0.03125,0.0375586854460094,0.0731660798122066,,1
00-0041069,Colbie Young,WR,WR,2026,2,REG,2026_02_CIN_HOU,CIN,HOU,0,0,0,0,0,0,0,0,,,0,0,0,0,,1,1,7,0,6,1,0,-0.205102376174182,0.032258064516129,0.0346820809248555,0.0726645534215924,,1.16666666666667
00-0041096,Kaytron Allen,RB,RB,2026,2,REG,2026_02_WAS_DAL,WAS,DAL,0,0,0,0,0,0,0,0,,,5,24,0,1,-2.09201254358049,0,0,0,0,0,0,0,,0,0,0,,
00-0041099,Barion Brown,WR,WR,2026,2,REG,2026_02_NO_BAL,NO,BAL,0,0,0,0,0,0,0,0,,,0,0,0,0,,0,0,0,0,0,0,0,,0,0,0,,
00-0041100,Josh Cameron,WR,WR,2026,2,REG,2026_02_JAX_DEN,JAX,DEN,0,0,0,0,0,0,0,0,,,0,0,0,0,,0,0,0,0,0,0,0,,0,0,0,,
00-0041104,Demond Claiborne,RB,RB,2026,2,REG,2026_02_MIN_CHI,MIN,CHI,0,0,0,0,0,0,0,0,,,0,0,0,0,,1,1,2,0,-7,9,0,-0.732057184187663,0.0526315789473684,-0.0445859872611465,0.0477371773382501,,-0.285714285714286
00-0041125,Seth McGowan,RB,RB,2026,2,REG,2026_02_IND_KC,IND,KC,0,0,0,0,0,0,0,0,,,2,0,0,0,-1.22791252261959,0,0,0,0,0,0,0,,0,0,0,,
00-0041132,Deion Burks,WR,WR,2026,2,REG,2026_02_IND_KC,IND,KC,0,0,0,0,0,0,0,0,,,2,14,0,1,0.5151224557776,0,0,0,0,0,0,0,,0,0,0,,
00-0041194,Jack Strand,QB,QB,2026,2,REG,2026_02_CAR_ATL,ATL,CAR,8,15,59,0,1,53,52,4,-12.8596125824843,-21.3180882590158,2,16,0,2,1.47944146418013,0,0,0,0,0,0,0,,0,0,0,1.11320754716981,
00-0041326,CJ Donaldson,RB,RB,2026,2,REG,2026_02_NO_BAL,NO,BAL,0,0,0,0,0,0,0,0,,,1,2,0,1,0.358617695514113,0,0,0,0,0,0,0,,0,0,0,,
00-0041395,Eli Raridon,TE,TE,2026,2,REG,2026_02_PIT_NE,NE,PIT,0,0,0,0,0,0,0,0,,,0,0,0,0,,1,1,30,0,25,5,1,2.17241139156977,0.0476190476190476,0.127551020408163,0.160714285714286,,1.2
00-0041397,Kaden Wetjen,WR,WR,2026,2,REG,2026_02_PIT_NE,PIT,NE,0,0,0,0,0,0,0,0,,,0,0,0,0,,0,0,0,0,0,0,0,,0,0,0,,
00-0041436,DJ Herman,RB,RB,2026,2,REG,2026_02_MIA_SF,MIA,SF,0,0,0,0,0,0,0,0,,,0,0,0,0,,1,3,18,0,36,11,1,0.396491175284609,0.130434782608696,0.21301775147929,0.344764599948546,,0.5
00-0041438,Carnell Tate,WR,WR,2026,2,REG,2026_02_PHI_TEN,TEN,PHI,0,0,0,0,0,0,0,0,,,0,0,0,0,,3,5,27,0,50,2,1,-3.54700663115364,0.294117647058824,0.357142857142857,0.691176470588235,,0.54
00-0041489,Germie Bernard,WR,WR,2026,2,REG,2026_02_PIT_NE,PIT,NE,0,0,0,0,0,0,0,0,,,0,0,0,0,,4,8,35,0,70,12,2,-3.67718774394598,0.216216216216216,0.325581395348837,0.55223130106851,,0.5
00-0041490,Eli Heidenreich,RB,RB,2026,2,REG,2026_02_PIT_NE,PIT,NE,0,0,0,0,0,0,0,0,,,0,0,0,0,,0,0,0,0,0,0,0,,0,0,0,,
00-0041496,Jonah Coleman,RB,RB,2026,2,REG,2026_02_JAX_DEN,DEN,JAX,0,0,0,0,0,0,0,0,,,10,39,1,3,-0.207429695816245,3,3,19,0,0,19,0,0.298004283104092,0.103448275862069,0,0.155172413793103,,0
00-0041512,Jadarian Price,RB,RB,2026,2,REG,2026_02_SEA_ARI,SEA,ARI,0,0,0,0,0,0,0,0,,,13,52,0,2,-7.47152426201501,1,2,8,0,16,16,1,0.5060431441525,0.0769230769230769,0.0704845814977974,0.164723822433074,,0.5
00-0041523,Caleb Douglas,WR,WR,2026,2,REG,2026_02_MIA_SF,MIA,SF,0,0,0,0,0,0,0,0,,,0,0,0,0,,2,3,19,0,17,6,2,1.93095073004952,0.130434782608696,0.100591715976331,0.266066375096475,,1.11764705882353
00-0041524,Will Kacmarek,TE,TE,2026,2,REG,2026_02_MIA_SF,MIA,SF,0,0,0,0,0,0,0,0,,,0,0,0,0,,1,1,4,0,2,2,0,-0.727405899669975,0.0434782608695652,0.0118343195266272,0.0735014149729869,,2
00-0041525,Chris Bell,WR,WR,2026,2,REG,2026_02_MIA_SF,MIA,SF,0,0,0,0,0,0,0,0,,,0,0,0,0,,0,1,0,0,12,0,0,-0.966528246644884,0.0434782608695652,0.0710059171597633,0.114921533316182,,0
00-0041547,KC Concepcion,WR,WR,2026,2,REG,2026_02_CLE_TB,CLE,TB,0,0,0,0,0,0,0,0,,,1,-6,0,0,-1.91949546919204,6,6,28,0,12,16,1,0.219507898436859,0.2,0.111111111111111,0.377777777777778,,2.33333333333333
00-0041550,Brenen Thompson,WR,WR,2026,2,REG,2026_02_LV_LAC,LAC,LV,0,0,0,0,0,0,0,0,,,0,0,0,0,,1,3,13,0,44,0,1,-0.852491495888696,0.115384615384615,0.163568773234201,0.287575064340864,,0.295454545454545
00-0041558,Sam Roush,TE,TE,2026,2,REG,2026_02_MIN_CHI,CHI,MIN,0,0,0,0,0,0,0,0,,,0,0,0,0,,1,3,9,0,16,12,0,-0.180108816421125,0.1,0.0846560846560847,0.209259259259259,,0.5625
